,team_name,opponent_name,conference,home,away,neutral,offensive_efficiency,adjusted_offensive_efficiency
0,Mount St. Mary's Mountaineers,Arizona Wildcats,NEC,0,1,0,0.82696,1.0471651880188177
1,Arizona Wildcats,Mount St. Mary's Mountaineers,Pac-12,1,0,0,1.23106,1.1443660671381048
2,Northern Kentucky Norse,Wisconsin Badgers,ASUN,0,1,0,0.54547,0.7086297442725693
3,Wisconsin Badgers,Northern Kentucky Norse,Big Ten,1,0,0,1.11736,0.9018452362308025
4,North Carolina Central Eagles,North Carolina Tar Heels,MEAC,0,1,0,0.87096,1.0553943620503883
5,North Carolina Tar Heels,North Carolina Central Eagles,ACC,1,0,0,1.09649,1.0055860088258275
6,UC Santa Barbara Gauchos,Kansas Jayhawks,Big West,0,1,0,0.87597,1.0061504223943125
7,Kansas Jayhawks,UC Santa Barbara Gauchos,Big 12,1,0,0,1.02561,0.9217665292365398
8,Virginia Cavaliers,James Madison Dukes,ACC,0,1,0,1.24233,1.1205946490674046
9,James Madison Dukes,Virginia Cavaliers,CAA,1,0,0,0.79386,0.9680781289863782
10,New Mexico State Aggies,Wichita State Shockers,WAC,0,1,0,0.8702,1.088742128185728
11,Wichita State Shockers,New Mexico State Aggies,MVC,1,0,0,1.1032,1.1110035491005106
12,Lehigh Mountain Hawks,Villanova Wildcats,Patriot,0,0,1,0.92406,1.0970292264350174
13,Villanova Wildcats,Lehigh Mountain Hawks,Big East,0,0,1,1.12085,1.051973625813312
14,Sacramento State Hornets,Gonzaga Bulldogs,Big Sky,0,1,0,0.76671,0.8935855158779207
15,Gonzaga Bulldogs,Sacramento State Hornets,WCC,1,0,0,1.40547,1.2265451714353095
16,Bryant Bulldogs,UConn Huskies,NEC,0,1,0,0.84572,0.9599027567914398
17,UConn Huskies,Bryant Bulldogs,American,1,0,0,1.07691,0.9528137236595652
18,UMass Lowell River Hawks,Ohio State Buckeyes,AM. EAST,0,1,0,0.87763,1.0683547614431355
19,Ohio State Buckeyes,UMass Lowell River Hawks,Big Ten,1,0,0,1.48349,1.319942066422547
20,Lamar Cardinals,SMU Mustangs,Southland,0,1,0,0.93439,1.0498730100281466
21,SMU Mustangs,Lamar Cardinals,American,1,0,0,1.49314,1.3996072159713155
22,Ball State Cardinals,Utah Utes,MAC,0,1,0,1.1241,1.235350003379039
23,Utah Utes,Ball State Cardinals,Pac-12,1,0,0,1.38683,1.2591702029867249
24,Texas Southern Tigers,Eastern Washington Eagles,SWAC,0,1,0,0.92739,0.9820175440621889
25,Eastern Washington Eagles,Texas Southern Tigers,Big Sky,1,0,0,1.25116,1.1484625526449237
26,The Citadel Bulldogs,VMI Keydets,Southern,0,0,1,1.15386,1.0612391839746333
27,VMI Keydets,The Citadel Bulldogs,Southern,0,0,1,1.1315,0.9058725109228121
28,Central Connecticut Blue Devils,Fairfield Stags,NEC,0,0,1,1.03249,1.0763183450430567
29,Fairfield Stags,Central Connecticut Blue Devils,MAAC,0,0,1,1.15995,1.0689031188441132
30,Yale Bulldogs,Quinnipiac Bobcats,Ivy,0,1,0,1.11908,1.138063611864056
31,Quinnipiac Bobcats,Yale Bulldogs,MAAC,1,0,0,1.20297,1.2599812173408973
32,Presbyterian Blue Hose,Duke Blue Devils,Big South,0,1,0,0.69613,0.8434161699719395
33,Duke Blue Devils,Presbyterian Blue Hose,ACC,1,0,0,1.72999,1.4742575295814975
34,William & Mary Tribe,Florida Gators,CAA,0,1,0,0.71066,0.8551713167674122
35,Florida Gators,William & Mary Tribe,SEC,1,0,0,1.11373,0.9707216964902157
36,Western Carolina Catamounts,Mississippi State Bulldogs,Southern,0,0,1,0.96578,0.9810752047931385
37,Mississippi State Bulldogs,Western Carolina Catamounts,SEC,0,0,1,1.15975,1.0470291899278403
38,Tennessee Volunteers,VCU Rams,SEC,0,0,1,0.96451,0.974003519726476
39,VCU Rams,Tennessee Volunteers,A-10,0,0,1,1.18689,1.1992090912425437
40,Boise State Broncos,San Diego Toreros,Mountain West,0,0,1,1.18239,1.2433608813166537
41,San Diego Toreros,Boise State Broncos,WCC,0,0,1,1.07967,1.0931035861532215
42,Savannah State Tigers,Eastern Kentucky Colonels,MEAC,0,1,0,0.74808,0.8619915804634665
43,Eastern Kentucky Colonels,Savannah State Tigers,OVC,1,0,0,1.08447,1.0364062313771365
44,Belmont Bruins,Wright State Raiders,OVC,0,1,0,1.00658,1.0067807604803156
45,Wright State Raiders,Belmont Bruins,Horizon,1,0,0,1.04053,0.9708899044310347
46,Morgan State Bears,Penn State Nittany Lions,MEAC,0,0,1,0.80283,0.9816044776531462
47,Penn State Nittany Lions,Morgan State Bears,Big Ten,0,0,1,0.99098,0.8240058697725696
48,Mississippi Valley State Delta Devils,Indiana Hoosiers,SWAC,0,1,0,0.84382,0.9421123790319228
49,Indiana Hoosiers,Mississippi Valley State Delta Devils,Big Ten,1,0,0,1.52413,1.2434972115560565
50,Jacksonville State Gamecocks,Marshall Thundering Herd,OVC,0,1,0,0.85154,0.8541890316794142
51,Marshall Thundering Herd,Jacksonville State Gamecocks,CUSA,1,0,0,1.14776,1.050422086148159
52,Columbia Lions,Stony Brook Seawolves,Ivy,0,1,0,1.01063,1.0451609773650956
53,Stony Brook Seawolves,Columbia Lions,AM. EAST,1,0,0,1.0373,1.0421278164798529
54,Fairleigh Dickinson Knights,Saint Joseph's Hawks,NEC,0,1,0,1.04672,1.1417676062060278
55,Saint Joseph's Hawks,Fairleigh Dickinson Knights,A-10,1,0,0,1.00363,0.8707830544068258
56,Alabama A&M Bulldogs,Dayton Flyers,SWAC,0,1,0,0.87478,1.0731420636666698
57,Dayton Flyers,Alabama A&M Bulldogs,A-10,1,0,0,1.28184,1.1045898979288964
58,Grambling Tigers,George Washington Revolutionaries,SWAC,0,1,0,0.62152,0.8110825117483407
59,George Washington Revolutionaries,Grambling Tigers,A-10,1,0,0,1.41849,1.1980583550620043
60,Samford Bulldogs,Purdue Boilermakers,Southern,0,1,0,0.5966,0.640901996932567
61,Purdue Boilermakers,Samford Bulldogs,Big Ten,1,0,0,1.21406,1.0257971178552185
62,Charleston Southern Buccaneers,Ole Miss Rebels,Big South,0,0,1,0.89425,0.9734741760674941
63,Ole Miss Rebels,Charleston Southern Buccaneers,SEC,0,0,1,0.86717,0.7206981475468499
64,Kennesaw State Owls,Syracuse Orange,ASUN,0,1,0,0.60229,0.7711895724265309
65,Syracuse Orange,Kennesaw State Owls,ACC,1,0,0,1.3282,1.1055722572994475
66,North Florida Ospreys,South Carolina Gamecocks,ASUN,0,1,0,0.84492,0.9986750808180413
67,South Carolina Gamecocks,North Florida Ospreys,SEC,1,0,0,1.25111,1.12392102019483
68,Jackson State Tigers,NC State Wolfpack,SWAC,0,1,0,0.80427,0.9837825627583673
69,NC State Wolfpack,Jackson State Tigers,ACC,1,0,0,1.30771,1.1636128785190163
70,Howard Bison,Miami Hurricanes,MEAC,0,1,0,0.73717,0.8897965041351741
71,Miami Hurricanes,Howard Bison,ACC,1,0,0,1.25,1.1509596824912578
72,UNC Asheville Bulldogs,Wake Forest Demon Deacons,Big South,0,1,0,0.91771,0.9730720163904549
73,Wake Forest Demon Deacons,UNC Asheville Bulldogs,ACC,1,0,0,1.09938,0.9419980535152183
74,Georgia Bulldogs,Georgia Tech Yellow Jackets,SEC,0,1,0,1.0674,1.0830933269182754
75,Georgia Tech Yellow Jackets,Georgia Bulldogs,ACC,1,0,0,1.15934,1.1450366346946188
76,Florida A&M Rattlers,Clemson Tigers,MEAC,0,1,0,0.62076,0.8052603475094692
77,Clemson Tigers,Florida A&M Rattlers,ACC,1,0,0,1.30893,1.0461806628407728
78,New Hampshire Wildcats,Boston College Eagles,AM. EAST,0,1,0,0.77969,0.8651220534775599
79,Boston College Eagles,New Hampshire Wildcats,ACC,1,0,0,0.91707,0.8127238920373328
80,Maryland Eastern Shore Hawks,Virginia Tech Hokies,MEAC,0,1,0,0.80614,0.877210330054388
81,Virginia Tech Hokies,Maryland Eastern Shore Hawks,ACC,1,0,0,1.28044,1.1060717336651662
82,Lafayette Leopards,Robert Morris Colonials,Patriot,0,1,0,1.24702,1.2352539324753464
83,Robert Morris Colonials,Lafayette Leopards,NEC,1,0,0,0.84168,0.7444167763254583
84,Long Beach State Beach,BYU Cougars,Big West,0,1,0,1.2207,1.234662819210343
85,BYU Cougars,Long Beach State Beach,WCC,1,0,0,1.29323,1.2270352171202672
86,Siena Saints,Massachusetts Minutemen,MAAC,0,1,0,1.13736,1.1674907437440676
87,Massachusetts Minutemen,Siena Saints,A-10,1,0,0,1.25454,1.1036831965227663
88,Rider Broncs,Princeton Tigers,MAAC,0,1,0,0.97825,0.9547806139302502
89,Princeton Tigers,Rider Broncs,Ivy,1,0,0,1.07875,1.076193237921972
90,Niagara Purple Eagles,Pittsburgh Panthers,MAAC,0,1,0,0.77148,0.7793470929859418
91,Pittsburgh Panthers,Niagara Purple Eagles,ACC,1,0,0,1.30711,1.0907924343301378
92,Cleveland State Vikings,Iona Gaels,Horizon,0,1,0,1.10654,1.0663585502720088
93,Iona Gaels,Cleveland State Vikings,MAAC,1,0,0,1.13987,1.1349993825866378
94,Northern Arizona Lumberjacks,Xavier Musketeers,Big Sky,0,1,0,0.8893,0.9693626343974755
95,Xavier Musketeers,Northern Arizona Lumberjacks,Big East,1,0,0,1.32054,1.1990573450524349
96,Marist Red Foxes,Bucknell Bison,MAAC,0,1,0,1.16677,1.1526297752360417
97,Bucknell Bison,Marist Red Foxes,Patriot,1,0,0,1.22915,1.1852124905128663
98,Monmouth Hawks,West Virginia Mountaineers,MAAC,0,1,0,0.84358,0.9682005148215357
99,West Virginia Mountaineers,Monmouth Hawks,Big 12,1,0,0,0.98097,0.8856827805589587
100,Wagner Seahawks,Maryland Terrapins,NEC,0,1,0,0.72548,0.877397295247347
101,Maryland Terrapins,Wagner Seahawks,Big Ten,1,0,0,1.29341,1.105304221054994
102,Cornell Big Red,George Mason Patriots,Ivy,0,1,0,1.02183,1.0074187838692834
103,George Mason Patriots,Cornell Big Red,A-10,1,0,0,0.90266,0.8535344181377325
104,Minnesota Golden Gophers,Louisville Cardinals,Big Ten,0,0,1,0.90211,0.9901809684075662
105,Louisville Cardinals,Minnesota Golden Gophers,ACC,0,0,1,1.11785,1.0780841147525453
106,South Dakota State Jackrabbits,Buffalo Bulls,Summit,0,1,0,0.9462,1.007765483923096
107,Buffalo Bulls,South Dakota State Jackrabbits,MAC,1,0,0,0.9819,0.9636899077271385
108,Radford Highlanders,Richmond Spiders,Big South,0,1,0,0.76691,0.8633339841368515
109,Richmond Spiders,Radford Highlanders,A-10,1,0,0,1.08085,0.9961206162322257
110,American University Eagles,Temple Owls,Patriot,0,1,0,0.69721,0.8086632497908041
111,Temple Owls,American University Eagles,American,1,0,0,0.77275,0.7537474862663589
112,Hartford Hawks,Sacred Heart Pioneers,AM. EAST,0,0,1,0.81766,0.8317171723041221
113,Sacred Heart Pioneers,Hartford Hawks,NEC,0,0,1,1.0889,1.1121244007999396
114,Northwestern State Demons,Texas A&M Aggies,Southland,0,1,0,0.89572,1.0063996828872004
115,Texas A&M Aggies,Northwestern State Demons,SEC,1,0,0,1.40383,1.1651115542653447
116,Houston Christian Huskies,Northwestern Wildcats,Southland,0,1,0,1.0555,1.0954288968271975
117,Northwestern Wildcats,Houston Christian Huskies,Big Ten,1,0,0,1.16018,0.927322363004367
118,Drexel Dragons,Colorado Buffaloes,CAA,0,1,0,0.76734,0.8174519988416299
119,Colorado Buffaloes,Drexel Dragons,Pac-12,1,0,0,0.98758,0.8754291769142135
120,Florida Atlantic Owls,Elon Phoenix,CUSA,0,1,0,0.89427,0.8910122152626485
121,Elon Phoenix,Florida Atlantic Owls,CAA,1,0,0,0.98503,0.9092385322506104
122,Grand Canyon Lopes,Kentucky Wildcats,WAC,0,1,0,0.69921,1.0711462376486676
123,Kentucky Wildcats,Grand Canyon Lopes,SEC,1,0,0,1.31445,1.1209090335237466
124,UMBC Retrievers,Akron Zips,AM. EAST,0,1,0,0.92312,1.0401531809062683
125,Akron Zips,UMBC Retrievers,MAC,1,0,0,1.18153,1.03307559713146
126,Air Force Falcons,Army Black Knights,Mountain West,0,1,0,1.13478,1.099067808767812
127,Army Black Knights,Air Force Falcons,Patriot,1,0,0,1.31619,1.2562286558523619
128,Pacific Tigers,Western Illinois Leathernecks,WCC,0,1,0,1.06263,0.9689120384098726
129,Western Illinois Leathernecks,Pacific Tigers,Summit,1,0,0,1.04698,0.9641824214540508
130,Houston Cougars,Murray State Racers,American,0,1,0,1.04875,1.0592745021719594
131,Murray State Racers,Houston Cougars,OVC,1,0,0,1.02942,0.9978594387909955
132,St. Francis (PA) Red Flash,Cincinnati Bearcats,NEC,0,1,0,0.62244,0.799159174609215
133,Cincinnati Bearcats,St. Francis (PA) Red Flash,American,1,0,0,0.89031,0.8637286619329264
134,Indiana State Sycamores,IU Indianapolis Jaguars,MVC,0,1,0,1.10845,1.103162744680848
135,IU Indianapolis Jaguars,Indiana State Sycamores,Summit,1,0,0,0.9152,0.9130404262767778
136,UT Arlington Mavericks,Bradley Braves,Sun Belt,0,1,0,1.14909,1.1819855252297615
137,Bradley Braves,UT Arlington Mavericks,MVC,1,0,0,1.02796,0.9812273621572031
138,Saint Peter's Peacocks,Brown Bears,MAAC,0,1,0,0.95475,0.9321383320895557
139,Brown Bears,Saint Peter's Peacocks,Ivy,1,0,0,1.19145,1.1850064987616475
140,SE Louisiana Lions,Oklahoma State Cowboys,Southland,0,1,0,0.76798,0.8873235760816633
141,Oklahoma State Cowboys,SE Louisiana Lions,Big 12,1,0,0,1.18566,1.0505553461831558
142,Prairie View A&M Panthers,TCU Horned Frogs,SWAC,0,1,0,0.82818,1.023834119155323
143,TCU Horned Frogs,Prairie View A&M Panthers,Big 12,1,0,0,1.10123,0.9591492489426998
144,Oakland Golden Grizzlies,Iowa State Cyclones,Horizon,0,1,0,1.18965,1.2592298455592361
145,Iowa State Cyclones,Oakland Golden Grizzlies,Big 12,1,0,0,1.34027,1.1569103118922948
146,Eastern Illinois Panthers,Missouri State Bears,OVC,0,1,0,0.9486,0.9238968064910893
147,Missouri State Bears,Eastern Illinois Panthers,MVC,1,0,0,1.21212,1.1443386664621529
148,Charleston Cougars,Furman Paladins,CAA,0,1,0,1.2858,1.200305462474353
149,Furman Paladins,Charleston Cougars,Southern,1,0,0,0.70146,0.6163847639615566
150,East Tennessee State Buccaneers,Valparaiso Beacons,Southern,0,1,0,1.05387,1.0646258536416144
151,Valparaiso Beacons,East Tennessee State Buccaneers,Horizon,1,0,0,1.25133,1.1871028239217551
152,Jacksonville Dolphins,Hofstra Pride,ASUN,0,1,0,0.88105,0.8928756615429668
153,Hofstra Pride,Jacksonville Dolphins,CAA,1,0,0,1.38692,1.2153038933009925
154,Towson Tigers,Alabama Crimson Tide,CAA,0,1,0,0.87074,0.9354456984976619
155,Alabama Crimson Tide,Towson Tigers,SEC,1,0,0,1.30686,1.1533618237506567
156,North Dakota State Bison,Texas Longhorns,Summit,0,1,0,0.74962,0.8701131413717462
157,Texas Longhorns,North Dakota State Bison,Big 12,1,0,0,1.27876,1.1638186097041288
158,Georgia Southern Eagles,Illinois Fighting Illini,Sun Belt,0,1,0,1.01591,1.1325891814972169
159,Illinois Fighting Illini,Georgia Southern Eagles,Big Ten,1,0,0,1.17437,1.1008018251305098
160,Louisiana Tech Bulldogs,Southern Jaguars,CUSA,0,1,0,1.18689,1.1826963038727383
161,Southern Jaguars,Louisiana Tech Bulldogs,SWAC,1,0,0,1.12773,1.2709959846557874
162,Kansas City Roos,Missouri Tigers,WAC,0,1,0,1.07662,1.165895818091105
163,Missouri Tigers,Kansas City Roos,SEC,1,0,0,0.90722,0.7398910885458443
164,Binghamton Bearcats,Notre Dame Fighting Irish,AM. EAST,0,0,1,0.63755,0.7535364146022431
165,Notre Dame Fighting Irish,Binghamton Bearcats,ACC,0,0,1,1.31572,1.1697219589809662
166,Southeast Missouri State Redhawks,Loyola Marymount Lions,OVC,0,1,0,1.1219,1.0627139316844585
167,Loyola Marymount Lions,Southeast Missouri State Redhawks,WCC,1,0,0,1.25821,1.1504415842432238
168,Loyola Maryland Greyhounds,Texas Tech Red Raiders,Patriot,0,1,0,1.00554,1.0705932086702918
169,Texas Tech Red Raiders,Loyola Maryland Greyhounds,Big 12,1,0,0,1.18675,1.0500181815051026
170,Southern Utah Thunderbirds,Kansas State Wildcats,Big Sky,0,1,0,0.9827,1.0622110225591126
171,Kansas State Wildcats,Southern Utah Thunderbirds,Big 12,1,0,0,1.43537,1.2112909925834767
172,Central Arkansas Bears,Creighton Bluejays,Southland,0,1,0,1.01787,1.0472346767792096
173,Creighton Bluejays,Central Arkansas Bears,Big East,1,0,0,1.35079,1.090648244999715
174,Weber State Wildcats,Utah State Aggies,Big Sky,0,1,0,0.94669,0.9571201976646823
175,Utah State Aggies,Weber State Wildcats,Mountain West,1,0,0,1.1268,1.044225451377018
176,South Dakota Coyotes,Utah Valley Wolverines,Summit,0,1,0,0.82925,0.7896069475774004
177,Utah Valley Wolverines,South Dakota Coyotes,WAC,1,0,0,0.9705,0.9987936426075051
178,Hampton Pirates,Iowa Hawkeyes,MEAC,0,0,1,0.80482,0.9919257779677239
179,Iowa Hawkeyes,Hampton Pirates,Big Ten,0,0,1,1.31082,1.2210743841701444
180,UT Martin Skyhawks,Marquette Golden Eagles,OVC,0,1,0,0.98773,1.0728901251381144
181,Marquette Golden Eagles,UT Martin Skyhawks,Big East,1,0,0,1.26369,1.1053844497012275
182,Michigan State Spartans,Navy Midshipmen,Big Ten,0,1,0,1.0352,0.9194190981502173
183,Navy Midshipmen,Michigan State Spartans,Patriot,1,0,0,0.93973,1.0604936851956714
184,McNeese Cowboys,Baylor Bears,Southland,0,1,0,0.60096,0.7522113958299715
185,Baylor Bears,McNeese Cowboys,Big 12,1,0,0,1.22333,1.0198897892462837
186,Milwaukee Panthers,Auburn Tigers,Horizon,0,1,0,1.11563,1.1223108475152828
187,Auburn Tigers,Milwaukee Panthers,SEC,1,0,0,1.2323,1.094600282782431
188,Cal State Fullerton Titans,Santa Clara Broncos,Big West,0,1,0,1.03706,1.0073553821933525
189,Santa Clara Broncos,Cal State Fullerton Titans,WCC,1,0,0,1.31241,1.1651431115658404
190,Cal State Northridge Matadors,San Diego State Aztecs,Big West,0,1,0,0.90716,1.0379939623206769
191,San Diego State Aztecs,Cal State Northridge Matadors,Mountain West,1,0,0,1.27703,1.1816754273471408
192,South Carolina State Bulldogs,Washington Huskies,MEAC,0,1,0,0.85692,0.9771862859036413
193,Washington Huskies,South Carolina State Bulldogs,Pac-12,1,0,0,1.12211,0.9785175662684337
194,Washington State Cougars,UTEP Miners,Pac-12,0,1,0,0.73797,0.7512494516633348
195,UTEP Miners,Washington State Cougars,CUSA,1,0,0,0.94777,0.8612137083419334
196,Alcorn State Braves,California Golden Bears,SWAC,0,1,0,0.89528,1.0736197035841217
197,California Golden Bears,Alcorn State Braves,Pac-12,1,0,0,1.35961,1.1215560192155478
198,Rice Owls,Oregon State Beavers,CUSA,0,1,0,0.87074,0.9885050929082986
199,Oregon State Beavers,Rice Owls,Pac-12,1,0,0,1.11629,1.026577728801199
200,Texas State Bobcats,Seattle U Redhawks,Sun Belt,0,1,0,1.06785,1.080057242917036
201,Seattle U Redhawks,Texas State Bobcats,WAC,1,0,0,0.96383,1.1162515394238817
202,Chicago State Cougars,Arizona State Sun Devils,WAC,0,1,0,0.79981,0.9657650059918029
203,Arizona State Sun Devils,Chicago State Cougars,Pac-12,1,0,0,1.33786,1.2119762138439334
204,Cal State Bakersfield Roadrunners,High Point Panthers,WAC,0,0,1,1.0869,1.1722290474305104
205,High Point Panthers,Cal State Bakersfield Roadrunners,Big South,0,0,1,1.11911,1.1107200495663498
206,UIC Flames,DePaul Blue Demons,Horizon,0,0,1,1.12467,1.1076811909350852
207,DePaul Blue Demons,UIC Flames,Big East,0,0,1,1.11012,0.9723510911966754
208,Fresno State Bulldogs,Pepperdine Waves,Mountain West,0,1,0,1.11521,1.1844131783580907
209,Pepperdine Waves,Fresno State Bulldogs,WCC,1,0,0,1.30428,1.1849725404798017
210,Idaho State Bengals,New Mexico Lobos,Big Sky,0,1,0,0.81566,0.8816747138833817
211,New Mexico Lobos,Idaho State Bengals,Mountain West,1,0,0,1.17964,1.0857036999076266
212,Morehead State Eagles,UNLV Rebels,OVC,0,1,0,0.98871,1.0536306667899293
213,UNLV Rebels,Morehead State Eagles,Mountain West,1,0,0,1.01002,1.0007740705039812
214,Coppin State Eagles,Oregon Ducks,MEAC,0,1,0,0.89325,1.0154835674886695
215,Oregon Ducks,Coppin State Eagles,Pac-12,1,0,0,1.47666,1.266853856303724
216,Wofford Terriers,Stanford Cardinal,Southern,0,1,0,1.01416,1.0010224806471726
217,Stanford Cardinal,Wofford Terriers,Pac-12,1,0,0,1.18009,1.1668850285578416
218,Montana State Bobcats,UCLA Bruins,Big Sky,0,1,0,1.02227,1.0801915015429437
219,UCLA Bruins,Montana State Bobcats,Pac-12,1,0,0,1.4425,1.2834795159478216
220,Arkansas-Pine Bluff Golden Lions,Hawai'i Rainbow Warriors,SWAC,0,1,0,0.85901,1.000859379555739
221,Hawai'i Rainbow Warriors,Arkansas-Pine Bluff Golden Lions,Big West,1,0,0,1.18371,1.0737658409852193
222,St. Francis Brooklyn Terriers,Georgetown Hoyas,NEC,0,1,0,0.87892,1.014387869072695
223,Georgetown Hoyas,St. Francis Brooklyn Terriers,Big East,1,0,0,1.18436,1.0512928638741688
224,Gardner-Webb Runnin' Bulldogs,LSU Tigers,Big South,0,1,0,1.10643,1.2267307011194242
225,LSU Tigers,Gardner-Webb Runnin' Bulldogs,SEC,1,0,0,1.25551,1.0633872298465006
226,Manhattan Jaspers,Florida State Seminoles,MAAC,0,1,0,0.88322,0.9470292765633262
227,Florida State Seminoles,Manhattan Jaspers,ACC,1,0,0,1.10496,1.0090533023787118
228,App State Mountaineers,Ohio Bobcats,Sun Belt,0,1,0,0.71955,0.6943266727565538
229,Ohio Bobcats,App State Mountaineers,MAC,1,0,0,1.08942,0.9849008169474393
230,Colgate Raiders,La Salle Explorers,Patriot,0,1,0,0.88219,1.0066017539350853
231,La Salle Explorers,Colgate Raiders,A-10,1,0,0,0.98368,0.8760516387856532
232,Vermont Catamounts,Canisius Golden Griffins,AM. EAST,0,1,0,0.96451,1.0797773598896356
233,Canisius Golden Griffins,Vermont Catamounts,MAAC,1,0,0,1.06157,1.101110555683388
234,North Dakota Fighting Hawks,Northern Iowa Panthers,Big Sky,0,1,0,0.89918,0.9790575576484268
235,Northern Iowa Panthers,North Dakota Fighting Hawks,MVC,1,0,0,1.03972,0.9164772470116703
236,Bowling Green Falcons,Drake Bulldogs,MAC,0,1,0,1.24315,1.1024246981651786
237,Drake Bulldogs,Bowling Green Falcons,MVC,1,0,0,0.94697,0.9446571774943824
238,Maine Black Bears,Butler Bulldogs,AM. EAST,0,1,0,0.81158,1.0358600219165888
239,Butler Bulldogs,Maine Black Bears,Big East,1,0,0,1.4315,1.1994031877684879
240,Austin Peay Governors,Western Kentucky Hilltoppers,OVC,0,1,0,1.05371,1.0816848344910395
241,Western Kentucky Hilltoppers,Austin Peay Governors,CUSA,1,0,0,1.12337,1.0577420041779417
242,Delaware State Hornets,Pennsylvania Quakers,MEAC,0,1,0,1.21161,1.2522347608830557
243,Pennsylvania Quakers,Delaware State Hornets,Ivy,1,0,0,1.18587,1.0920518299640398
244,Southeast Missouri State Redhawks,San Diego Toreros,OVC,0,0,1,0.84787,0.9244574797534444
245,San Diego Toreros,Southeast Missouri State Redhawks,WCC,0,0,1,1.00564,0.9310497346378311
246,The Citadel Bulldogs,Air Force Falcons,Southern,0,0,1,0.96516,0.8782268464921107
247,Air Force Falcons,The Citadel Bulldogs,Mountain West,0,0,1,1.26128,1.074065743843548
248,Cal Poly Mustangs,Nevada Wolf Pack,Big West,0,1,0,0.91276,0.9032701380051613
249,Nevada Wolf Pack,Cal Poly Mustangs,Mountain West,1,0,0,1.22571,1.2089856984167424
250,UNC Wilmington Seahawks,Old Dominion Monarchs,CAA,0,1,0,0.84248,0.931434780349047
251,Old Dominion Monarchs,UNC Wilmington Seahawks,CUSA,1,0,0,1.16972,1.1610207137771724
252,Dartmouth Big Green,St. Bonaventure Bonnies,Ivy,0,1,0,0.92255,0.9594508431690423
253,St. Bonaventure Bonnies,Dartmouth Big Green,A-10,1,0,0,1.2212,1.1738089355251988
254,UAlbany Great Danes,Providence Friars,AM. EAST,0,1,0,0.95391,1.1171670991731453
255,Providence Friars,UAlbany Great Danes,Big East,1,0,0,1.0016,0.8624940139675273
256,UL Monroe Warhawks,UAB Blazers,Sun Belt,0,1,0,1.09183,1.1595729162326536
257,UAB Blazers,UL Monroe Warhawks,CUSA,1,0,0,0.95904,0.9827757912616261
258,Florida A&M Rattlers,South Carolina Upstate Spartans,MEAC,0,1,0,1.02464,1.0889780200941956
259,South Carolina Upstate Spartans,Florida A&M Rattlers,ASUN,1,0,0,1.24464,1.1085593462321455
260,Kent State Golden Flashes,Youngstown State Penguins,MAC,0,1,0,1.13726,1.005600342348654
261,Youngstown State Penguins,Kent State Golden Flashes,Horizon,1,0,0,0.92843,0.9030220497672189
262,VMI Keydets,Army Black Knights,Southern,0,1,0,1.11146,1.0373345758470762
263,Army Black Knights,VMI Keydets,Patriot,1,0,0,1.23242,1.1667709933348847
264,Boise State Broncos,Loyola Marymount Lions,Mountain West,0,1,0,1.26193,1.1871273332476677
265,Loyola Marymount Lions,Boise State Broncos,WCC,1,0,0,1.07791,1.0581654357586143
266,Southern Illinois Salukis,Saint Louis Billikens,MVC,0,1,0,0.97367,0.9188571084192226
267,Saint Louis Billikens,Southern Illinois Salukis,A-10,1,0,0,1.03832,0.9762526167722766
268,Fairfield Stags,Duke Blue Devils,MAAC,0,1,0,0.84794,0.9950261121413825
269,Duke Blue Devils,Fairfield Stags,ACC,1,0,0,1.52774,1.4003379570312076
270,Tulsa Golden Hurricane,Oral Roberts Golden Eagles,American,1,0,0,1.01248,0.9320542253052366
271,Oral Roberts Golden Eagles,Tulsa Golden Hurricane,Summit,1,0,0,1.19074,1.267293694040408
272,High Point Panthers,Arkansas-Pine Bluff Golden Lions,Big South,0,0,1,1.23849,1.178325204833726
273,Arkansas-Pine Bluff Golden Lions,High Point Panthers,SWAC,0,0,1,1.03168,1.1170090474305103
274,Montana Grizzlies,Colorado State Rams,Big Sky,0,1,0,0.96831,1.0276359213450965
275,Colorado State Rams,Montana Grizzlies,Mountain West,1,0,0,1.2295,1.1667967927671885
276,Portland State Vikings,USC Trojans,Big Sky,0,1,0,1.13095,1.1632250587688977
277,USC Trojans,Portland State Vikings,Pac-12,1,0,0,1.01655,0.8734523725784294
278,Cal State Bakersfield Roadrunners,Hawai'i Rainbow Warriors,WAC,0,1,0,0.95579,1.097639379555739
279,Hawai'i Rainbow Warriors,Cal State Bakersfield Roadrunners,Big West,1,0,0,1.12208,1.063910685717843
280,Norfolk State Spartans,Virginia Cavaliers,MEAC,0,1,0,0.72596,1.01555969847273
281,Virginia Cavaliers,Norfolk State Spartans,ACC,1,0,0,1.21419,1.0584073746373737
282,Northern Kentucky Norse,Nebraska Cornhuskers,ASUN,0,1,0,0.97397,1.1125226537788075
283,Nebraska Cornhuskers,Northern Kentucky Norse,Big Ten,1,0,0,1.27812,1.0626052362308025
284,SE Louisiana Lions,Oklahoma Sooners,Southland,0,1,0,0.70744,0.8912485788950555
285,Oklahoma Sooners,SE Louisiana Lions,Big 12,1,0,0,1.0353,0.900195346183156
286,Mercer Bears,Seton Hall Pirates,Southern,0,0,1,0.77221,0.775849370425531
287,Seton Hall Pirates,Mercer Bears,Big East,0,0,1,1.01966,0.9186387659926171
288,Buffalo Bulls,Kentucky Wildcats,MAC,0,1,0,0.83027,1.0607791449815522
289,Kentucky Wildcats,Buffalo Bulls,SEC,1,0,0,1.11855,1.05453987740236
290,Boston University Terriers,Northeastern Huskies,Patriot,1,0,0,1.0956,1.1167430588196208
291,Northeastern Huskies,Boston University Terriers,CAA,1,0,0,1.18828,1.0770026575358735
292,Princeton Tigers,George Mason Patriots,Ivy,0,1,0,0.94013,0.9257187838692835
293,George Mason Patriots,Princeton Tigers,A-10,1,0,0,1.01273,0.9193094306760735
294,Chattanooga Mocs,Wisconsin Badgers,Southern,0,1,0,0.68531,0.770749740112254
295,Wisconsin Badgers,Chattanooga Mocs,Big Ten,1,0,0,1.36096,1.2485418053329023
296,Samford Bulldogs,Pittsburgh Panthers,Southern,0,1,0,1.00092,0.9507980903948358
297,Pittsburgh Panthers,Samford Bulldogs,ACC,1,0,0,1.12218,0.9327093693920657
298,UNC Asheville Bulldogs,East Carolina Pirates,Big South,0,1,0,1.15339,1.1286214967059467
299,East Carolina Pirates,UNC Asheville Bulldogs,American,1,0,0,1.07994,1.0127314867288095
300,Navy Midshipmen,Notre Dame Fighting Irish,Patriot,0,0,1,0.78199,0.8513866890001405
301,Notre Dame Fighting Irish,Navy Midshipmen,ACC,0,0,1,1.38648,1.2694913496870643
302,UMass Lowell River Hawks,Rhode Island Rams,AM. EAST,0,1,0,0.94944,1.1247515800955294
303,Rhode Island Rams,UMass Lowell River Hawks,A-10,1,0,0,1.21991,1.125318966921988
304,Jackson State Tigers,South Florida Bulls,SWAC,0,1,0,0.95021,1.0356354433257624
305,South Florida Bulls,Jackson State Tigers,American,1,0,0,1.11695,1.063026311732608
306,Saint Peter's Peacocks,Hartford Hawks,MAAC,0,1,0,0.90991,0.9020198450048608
307,Hartford Hawks,Saint Peter's Peacocks,AM. EAST,1,0,0,0.92811,0.9821808493757985
308,Northern Arizona Lumberjacks,Toledo Rockets,Big Sky,0,1,0,0.87764,0.8835424235857943
309,Toledo Rockets,Northern Arizona Lumberjacks,MAC,1,0,0,1.03874,0.9749785755223034
310,Southern Utah Thunderbirds,Miami (OH) RedHawks,Big Sky,0,1,0,0.98241,0.9561731494473885
311,Miami (OH) RedHawks,Southern Utah Thunderbirds,MAC,1,0,0,1.1316,0.9625995611931392
312,Massachusetts Minutemen,Boston College Eagles,A-10,0,0,1,1.03816,1.0380683378521356
313,Boston College Eagles,Massachusetts Minutemen,ACC,0,0,1,0.91116,0.8343530619219045
314,Lafayette Leopards,West Virginia Mountaineers,Patriot,0,1,0,0.85034,0.977121471985288
315,West Virginia Mountaineers,Lafayette Leopards,Big 12,1,0,0,1.25447,1.0260870542086218
316,IU Indianapolis Jaguars,Purdue Boilermakers,Summit,0,1,0,0.90677,1.0124739707108084
317,Purdue Boilermakers,IU Indianapolis Jaguars,Big Ten,1,0,0,1.16854,1.0557263620337218
318,Prairie View A&M Panthers,Oklahoma State Cowboys,SWAC,0,1,0,0.74282,0.9449898288957185
319,Oklahoma State Cowboys,Prairie View A&M Panthers,Big 12,1,0,0,1.08507,0.9429892489426999
320,Hampton Pirates,Syracuse Orange,MEAC,0,1,0,0.78308,0.9998929234198755
321,Syracuse Orange,Hampton Pirates,ACC,1,0,0,1.08996,0.9658284853123843
322,Savannah State Tigers,Marshall Thundering Herd,MEAC,0,1,0,0.68917,0.7634225554755475
323,Marshall Thundering Herd,Savannah State Tigers,CUSA,1,0,0,0.98665,0.9301710248908075
324,Cornell Big Red,Loyola Maryland Greyhounds,Ivy,0,1,0,1.1065,1.0911878303731717
325,Loyola Maryland Greyhounds,Cornell Big Red,Patriot,1,0,0,1.2187,1.2085084081610542
326,Northern Colorado Bears,Wyoming Cowboys,Big Sky,0,1,0,1.24943,1.312896892262348
327,Wyoming Cowboys,Northern Colorado Bears,Mountain West,1,0,0,1.38463,1.1922060792607567
328,Portland Pilots,San José State Spartans,WCC,0,1,0,1.08817,0.9551857112959479
329,San José State Spartans,Portland Pilots,Mountain West,1,0,0,0.93744,0.8957851119267867
330,Alabama State Hornets,Arkansas Razorbacks,SWAC,0,1,0,0.99869,1.1673967292784957
331,Arkansas Razorbacks,Alabama State Hornets,SEC,1,0,0,1.25114,1.1092530787258368
332,Fordham Rams,Penn State Nittany Lions,A-10,0,0,1,0.81099,0.8853470922310228
333,Penn State Nittany Lions,Fordham Rams,Big Ten,0,0,1,1.10205,0.997349681963084
334,Charlotte 49ers,Elon Phoenix,CUSA,0,1,0,1.04053,1.0372722152626486
335,Elon Phoenix,Charlotte 49ers,CAA,1,0,0,0.83556,0.7751346632003755
336,Central Arkansas Bears,Omaha Mavericks,Southland,0,1,0,0.96977,0.9826648715058964
337,Omaha Mavericks,Central Arkansas Bears,Summit,1,0,0,1.30797,1.1538890443688143
338,Utah State Aggies,Illinois State Redbirds,Mountain West,0,1,0,0.9711,1.060045971096936
339,Illinois State Redbirds,Utah State Aggies,MVC,1,0,0,0.88413,0.8377859632362968
340,Chicago State Cougars,Creighton Bluejays,WAC,0,1,0,0.94959,1.0617809295932645
341,Creighton Bluejays,Chicago State Cougars,Big East,1,0,0,1.15314,0.9955114461403368
342,Harvard Crimson,Holy Cross Crusaders,Ivy,0,0,1,0.86401,0.8346186279016218
343,Holy Cross Crusaders,Harvard Crimson,Patriot,0,0,1,0.92267,1.0227851838515343
344,Coppin State Eagles,Illinois Fighting Illini,MEAC,0,1,0,0.7399,0.9247623318877806
345,Illinois Fighting Illini,Coppin State Eagles,Big Ten,1,0,0,1.53503,1.2903969834230804
346,Valparaiso Beacons,Missouri Tigers,Horizon,0,1,0,0.72045,0.6882812872368531
347,Missouri Tigers,Valparaiso Beacons,SEC,1,0,0,1.00298,0.9495622208991199
348,South Dakota Coyotes,Stanford Cardinal,Summit,0,1,0,1.11826,1.1665244544254143
349,Stanford Cardinal,South Dakota Coyotes,Pac-12,1,0,0,1.30131,1.162200087174118
350,Robert Morris Colonials,North Carolina Tar Heels,NEC,0,1,0,0.8517,0.9996045652829135
351,North Carolina Tar Heels,Robert Morris Colonials,ACC,1,0,0,1.43361,1.2795671430948237
352,Pacific Tigers,UC Irvine Anteaters,WCC,0,1,0,0.88577,0.8884452017389605
353,UC Irvine Anteaters,Pacific Tigers,Big West,1,0,0,1.21124,1.108628294643573
354,Idaho State Bengals,Denver Pioneers,Big Sky,0,1,0,0.69105,0.6671648106847091
355,Denver Pioneers,Idaho State Bengals,Summit,1,0,0,1.03173,0.9607824407651324
356,Stetson Hatters,UCF Knights,ASUN,0,1,0,0.90081,0.8587254548461009
357,UCF Knights,Stetson Hatters,American,1,0,0,1.07735,0.9213322939074647
358,Cal State Northridge Matadors,Arizona Wildcats,Big West,0,1,0,0.95309,1.1257794766003963
359,Arizona Wildcats,Cal State Northridge Matadors,Pac-12,1,0,0,1.18811,1.041428136539144
360,Sam Houston Bearkats,UNLV Rebels,Southland,0,1,0,0.86806,0.9506140801644739
361,UNLV Rebels,Sam Houston Bearkats,Mountain West,1,0,0,0.89225,0.9416502683110402
362,George Washington Revolutionaries,Rutgers Scarlet Knights,A-10,0,1,0,1.06479,1.0733106861648458
363,Rutgers Scarlet Knights,George Washington Revolutionaries,Big Ten,1,0,0,0.78959,0.7437439330397031
364,Kennesaw State Owls,California Golden Bears,ASUN,0,1,0,0.83142,0.932990210198311
365,California Golden Bears,Kennesaw State Owls,Pac-12,1,0,0,1.30138,1.1147868786432438
366,South Carolina State Bulldogs,San Francisco Dons,MEAC,0,1,0,0.70019,0.8094745112690601
367,San Francisco Dons,South Carolina State Bulldogs,WCC,1,0,0,1.22154,1.0776648936550046
368,Alcorn State Braves,Texas Longhorns,SWAC,0,1,0,0.87855,1.092130665139631
369,Texas Longhorns,Alcorn State Braves,Big 12,1,0,0,1.42994,1.1627839133721571
370,Cal State Fullerton Titans,New Mexico Lobos,Big West,0,1,0,1.00619,1.0635891753327522
371,New Mexico Lobos,Cal State Fullerton Titans,Mountain West,1,0,0,1.18613,1.090473074987266
372,Coastal Carolina Chanticleers,UCLA Bruins,Big South,0,1,0,1.05474,1.1206471764462138
373,UCLA Bruins,Coastal Carolina Chanticleers,Pac-12,1,0,0,1.26008,1.179663706807417
374,Jacksonville State Gamecocks,Louisville Cardinals,OVC,0,1,0,0.61293,0.8027717305329972
375,Louisville Cardinals,Jacksonville State Gamecocks,ACC,1,0,0,1.35042,1.1585187820459042
376,Texas Southern Tigers,Indiana Hoosiers,SWAC,0,1,0,0.96562,1.0639123790319227
377,Indiana Hoosiers,Texas Southern Tigers,Big Ten,1,0,0,1.25229,1.0516482363586261
378,Miami Hurricanes,Florida Gators,ACC,0,1,0,1.15037,1.2025027014744394
379,Florida Gators,Miami Hurricanes,SEC,1,0,0,1.1264,1.0892195162390197
380,Towson Tigers,Morgan State Bears,CAA,0,1,0,1.01928,0.9434767366023893
381,Morgan State Bears,Towson Tigers,MEAC,1,0,0,0.89197,0.8951006612522041
382,Northwestern Wildcats,Brown Bears,Big Ten,0,1,0,1.13654,1.0081983987305454
383,Brown Bears,Northwestern Wildcats,Ivy,1,0,0,0.8991,0.8804128364433297
384,Saint Joseph's Hawks,Drexel Dragons,A-10,1,0,0,0.89266,0.814639204533011
385,Drexel Dragons,Saint Joseph's Hawks,CAA,1,0,0,0.82538,0.8415758334871509
386,Delaware Blue Hens,Liberty Flames,CAA,0,1,0,0.91055,0.851641366729958
387,Liberty Flames,Delaware Blue Hens,Big South,1,0,0,1.01699,0.9295981471251414
388,UC Santa Barbara Gauchos,Florida Gulf Coast Eagles,Big West,0,1,0,1.15638,1.1825200054806755
389,Florida Gulf Coast Eagles,UC Santa Barbara Gauchos,ASUN,1,0,0,1.20398,1.219872697127507
390,Radford Highlanders,James Madison Dukes,Big South,0,1,0,1.1199,1.105302388720125
391,James Madison Dukes,Radford Highlanders,CAA,1,0,0,1.17792,1.1154045825626044
392,Maryland Eastern Shore Hawks,Villanova Wildcats,MEAC,0,1,0,0.73925,0.9777026218338188
393,Villanova Wildcats,Maryland Eastern Shore Hawks,Big East,1,0,0,1.37508,1.2050015873053659
394,Winthrop Eagles,Clemson Tigers,Big South,0,1,0,1.114,1.2310560527774725
395,Clemson Tigers,Winthrop Eagles,ACC,1,0,0,1.06823,0.9360109664821693
396,Hofstra Pride,NC State Wolfpack,CAA,0,1,0,0.91025,0.9787030012741564
397,NC State Wolfpack,Hofstra Pride,ACC,1,0,0,1.06065,0.9126288277569873
398,Oakland Golden Grizzlies,Eastern Michigan Eagles,Horizon,0,1,0,1.11215,1.1576469371478755
399,Eastern Michigan Eagles,Oakland Golden Grizzlies,MAC,1,0,0,1.33585,1.207568880501957
400,Louisiana Tech Bulldogs,Temple Owls,CUSA,0,1,0,0.9593,1.0562179149071433
401,Temple Owls,Louisiana Tech Bulldogs,American,1,0,0,1.07361,1.1036112410921957
402,Vermont Catamounts,Siena Saints,AM. EAST,0,0,1,1.15557,1.1234150625427977
403,Siena Saints,Vermont Catamounts,MAAC,0,0,1,1.10383,1.1765487060779953
404,Central Connecticut Blue Devils,Maryland Terrapins,NEC,0,1,0,0.8201,0.9720172952473471
405,Maryland Terrapins,Central Connecticut Blue Devils,Big Ten,1,0,0,1.40562,1.1756650350904958
406,Gardner-Webb Runnin' Bulldogs,Charleston Cougars,Big South,0,1,0,1.10993,1.116221974777827
407,Charleston Cougars,Gardner-Webb Runnin' Bulldogs,CAA,1,0,0,0.97967,0.8619726482563035
408,South Carolina Upstate Spartans,North Carolina A&T Aggies,ASUN,0,1,0,1.10928,1.061121772747504
409,North Carolina A&T Aggies,South Carolina Upstate Spartans,MEAC,1,0,0,0.80451,0.8356698696995887
410,Belmont Bruins,Lipscomb Bisons,OVC,1,0,0,1.24008,1.1407792334996512
411,Lipscomb Bisons,Belmont Bruins,ASUN,1,0,0,0.89203,0.8670649418994761
412,St. Francis (PA) Red Flash,American University Eagles,NEC,0,1,0,0.8668,0.9288544410646167
413,American University Eagles,St. Francis (PA) Red Flash,Patriot,1,0,0,0.93827,0.9306138677052506
414,Mississippi Valley State Delta Devils,Mississippi State Bulldogs,SWAC,0,0,1,0.8863,1.0560847023392648
415,Mississippi State Bulldogs,Mississippi Valley State Delta Devils,SEC,0,0,1,1.1577,0.9269908103706805
416,Ole Miss Rebels,Troy Trojans,SEC,0,1,0,1.15325,1.0436553672070892
417,Troy Trojans,Ole Miss Rebels,Sun Belt,1,0,0,0.96339,1.0086971700143201
418,South Alabama Jaguars,Southern Miss Golden Eagles,Sun Belt,0,1,0,0.83731,0.7830484827327759
419,Southern Miss Golden Eagles,South Alabama Jaguars,CUSA,1,0,0,1.02717,0.940629189788849
420,UT Rio Grande Valley Vaqueros,UTSA Roadrunners,WAC,0,1,0,0.9327,0.9866935857168826
421,UTSA Roadrunners,UT Rio Grande Valley Vaqueros,CUSA,1,0,0,0.857,0.7381645378066051
422,Wake Forest Demon Deacons,Tulane Green Wave,ACC,0,1,0,1.03932,0.954211702532184
423,Tulane Green Wave,Wake Forest Demon Deacons,American,1,0,0,0.72585,0.7310695595567189
424,Bucknell Bison,Michigan Wolverines,Patriot,0,1,0,0.83296,0.9206128647925994
425,Michigan Wolverines,Bucknell Bison,Big Ten,1,0,0,1.21675,1.0637016914824242
426,Western Illinois Leathernecks,UIC Flames,Summit,0,1,0,1.00402,0.9723118905657743
427,UIC Flames,Western Illinois Leathernecks,Horizon,1,0,0,1.06131,0.9806555852078294
428,Purdue Fort Wayne Mastodons,SIU Edwardsville Cougars,Summit,0,1,0,1.14503,1.1471715843768973
429,SIU Edwardsville Cougars,Purdue Fort Wayne Mastodons,OVC,1,0,0,1.12536,1.0623310089632736
430,North Dakota State Bison,Iowa Hawkeyes,Summit,0,0,1,0.756,0.8788743965923053
431,Iowa Hawkeyes,North Dakota State Bison,Big Ten,0,0,1,1.18001,1.0925219930614833
432,Washington State Cougars,TCU Horned Frogs,Pac-12,0,1,0,0.82333,0.851580563721936
433,TCU Horned Frogs,Washington State Cougars,Big 12,1,0,0,1.19919,1.025002919740084
434,Kansas City Roos,Kansas State Wildcats,WAC,0,1,0,1.07403,1.2578271345868455
435,Kansas State Wildcats,Kansas City Roos,Big 12,1,0,0,1.25739,1.07904040716308
436,UT Martin Skyhawks,Arkansas State Red Wolves,OVC,0,1,0,1.19166,1.1817803059536662
437,Arkansas State Red Wolves,UT Martin Skyhawks,Sun Belt,1,0,0,1.15565,1.0994534800551814
438,Utah Valley Wolverines,Eastern Washington Eagles,WAC,0,1,0,0.87682,0.9314475440621889
439,Eastern Washington Eagles,Utah Valley Wolverines,Big Sky,1,0,0,1.29776,1.2137402089229448
440,Bethune-Cookman Wildcats,Arizona State Sun Devils,MEAC,0,1,0,0.70924,0.8463388635993366
441,Arizona State Sun Devils,Bethune-Cookman Wildcats,Pac-12,1,0,0,0.90564,0.7615966401171617
442,Nicholls Colonels,North Texas Mean Green,Southland,0,1,0,0.78207,0.8264206444637137
443,North Texas Mean Green,Nicholls Colonels,CUSA,1,0,0,1.00816,0.9282786614430694
444,Western Carolina Catamounts,Alabama Crimson Tide,Southern,0,1,0,1.12235,1.1436257624357464
445,Alabama Crimson Tide,Western Carolina Catamounts,SEC,1,0,0,1.2169,1.0710010395332332
446,Binghamton Bearcats,Providence Friars,AM. EAST,0,1,0,0.7013,0.8645570991731454
447,Providence Friars,Binghamton Bearcats,Big East,1,0,0,1.0329,0.8580136622265588
448,Montana State Bobcats,Grand Canyon Lopes,Big Sky,0,1,0,0.73105,0.6518860517846343
449,Grand Canyon Lopes,Montana State Bobcats,WAC,1,0,0,1.00477,1.013153071381209
450,Louisiana Ragin' Cajuns,Tulsa Golden Hurricane,Sun Belt,0,1,0,0.73887,0.8446500754198698
451,Tulsa Golden Hurricane,Louisiana Ragin' Cajuns,American,1,0,0,0.91174,0.9076530911560357
452,Georgia State Panthers,Iowa State Cyclones,Sun Belt,0,1,0,0.82536,0.9193450836304582
453,Iowa State Cyclones,Georgia State Panthers,Big 12,1,0,0,1.18239,1.1326448955253152
454,Arkansas-Pine Bluff Golden Lions,Cal State Bakersfield Roadrunners,SWAC,0,0,1,1.14559,1.2335004866908128
455,Cal State Bakersfield Roadrunners,Arkansas-Pine Bluff Golden Lions,WAC,0,0,1,0.98995,1.026085641958189
456,Sacramento State Hornets,UC Riverside Highlanders,Big Sky,0,1,0,1.20723,1.212728505657629
457,UC Riverside Highlanders,Sacramento State Hornets,Big West,1,0,0,1.1668,1.0426597489037632
458,South Dakota State Jackrabbits,Idaho Vandals,Summit,0,1,0,1.13481,1.0755045713170672
459,Idaho Vandals,South Dakota State Jackrabbits,Big Sky,1,0,0,1.17524,1.1941708883665207
460,SMU Mustangs,Gonzaga Bulldogs,American,0,1,0,0.92534,1.0432368843420619
461,Gonzaga Bulldogs,SMU Mustangs,WCC,1,0,0,1.19427,1.191714884400778
462,Tennessee Tech Golden Eagles,USC Trojans,OVC,0,1,0,0.86408,0.9001815046080311
463,USC Trojans,Tennessee Tech Golden Eagles,Pac-12,1,0,0,1.02757,0.8685508037694075
464,Detroit Mercy Titans,Oregon Ducks,Horizon,0,1,0,0.93972,0.9693651790268836
465,Oregon Ducks,Detroit Mercy Titans,Pac-12,1,0,0,1.15772,1.084738637342945
466,Auburn Tigers,Colorado Buffaloes,SEC,0,1,0,0.85597,0.8316565804318271
467,Colorado Buffaloes,Auburn Tigers,Pac-12,1,0,0,1.36344,1.2909836725415407
468,New Mexico State Aggies,Saint Mary's Gaels,WAC,0,1,0,1.01759,1.167360218708172
469,Saint Mary's Gaels,New Mexico State Aggies,WCC,1,0,0,1.19023,1.1582295171152057
470,South Carolina State Bulldogs,Virginia Cavaliers,MEAC,0,1,0,0.94354,1.2331396984727299
471,Virginia Cavaliers,South Carolina State Bulldogs,ACC,1,0,0,1.24166,1.0620329449246373
472,Wichita State Shockers,Memphis Tigers,MVC,0,0,1,1.07,1.142173010223007
473,Memphis Tigers,Wichita State Shockers,American,0,0,1,0.82021,0.9254873846221361
474,Utah Utes,San Diego State Aztecs,Pac-12,0,1,0,0.8362,0.9125320574656525
475,San Diego State Aztecs,Utah Utes,Mountain West,1,0,0,0.97061,1.0740326810261567
476,Central Arkansas Bears,Nebraska Cornhuskers,Southland,0,1,0,0.80615,0.9386458943505633
477,Nebraska Cornhuskers,Central Arkansas Bears,Big Ten,1,0,0,1.20373,0.9405061398226684
478,Marquette Golden Eagles,Ohio State Buckeyes,Big East,0,1,0,0.98359,1.0229162504953169
479,Ohio State Buckeyes,Marquette Golden Eagles,Big Ten,1,0,0,1.13759,1.0878012126180765
480,High Point Panthers,Hawai'i Rainbow Warriors,Big South,0,1,0,1.04707,1.092618942431276
481,Hawai'i Rainbow Warriors,High Point Panthers,Big West,1,0,0,0.9375,0.8767492464575407
482,Iona Gaels,Wofford Terriers,MAAC,0,1,0,1.16987,1.2607462394308155
483,Wofford Terriers,Iona Gaels,Southern,1,0,0,1.39451,1.2881054331855273
484,Northern Iowa Panthers,Stephen F. Austin Lumberjacks,MVC,0,1,0,1.22458,1.250987557925628
485,Stephen F. Austin Lumberjacks,Northern Iowa Panthers,Southland,1,0,0,1.21234,1.2804992664674977
486,Baylor Bears,South Carolina Gamecocks,Big 12,0,1,0,1.16984,1.2038589129270743
487,South Carolina Gamecocks,Baylor Bears,SEC,1,0,0,1.14064,1.156054518355406
488,Manhattan Jaspers,Massachusetts Minutemen,MAAC,0,1,0,0.94394,0.9740707437440678
489,Massachusetts Minutemen,Manhattan Jaspers,A-10,1,0,0,1.10237,1.076627951341306
490,Toledo Rockets,VCU Rams,MAC,0,1,0,1.08507,1.1386214069533742
491,VCU Rams,Toledo Rockets,A-10,1,0,0,1.22532,1.1690568574043307
492,Howard Bison,William & Mary Tribe,MEAC,0,1,0,0.85297,0.89976868438637
493,William & Mary Tribe,Howard Bison,CAA,1,0,0,0.97157,0.9649082977842305
494,Stony Brook Seawolves,Georgia Bulldogs,AM. EAST,0,1,0,0.99287,1.167433149677244
495,Georgia Bulldogs,Stony Brook Seawolves,SEC,1,0,0,1.13968,1.063812009879791
496,Wagner Seahawks,Columbia Lions,NEC,0,1,0,0.96578,0.9861498399036839
497,Columbia Lions,Wagner Seahawks,Ivy,1,0,0,1.27655,1.1824104865657086
498,Campbell Fighting Camels,Davidson Wildcats,Big South,0,1,0,0.79244,0.8047921024748776
499,Davidson Wildcats,Campbell Fighting Camels,A-10,1,0,0,1.32677,1.2067939962439878
500,UNC Wilmington Seahawks,UNC Greensboro Spartans,CAA,0,1,0,1.20523,1.169644411484583
501,UNC Greensboro Spartans,UNC Wilmington Seahawks,Southern,1,0,0,1.04866,0.9943460889059746
502,Jackson State Tigers,Jacksonville Dolphins,SWAC,0,1,0,1.14967,1.1222916051798104
503,Jacksonville Dolphins,Jackson State Tigers,ASUN,1,0,0,0.98761,0.9701815619103888
504,Florida International Panthers,Stetson Hatters,CUSA,0,1,0,1.00306,0.8846103151907353
505,Stetson Hatters,Florida International Panthers,ASUN,1,0,0,0.96245,0.9613138851761335
506,Texas A&M-Corpus Christi Islanders,Georgetown Hoyas,Southland,0,1,0,0.97794,1.0959675554185813
507,Georgetown Hoyas,Texas A&M-Corpus Christi Islanders,Big East,1,0,0,1.26558,1.1081779959742781
508,Long Beach State Beach,Xavier Musketeers,Big West,0,1,0,1.17291,1.244357095846846
509,Xavier Musketeers,Long Beach State Beach,Big East,1,0,0,1.48766,1.3900031220300995
510,Northeastern Huskies,Florida State Seminoles,CAA,0,1,0,1.17878,1.2280302100341356
511,Florida State Seminoles,Northeastern Huskies,ACC,1,0,0,1.0957,1.007744419833705
512,Michigan State Spartans,Duke Blue Devils,Big Ten,0,0,1,1.14842,1.189776178782372
513,Duke Blue Devils,Michigan State Spartans,ACC,0,0,1,1.30936,1.354203196604363
514,Alabama A&M Bulldogs,Georgia Tech Yellow Jackets,SWAC,0,1,0,0.74544,0.9466183068122891
515,Georgia Tech Yellow Jackets,Alabama A&M Bulldogs,ACC,1,0,0,1.11102,0.8636052489663023
516,Youngstown State Penguins,Central Michigan Chippewas,Horizon,0,0,1,0.8975,0.8836708393226835
517,Central Michigan Chippewas,Youngstown State Penguins,MAC,0,0,1,1.08507,0.953410342348654
518,Colgate Raiders,Cornell Big Red,Patriot,0,1,0,0.80749,0.8304765585556614
519,Cornell Big Red,Colgate Raiders,Ivy,1,0,0,0.92324,0.8406210037969268
520,Rider Broncs,Pennsylvania Quakers,MAAC,0,1,0,1.20015,1.1731304083205019
521,Pennsylvania Quakers,Rider Broncs,Ivy,1,0,0,0.93829,0.935733237921972
522,Canisius Golden Griffins,Lehigh Mountain Hawks,MAAC,0,1,0,0.9343,0.9680714539952759
523,Lehigh Mountain Hawks,Canisius Golden Griffins,Patriot,1,0,0,0.75505,0.790549483892926
524,Saint Louis Billikens,Indiana State Sycamores,A-10,0,1,0,1.09499,1.0858225726246802
525,Indiana State Sycamores,Saint Louis Billikens,MVC,1,0,0,0.92241,0.8344189580246154
526,Western Kentucky Hilltoppers,Minnesota Golden Gophers,CUSA,0,1,0,0.70951,0.7643074188548
527,Minnesota Golden Gophers,Western Kentucky Hilltoppers,Big Ten,1,0,0,1.02335,0.9163759219710015
528,Murray State Racers,Middle Tennessee Blue Raiders,OVC,0,1,0,1.08907,1.1361419855517878
529,Middle Tennessee Blue Raiders,Murray State Racers,CUSA,1,0,0,0.79753,0.7792662226660156
530,Richmond Spiders,Old Dominion Monarchs,A-10,0,1,0,1.0153,1.0820408140186686
531,Old Dominion Monarchs,Richmond Spiders,CUSA,1,0,0,1.13932,1.1899913981917791
532,Buffalo Bulls,UT Arlington Mavericks,MAC,0,1,0,1.06117,1.034070615946206
533,UT Arlington Mavericks,Buffalo Bulls,Sun Belt,1,0,0,0.92472,0.9491555645133436
534,La Salle Explorers,Quinnipiac Bobcats,A-10,0,1,0,0.87047,0.8644442468527821
535,Quinnipiac Bobcats,La Salle Explorers,MAAC,1,0,0,0.8756,0.9646726463767258
536,Southern Illinois Salukis,Tennessee State Tigers,MVC,0,1,0,1.38537,1.3304645315661743
537,Tennessee State Tigers,Southern Illinois Salukis,OVC,1,0,0,1.04291,1.0136564783982667
538,Drake Bulldogs,DePaul Blue Demons,MVC,0,0,1,1.01738,0.9939535257278259
539,DePaul Blue Demons,Drake Bulldogs,Big East,0,0,1,1.29722,1.0987734676953103
540,Chattanooga Mocs,Butler Bulldogs,Southern,0,1,0,0.74582,0.8633603365596277
541,Butler Bulldogs,Chattanooga Mocs,Big East,1,0,0,1.10547,0.996133910509949
542,Little Rock Trojans,BYU Cougars,Sun Belt,0,1,0,0.86852,0.8983451770056756
543,BYU Cougars,Little Rock Trojans,WCC,1,0,0,1.25055,1.1085211778390138
544,Texas Tech Red Raiders,LSU Tigers,Big 12,0,1,0,0.86222,0.8823154769671093
545,LSU Tigers,Texas Tech Red Raiders,SEC,1,0,0,0.89709,0.8378196161729389
546,Kansas Jayhawks,Kentucky Wildcats,Big 12,0,0,1,0.70765,0.8830805763718899
547,Kentucky Wildcats,Kansas Jayhawks,SEC,0,0,1,1.2409,1.2984970930786612
548,Montana Grizzlies,Boise State Broncos,Big Sky,0,1,0,0.92709,1.0039237021723049
549,Boise State Broncos,Montana Grizzlies,Mountain West,1,0,0,1.00915,0.9464467927671883
550,UC Irvine Anteaters,Arizona Wildcats,Big West,0,1,0,0.86913,1.0418194766003963
551,Arizona Wildcats,UC Irvine Anteaters,Pac-12,1,0,0,1.17469,1.1444697239577823
552,Green Bay Phoenix,Wisconsin Badgers,Horizon,0,1,0,0.93395,1.052434706804128
553,Wisconsin Badgers,Green Bay Phoenix,Big Ten,1,0,0,1.38274,1.3491522341278979
554,Oklahoma Sooners,Creighton Bluejays,Big 12,0,1,0,0.96281,0.8784952683164867
555,Creighton Bluejays,Oklahoma Sooners,Big East,1,0,0,1.00697,1.0412783581775196
556,Wright State Raiders,Bowling Green Falcons,Horizon,0,1,0,0.83662,0.8739229930962487
557,Bowling Green Falcons,Wright State Raiders,MAC,1,0,0,1.07929,1.0053451836071925
558,Western Michigan Broncos,Oakland Golden Grizzlies,MAC,0,0,1,1.26581,1.1707070308965644
559,Oakland Golden Grizzlies,Western Michigan Broncos,Horizon,0,0,1,1.10915,1.0780450123585301
560,Dartmouth Big Green,Hartford Hawks,Ivy,0,1,0,0.83222,0.812566177156565
561,Hartford Hawks,Dartmouth Big Green,AM. EAST,1,0,0,0.93006,0.968192651150623
562,Jacksonville State Gamecocks,Cleveland State Vikings,OVC,0,1,0,0.85688,0.8812283617476657
563,Cleveland State Vikings,Jacksonville State Gamecocks,Horizon,1,0,0,1.12653,1.0166224279688356
564,Maryland Eastern Shore Hawks,Mount St. Mary's Mountaineers,MEAC,0,1,0,0.97957,1.0646016305736328
565,Mount St. Mary's Mountaineers,Maryland Eastern Shore Hawks,NEC,1,0,0,0.73281,0.6964939712824083
566,Longwood Lancers,James Madison Dukes,Big South,0,1,0,0.96749,0.9528923887201249
567,James Madison Dukes,Longwood Lancers,CAA,1,0,0,1.34303,1.2158298573199877
568,Kennesaw State Owls,Mercer Bears,ASUN,0,1,0,1.01882,1.04017759574379
569,Mercer Bears,Kennesaw State Owls,Southern,1,0,0,1.15394,0.9802609365305047
570,App State Mountaineers,Furman Paladins,Sun Belt,0,1,0,1.02588,0.9544057311755336
571,Furman Paladins,App State Mountaineers,Southern,1,0,0,1.29132,1.1737384120684282
572,North Carolina A&T Aggies,Northern Kentucky Norse,MEAC,0,1,0,1.026,1.0170376725469739
573,Northern Kentucky Norse,North Carolina A&T Aggies,ASUN,1,0,0,1.27124,1.1899036223528967
574,Liberty Flames,Virginia Tech Hokies,Big South,0,1,0,0.94561,0.9492360353223911
575,Virginia Tech Hokies,Liberty Flames,ACC,1,0,0,1.14659,0.9621246010423784
576,Coppin State Eagles,Notre Dame Fighting Irish,MEAC,0,0,1,1.03857,1.173450084398942
577,Notre Dame Fighting Irish,Coppin State Eagles,ACC,0,0,1,1.62176,1.4090973853545348
578,Ohio Bobcats,Florida Gulf Coast Eagles,MAC,0,1,0,0.91842,0.9160345633919228
579,Florida Gulf Coast Eagles,Ohio Bobcats,ASUN,1,0,0,1.2275,1.189368321759166
580,Princeton Tigers,Lafayette Leopards,Ivy,0,1,0,1.12263,1.0156667030766908
581,Lafayette Leopards,Princeton Tigers,Patriot,1,0,0,1.38911,1.3346234206993954
582,Army Black Knights,St. Francis Brooklyn Terriers,Patriot,0,1,0,0.95637,0.9612897996144919
583,St. Francis Brooklyn Terriers,Army Black Knights,NEC,1,0,0,0.97007,0.9518699838386542
584,Boston University Terriers,Norfolk State Spartans,Patriot,0,1,0,1.17245,1.1589441640178963
585,Norfolk State Spartans,Boston University Terriers,MEAC,1,0,0,1.01839,0.989316076627618
586,Morehead State Eagles,Cincinnati Bearcats,OVC,0,1,0,0.99222,1.1338654475805565
587,Cincinnati Bearcats,Morehead State Eagles,American,1,0,0,1.12375,1.1173155915657798
588,Siena Saints,St. Bonaventure Bonnies,MAAC,0,1,0,1.11695,1.1656145110173382
589,St. Bonaventure Bonnies,Siena Saints,A-10,1,0,0,1.0955,0.9446431965227661
590,Evansville Purple Aces,Miami (OH) RedHawks,MVC,0,1,0,1.19473,1.1448970654136101
591,Miami (OH) RedHawks,Evansville Purple Aces,MAC,1,0,0,0.88337,0.8511871261052755
592,Brown Bears,Holy Cross Crusaders,Ivy,0,1,0,0.96067,0.9312786279016219
593,Holy Cross Crusaders,Brown Bears,Patriot,1,0,0,1.17503,1.1214011388587009
594,Fairleigh Dickinson Knights,Rutgers Scarlet Knights,NEC,0,1,0,0.71037,0.7867782748194942
595,Rutgers Scarlet Knights,Fairleigh Dickinson Knights,Big Ten,1,0,0,1.0086,0.8067961539073848
596,Lamar Cardinals,Texas State Bobcats,Southland,0,1,0,0.87175,0.9745234370044339
597,Texas State Bobcats,Lamar Cardinals,Sun Belt,1,0,0,1.02402,0.9467126667518775
598,Prairie View A&M Panthers,Rice Owls,SWAC,0,1,0,1.00462,1.1154894346291933
599,Rice Owls,Prairie View A&M Panthers,CUSA,1,0,0,1.05219,0.997740037544549
600,Delaware State Hornets,North Texas Mean Green,MEAC,0,1,0,0.83224,0.9305607548853024
601,North Texas Mean Green,Delaware State Hornets,CUSA,1,0,0,0.95087,0.8564411200924273
602,Austin Peay Governors,Samford Bulldogs,OVC,0,0,1,1.02938,0.9760660303752565
603,Samford Bulldogs,Austin Peay Governors,Southern,0,0,1,1.03437,0.9563055297013513
604,UMBC Retrievers,Loyola Maryland Greyhounds,AM. EAST,1,0,0,0.58451,0.5965340305927153
605,Loyola Maryland Greyhounds,UMBC Retrievers,Patriot,1,0,0,0.69963,0.5982631520073076
606,IU Indianapolis Jaguars,Milwaukee Panthers,Summit,0,1,0,1.18218,1.1700558893031672
607,Milwaukee Panthers,IU Indianapolis Jaguars,Horizon,1,0,0,1.13008,1.0980522594935003
608,Oral Roberts Golden Eagles,Missouri Tigers,Summit,0,1,0,1.10375,1.0999382943232205
609,Missouri Tigers,Oral Roberts Golden Eagles,SEC,1,0,0,1.31558,1.162933988974815
610,Robert Morris Colonials,Bradley Braves,NEC,0,1,0,1.00444,1.0689888788528503
611,Bradley Braves,Robert Morris Colonials,MVC,1,0,0,0.87187,0.7933831238104957
612,Santa Clara Broncos,Utah State Aggies,WCC,0,1,0,0.96716,0.9141900816455991
613,Utah State Aggies,Santa Clara Broncos,Mountain West,1,0,0,1.06365,0.9975926177517173
614,Abilene Christian Wildcats,Tulsa Golden Hurricane,Southland,0,1,0,0.69947,0.8194631153888448
615,Tulsa Golden Hurricane,Abilene Christian Wildcats,American,1,0,0,1.12847,0.9797656085970298
616,Northern Colorado Bears,New Mexico State Aggies,Big Sky,0,1,0,1.0372,1.101777783528896
617,New Mexico State Aggies,Northern Colorado Bears,WAC,1,0,0,1.36894,1.292592343886147
618,Wake Forest Demon Deacons,Arkansas Razorbacks,ACC,0,1,0,0.77846,0.7437285525013124
619,Arkansas Razorbacks,Wake Forest Demon Deacons,SEC,1,0,0,1.23653,1.1695293232262973
620,Pepperdine Waves,San José State Spartans,WCC,0,1,0,0.95496,0.8219757112959478
621,San José State Spartans,Pepperdine Waves,Mountain West,1,0,0,0.65852,0.6945450279634835
622,Omaha Mavericks,Seattle U Redhawks,Summit,0,1,0,0.95542,0.9715790119321815
623,Seattle U Redhawks,Omaha Mavericks,WAC,1,0,0,1.26529,1.3278329739253443
624,Florida A&M Rattlers,San Diego Toreros,MEAC,0,1,0,0.70991,0.8581010035495777
625,San Diego Toreros,Florida A&M Rattlers,WCC,1,0,0,1.22229,0.9952926115711402
626,Montana State Bobcats,Cal State Northridge Matadors,Big Sky,0,1,0,0.96948,0.9190937303394053
627,Cal State Northridge Matadors,Montana State Bobcats,Big West,1,0,0,1.1194,1.0148814208028465
628,Saint Joseph's Hawks,Gonzaga Bulldogs,A-10,0,1,0,0.6785,0.7763881000910642
629,Gonzaga Bulldogs,Saint Joseph's Hawks,WCC,1,0,0,1.45105,1.4106191669245456
630,Texas A&M Aggies,Dayton Flyers,SEC,0,0,1,0.90328,0.9161570837726561
631,Dayton Flyers,Texas A&M Aggies,A-10,0,0,1,0.8208,0.8810324078866659
632,Charleston Cougars,UConn Huskies,CAA,0,0,1,0.99622,1.06472913446717
633,UConn Huskies,Charleston Cougars,American,0,0,1,1.13073,1.120057668338698
634,Drexel Dragons,Miami Hurricanes,CAA,0,0,1,0.83653,0.9069530850434295
635,Miami Hurricanes,Drexel Dragons,ACC,0,0,1,1.19275,1.0777427059650242
636,USC Trojans,Akron Zips,Pac-12,0,0,1,0.74083,0.7382094376620463
637,Akron Zips,USC Trojans,MAC,0,0,1,1.06227,1.0574040781295155
638,Penn State Nittany Lions,Charlotte 49ers,Big Ten,0,0,1,1.13123,1.0128119467651628
639,Charlotte 49ers,Penn State Nittany Lions,CUSA,0,0,1,1.2373,1.3360557473706838
640,New Mexico Lobos,Boston College Eagles,Mountain West,0,0,1,1.00577,1.0228756010413347
641,Boston College Eagles,New Mexico Lobos,ACC,0,0,1,1.0683,1.0351626491339314
642,Detroit Mercy Titans,Michigan Wolverines,Horizon,0,1,0,0.9857,1.046247871729615
643,Michigan Wolverines,Detroit Mercy Titans,Big Ten,1,0,0,1.15922,1.0514117644623016
644,Texas Southern Tigers,Tennessee Volunteers,SWAC,0,1,0,1.03737,1.182962619057133
645,Tennessee Volunteers,Texas Southern Tigers,SEC,1,0,0,1.36344,1.1795436847786431
646,New Hampshire Wildcats,Bryant Bulldogs,AM. EAST,0,1,0,1.02603,1.0006268054285992
647,Bryant Bulldogs,New Hampshire Wildcats,NEC,1,0,0,1.17334,1.2070461296545747
648,UMass Lowell River Hawks,Sacred Heart Pioneers,AM. EAST,0,1,0,0.9863,1.000357172304122
649,Sacred Heart Pioneers,UMass Lowell River Hawks,NEC,1,0,0,0.93376,0.9070565555766363
650,Grambling Tigers,Purdue Boilermakers,SWAC,0,1,0,0.46448,0.6632714944786932
651,Purdue Boilermakers,Grambling Tigers,Big Ten,1,0,0,1.24732,0.9579314545625632
652,Maryland Eastern Shore Hawks,VCU Rams,MEAC,0,1,0,0.93767,1.1037923572280233
653,VCU Rams,Maryland Eastern Shore Hawks,A-10,1,0,0,1.5076,1.4033963826277602
654,Navy Midshipmen,Providence Friars,Patriot,0,1,0,0.79102,0.9076873735710427
655,Providence Friars,Navy Midshipmen,Big East,1,0,0,1.34566,1.199783052932657
656,Jacksonville Dolphins,NC State Wolfpack,ASUN,0,1,0,0.65408,0.7568230693725564
657,NC State Wolfpack,Jacksonville Dolphins,ACC,1,0,0,1.13788,0.8738852780080201
658,Niagara Purple Eagles,Saint Peter's Peacocks,MAAC,0,1,0,1.04716,1.0856583170045508
659,Saint Peter's Peacocks,Niagara Purple Eagles,MAAC,1,0,0,1.05309,0.9437101161523013
660,Texas Longhorns,Iowa Hawkeyes,Big 12,0,0,1,1.07124,1.0906962590834122
661,Iowa Hawkeyes,Texas Longhorns,Big Ten,0,0,1,0.90899,0.9203402368256006
662,George Mason Patriots,West Virginia Mountaineers,A-10,0,0,1,0.90182,0.9896674819619661
663,West Virginia Mountaineers,George Mason Patriots,Big 12,0,0,1,1.24008,1.1374272853958216
664,Fordham Rams,Maryland Terrapins,A-10,0,1,0,0.80724,0.8912697065926987
665,Maryland Terrapins,Fordham Rams,Big Ten,1,0,0,1.09335,0.955471531568477
666,Mississippi Valley State Delta Devils,Tulane Green Wave,SWAC,0,1,0,0.84005,0.9583798793093672
667,Tulane Green Wave,Mississippi Valley State Delta Devils,American,1,0,0,1.36845,1.176782896306495
668,Howard Bison,Radford Highlanders,MEAC,0,1,0,0.83282,0.8856861520489562
669,Radford Highlanders,Howard Bison,Big South,1,0,0,0.9947,1.0027974221439782
670,UC Davis Aggies,Eastern Illinois Panthers,Big West,0,1,0,1.16604,1.1464173623399088
671,Eastern Illinois Panthers,UC Davis Aggies,OVC,1,0,0,1.10623,1.0487433339085417
672,Florida Atlantic Owls,Harvard Crimson,CUSA,0,1,0,0.74361,0.8291898489678735
673,Harvard Crimson,Florida Atlantic Owls,Ivy,1,0,0,1.13922,1.0662239309315051
674,North Florida Ospreys,Northwestern Wildcats,ASUN,0,1,0,1.12495,1.1709356562554416
675,Northwestern Wildcats,North Florida Ospreys,Big Ten,1,0,0,1.11815,0.9742155717748131
676,South Florida Bulls,UAB Blazers,American,0,1,0,0.98144,1.0329574654520914
677,UAB Blazers,South Florida Bulls,CUSA,1,0,0,0.97725,0.9206224202562266
678,SMU Mustangs,Indiana Hoosiers,American,0,1,0,1.08308,1.068107635468331
679,Indiana Hoosiers,SMU Mustangs,Big Ten,1,0,0,1.1505,1.113400684133564
680,Bucknell Bison,Villanova Wildcats,Patriot,0,1,0,0.95471,1.1276792264350173
681,Villanova Wildcats,Bucknell Bison,Big East,1,0,0,1.12208,0.972113796659471
682,New Orleans Privateers,TCU Horned Frogs,Southland,0,1,0,1.22691,1.339737866341268
683,TCU Horned Frogs,New Orleans Privateers,Big 12,1,0,0,1.44025,1.2591278877244958
684,Cornell Big Red,South Carolina Gamecocks,Ivy,0,0,1,0.7098,0.8320604114005363
685,South Carolina Gamecocks,Cornell Big Red,SEC,0,0,1,1.11885,1.0506911164529156
686,Southern Miss Golden Eagles,Alabama Crimson Tide,CUSA,0,1,0,1.08845,1.155340387306944
687,Alabama Crimson Tide,Southern Miss Golden Eagles,SEC,1,0,0,1.31343,1.1375446452271853
688,Winthrop Eagles,Savannah State Tigers,Big South,0,1,0,0.87257,0.86184361083588
689,Savannah State Tigers,Winthrop Eagles,MEAC,1,0,0,0.8871,0.9294630008668864
690,Southern Jaguars,Ole Miss Rebels,SWAC,0,0,1,0.57803,0.7535546131919573
691,Ole Miss Rebels,Southern Jaguars,SEC,0,0,1,1.03806,0.9572561966536532
692,Morgan State Bears,Northern Iowa Panthers,MEAC,0,1,0,0.9545,1.1098075272836936
693,Northern Iowa Panthers,Morgan State Bears,MVC,1,0,0,1.35886,1.2330559516304815
694,Loyola Marymount Lions,Arizona State Sun Devils,WCC,0,1,0,0.74696,0.7452287779449867
695,Arizona State Sun Devils,Loyola Marymount Lions,Pac-12,1,0,0,1.1222,0.9628918920450641
696,UT Arlington Mavericks,Grand Canyon Lopes,Sun Belt,0,1,0,0.9935,0.9215828710293374
697,Grand Canyon Lopes,UT Arlington Mavericks,WAC,1,0,0,0.93318,1.0143295582187144
698,Lipscomb Bisons,Vanderbilt Commodores,ASUN,1,0,0,1.01802,1.0607891630871868
699,Vanderbilt Commodores,Lipscomb Bisons,SEC,1,0,0,1.15527,0.9709439197942371
700,Idaho Vandals,Northern Illinois Huskies,Big Sky,0,1,0,1.02574,1.0345902200188088
701,Northern Illinois Huskies,Idaho Vandals,MAC,1,0,0,1.26086,1.1200368520232293
702,Syracuse Orange,California Golden Bears,ACC,0,0,1,0.91674,0.8916415268069384
703,California Golden Bears,Syracuse Orange,Pac-12,0,0,1,1.1613,1.2395655103789547
704,Cal State Bakersfield Roadrunners,San Diego State Aztecs,WAC,0,1,0,0.43808,0.6818156128990395
705,San Diego State Aztecs,Cal State Bakersfield Roadrunners,Mountain West,1,0,0,0.82034,0.7589960716708151
706,Denver Pioneers,Saint Mary's Gaels,Summit,0,1,0,0.98091,1.0375926949402874
707,Saint Mary's Gaels,Denver Pioneers,WCC,1,0,0,1.29132,1.1708565442710188
708,Fresno State Bulldogs,Northern Arizona Lumberjacks,Mountain West,0,1,0,0.96934,0.9641075539586352
709,Northern Arizona Lumberjacks,Fresno State Bulldogs,Big Sky,1,0,0,1.29147,1.2355626564988846
710,Nicholls Colonels,UCLA Bruins,Southland,0,1,0,0.99746,1.0768413607566218
711,UCLA Bruins,Nicholls Colonels,Pac-12,1,0,0,1.43336,1.2949499786846108
712,George Washington Revolutionaries,Virginia Cavaliers,A-10,0,1,0,0.76808,0.9532623130506066
713,Virginia Cavaliers,George Washington Revolutionaries,ACC,1,0,0,1.0589,1.01184618457655
714,Boston University Terriers,Kentucky Wildcats,Patriot,0,1,0,0.92853,1.2061266998573998
715,Kentucky Wildcats,Boston University Terriers,SEC,1,0,0,1.25079,1.0650872391260708
716,Marshall Thundering Herd,Louisville Cardinals,CUSA,0,1,0,0.91976,1.1011865240466683
717,Louisville Cardinals,Marshall Thundering Herd,ACC,1,0,0,1.15953,1.0260223706962233
718,Loyola Chicago Ramblers,Michigan State Spartans,MVC,0,1,0,0.77915,0.899549177320035
719,Michigan State Spartans,Loyola Chicago Ramblers,Big Ten,1,0,0,1.29984,1.2123716428244113
720,UC Riverside Highlanders,Utah Utes,Big West,0,1,0,0.66328,0.8030554454677916
721,Utah Utes,UC Riverside Highlanders,Pac-12,1,0,0,1.4709,1.3801029118573678
722,Texas A&M Aggies,Charleston Cougars,SEC,0,0,1,0.98239,0.8994974320082764
723,Charleston Cougars,Texas A&M Aggies,CAA,0,0,1,0.82306,0.9055063742170447
724,USC Trojans,Drexel Dragons,Pac-12,0,0,1,1.13774,1.0587673273088205
725,Drexel Dragons,USC Trojans,CAA,0,0,1,1.15083,1.17633160931242
726,Clemson Tigers,Gardner-Webb Runnin' Bulldogs,ACC,0,0,1,1.17305,0.996152183357938
727,Gardner-Webb Runnin' Bulldogs,Clemson Tigers,Big South,0,0,1,1.17114,1.2881960527774725
728,Dayton Flyers,UConn Huskies,A-10,0,0,1,1.01874,1.0650351681367916
729,UConn Huskies,Dayton Flyers,American,0,0,1,1.19166,1.2767573201030777
730,Akron Zips,Miami Hurricanes,MAC,0,0,1,0.91469,0.9547455538605251
731,Miami Hurricanes,Akron Zips,ACC,0,0,1,1.41201,1.3733548163182498
732,Seton Hall Pirates,Nevada Wolf Pack,Big East,0,0,1,1.20301,1.1072734654465402
733,Nevada Wolf Pack,Seton Hall Pirates,Mountain West,0,0,1,1.01329,1.055342603346267
734,Valparaiso Beacons,Arkansas-Pine Bluff Golden Lions,Horizon,0,0,1,1.13476,1.0494511111039369
735,Arkansas-Pine Bluff Golden Lions,Valparaiso Beacons,SWAC,0,0,1,0.83479,1.0000353511877405
736,Syracuse Orange,Iowa Hawkeyes,ACC,0,0,1,1.00571,1.0182337435830067
737,Iowa Hawkeyes,Syracuse Orange,Big Ten,0,0,1,0.95385,0.9972886374983112
738,UNC Greensboro Spartans,Longwood Lancers,Southern,0,0,1,0.98577,0.8483180716526795
739,Longwood Lancers,UNC Greensboro Spartans,Big South,0,0,1,1.06373,1.0429035358443308
740,Boston College Eagles,West Virginia Mountaineers,ACC,0,0,1,1.07355,1.0912328329993723
741,West Virginia Mountaineers,Boston College Eagles,Big 12,0,0,1,1.14721,1.0838862043899473
742,UIC Flames,Yale Bulldogs,Horizon,0,0,1,0.9446,1.0098453318362726
743,Yale Bulldogs,UIC Flames,Ivy,0,0,1,1.17759,1.130705251530343
744,Alcorn State Braves,Hampton Pirates,SWAC,0,0,1,1.07148,1.1839648124841746
745,Hampton Pirates,Alcorn State Braves,MEAC,0,0,1,1.23008,1.1637515826510758
746,Central Connecticut Blue Devils,Towson Tigers,NEC,0,0,1,0.7743,0.7740790148793362
747,Towson Tigers,Central Connecticut Blue Devils,CAA,0,0,1,0.97635,0.8707440523149225
748,LSU Tigers,Old Dominion Monarchs,SEC,0,0,1,0.89495,0.9094793619392443
749,Old Dominion Monarchs,LSU Tigers,CUSA,0,0,1,1.03988,1.1476062655689585
750,Charlotte 49ers,South Carolina Gamecocks,CUSA,0,0,1,0.96231,1.0839597015289235
751,South Carolina Gamecocks,Charlotte 49ers,SEC,0,0,1,0.92482,0.8231473951851799
752,Maine Black Bears,Central Michigan Chippewas,AM. EAST,0,0,1,0.78468,0.8445455579877706
753,Central Michigan Chippewas,Maine Black Bears,MAC,0,0,1,1.24241,1.1012125686329635
754,Stony Brook Seawolves,Hofstra Pride,AM. EAST,0,1,0,1.10059,1.1414353427396124
755,Hofstra Pride,Stony Brook Seawolves,CAA,1,0,0,1.07355,1.0721074282895937
756,Troy Trojans,Georgia Bulldogs,Sun Belt,0,1,0,0.89133,1.0166036690833793
757,Georgia Bulldogs,Troy Trojans,SEC,1,0,0,1.20645,1.063677216812482
758,UNLV Rebels,Stanford Cardinal,Mountain West,0,0,1,0.98643,1.0117057135679084
759,Stanford Cardinal,UNLV Rebels,Pac-12,0,0,1,1.4632,1.4611767775451419
760,Youngstown State Penguins,Eastern Michigan Eagles,Horizon,0,1,0,0.9744,1.0198969371478757
761,Eastern Michigan Eagles,Youngstown State Penguins,MAC,1,0,0,1.20847,1.0436321919540468
762,Toledo Rockets,Oregon Ducks,MAC,0,1,0,1.01597,1.0256326172140204
763,Oregon Ducks,Toledo Rockets,Pac-12,1,0,0,1.20263,1.1122368297855332
764,Purdue Fort Wayne Mastodons,Georgia Tech Yellow Jackets,Summit,0,1,0,1.05203,1.1601207830444045
765,Georgia Tech Yellow Jackets,Purdue Fort Wayne Mastodons,ACC,1,0,0,1.17754,1.0115324983746898
766,Texas Longhorns,California Golden Bears,Big 12,0,0,1,1.08316,1.0649940423073438
767,California Golden Bears,Texas Longhorns,Pac-12,0,0,1,0.84651,0.892687109706244
768,Lehigh Mountain Hawks,Rider Broncs,Patriot,0,1,0,1.19103,1.2355760133286273
769,Rider Broncs,Lehigh Mountain Hawks,MAAC,1,0,0,1.25,1.2505933036006687
770,Prairie View A&M Panthers,Baylor Bears,SWAC,0,1,0,0.7431,0.9771776486440266
771,Baylor Bears,Prairie View A&M Panthers,Big 12,1,0,0,1.03203,0.8899492489426998
772,Wofford Terriers,Fairfield Stags,Southern,0,0,1,0.94127,0.895994786656872
773,Fairfield Stags,Wofford Terriers,MAAC,0,0,1,0.64037,0.7312462394308156
774,Southern Illinois Salukis,Kent State Golden Flashes,MVC,0,1,0,0.84756,0.848892534954567
775,Kent State Golden Flashes,Southern Illinois Salukis,MAC,1,0,0,1.24489,1.174669051919751
776,Bethune-Cookman Wildcats,Monmouth Hawks,MEAC,0,1,0,0.83147,0.9370104498378774
777,Monmouth Hawks,Bethune-Cookman Wildcats,MAAC,1,0,0,1.24251,1.1693697005955284
778,New Mexico Lobos,George Mason Patriots,Mountain West,0,0,1,1.05885,1.036626682047209
779,George Mason Patriots,New Mexico Lobos,A-10,0,0,1,0.86606,0.9030872980965252
780,Delaware State Hornets,Arkansas Razorbacks,MEAC,0,1,0,0.92912,1.0689705868860293
781,Arkansas Razorbacks,Delaware State Hornets,SEC,1,0,0,1.30737,1.1363310128733422
782,Austin Peay Governors,Illinois Fighting Illini,OVC,0,1,0,0.9341,1.0473588080916472
783,Illinois Fighting Illini,Austin Peay Governors,Big Ten,1,0,0,1.4877,1.3287164485388399
784,UL Monroe Warhawks,Florida Gators,Sun Belt,0,1,0,0.87693,1.035461585468593
785,Florida Gators,UL Monroe Warhawks,SEC,1,0,0,0.97636,0.923485684042541
786,Stephen F. Austin Lumberjacks,Xavier Musketeers,Southland,0,1,0,0.98006,1.0815824936111533
787,Xavier Musketeers,Stephen F. Austin Lumberjacks,Big East,1,0,0,1.22425,1.1462132804555485
788,Morehead State Eagles,Louisiana Tech Bulldogs,OVC,0,1,0,0.98912,1.0651044688617952
789,Louisiana Tech Bulldogs,Morehead State Eagles,CUSA,1,0,0,1.14521,1.1431654624544432
790,Kennesaw State Owls,North Dakota State Bison,ASUN,0,1,0,0.93798,0.9759529279897031
791,North Dakota State Bison,Kennesaw State Owls,Summit,1,0,0,1.14027,1.0279929103087462
792,North Dakota Fighting Hawks,South Dakota State Jackrabbits,Big Sky,0,1,0,1.10685,1.1589590387611277
793,South Dakota State Jackrabbits,North Dakota Fighting Hawks,Summit,1,0,0,1.12498,1.036531919305297
794,Milwaukee Panthers,Oklahoma State Cowboys,Horizon,0,1,0,1.07912,1.1598452980414664
795,Oklahoma State Cowboys,Milwaukee Panthers,Big 12,1,0,0,1.28795,1.1392296013996668
796,Penn State Nittany Lions,Cornell Big Red,Big Ten,0,0,1,1.18147,1.0965656680328988
797,Cornell Big Red,Penn State Nittany Lions,Ivy,0,0,1,1.10915,1.2085164572422964
798,Iona Gaels,Wake Forest Demon Deacons,MAAC,0,1,0,1.12706,1.1822219585598979
799,Wake Forest Demon Deacons,Iona Gaels,ACC,1,0,0,1.09124,0.9358867539544703
800,Georgia State Panthers,Colorado State Rams,Sun Belt,0,1,0,1.11357,1.1801427405897995
801,Colorado State Rams,Georgia State Panthers,Mountain West,1,0,0,1.20983,1.2405142921767025
802,Louisiana Ragin' Cajuns,Auburn Tigers,Sun Belt,0,1,0,1.06564,1.0967260855865049
803,Auburn Tigers,Louisiana Ragin' Cajuns,SEC,1,0,0,1.4249,1.348592854825614
804,Florida A&M Rattlers,Grand Canyon Lopes,MEAC,0,1,0,0.81693,0.8131960214199012
805,Grand Canyon Lopes,Florida A&M Rattlers,WAC,1,0,0,1.0609,1.0015888396179562
806,Idaho State Bengals,Washington State Cougars,Big Sky,0,1,0,1.02598,0.977190619383736
807,Washington State Cougars,Idaho State Bengals,Pac-12,1,0,0,1.20563,1.0603664090996299
808,Oral Roberts Golden Eagles,Oregon State Beavers,Summit,0,1,0,0.7253,0.8588524418153424
809,Oregon State Beavers,Oral Roberts Golden Eagles,Pac-12,1,0,0,0.95614,0.8215754134354415
810,Illinois State Redbirds,Weber State Wildcats,MVC,0,0,1,1.14936,1.088157670335504
811,Weber State Wildcats,Illinois State Redbirds,Big Sky,0,0,1,1.00888,1.1096161236945934
812,Sam Houston Bearkats,South Dakota Coyotes,Southland,0,0,1,1.02492,1.0035655401880572
813,South Dakota Coyotes,Sam Houston Bearkats,Summit,0,0,1,0.96703,1.0725971595631532
814,Temple Owls,Duke Blue Devils,American,0,0,1,0.81854,0.9488618635328105
815,Duke Blue Devils,Temple Owls,ACC,0,0,1,1.12629,1.1286446108048884
816,Delaware Blue Hens,Cal Poly Mustangs,CAA,0,1,0,1.03752,1.0589905519525291
817,Cal Poly Mustangs,Delaware Blue Hens,Big West,1,0,0,1.29792,1.193926933671242
818,Washington Huskies,Seattle U Redhawks,Pac-12,1,0,0,1.00899,0.9176548298720721
819,Seattle U Redhawks,Washington Huskies,WAC,1,0,0,0.75804,0.8739842779015005
820,Kansas State Wildcats,Long Beach State Beach,Big 12,0,1,0,0.9175,0.8556639342849125
821,Long Beach State Beach,Kansas State Wildcats,Big West,1,0,0,1.08441,1.122127333613876
822,Presbyterian Blue Hose,American University Eagles,Big South,0,0,1,0.70034,0.7314799431000948
823,American University Eagles,Presbyterian Blue Hose,Patriot,0,0,1,1.22893,1.1154743189620204
824,North Carolina Tar Heels,Davidson Wildcats,ACC,0,0,1,1.29632,1.201534362822157
825,Davidson Wildcats,North Carolina Tar Heels,A-10,0,0,1,1.03135,1.1113669766282652
826,Pittsburgh Panthers,Hawai'i Rainbow Warriors,ACC,0,0,1,1.28828,1.2266912027785557
827,Hawai'i Rainbow Warriors,Pittsburgh Panthers,Big West,0,0,1,1.37846,1.3699259373625994
828,Boise State Broncos,Wisconsin Badgers,Mountain West,0,1,0,1.02347,1.1473229730329897
829,Wisconsin Badgers,Boise State Broncos,Big Ten,1,0,0,1.46028,1.4059912354914001
830,Nebraska Cornhuskers,Rhode Island Rams,Big Ten,0,1,0,0.85337,0.8742009639706642
831,Rhode Island Rams,Nebraska Cornhuskers,A-10,1,0,0,0.91035,0.9592204689554217
832,Eastern Washington Eagles,SMU Mustangs,Big Sky,0,1,0,1.13152,1.2255431508144685
833,SMU Mustangs,Eastern Washington Eagles,American,1,0,0,1.29285,1.2010346501039897
834,Notre Dame Fighting Irish,Massachusetts Minutemen,ACC,0,0,1,1.1804,1.1035930619219043
835,Massachusetts Minutemen,Notre Dame Fighting Irish,A-10,0,0,1,0.98709,1.0175526989768189
836,Incarnate Word Cardinals,Princeton Tigers,Southland,0,1,0,1.12482,1.1150248560712153
837,Princeton Tigers,Incarnate Word Cardinals,Ivy,1,0,0,0.96032,0.8461113799330071
838,Robert Morris Colonials,Georgetown Hoyas,NEC,0,1,0,0.97934,1.114807869072695
839,Georgetown Hoyas,Robert Morris Colonials,Big East,1,0,0,1.20983,1.0600769967350232
840,Saint Peter's Peacocks,La Salle Explorers,MAAC,0,1,0,0.84606,0.9683107967713329
841,La Salle Explorers,Saint Peter's Peacocks,A-10,1,0,0,0.94726,0.9158071337503741
842,High Point Panthers,Richmond Spiders,Big South,0,1,0,1.03428,1.1307039841368518
843,Richmond Spiders,High Point Panthers,A-10,1,0,0,1.49557,1.414447369221314
844,App State Mountaineers,Virginia Tech Hokies,Sun Belt,0,1,0,1.04295,1.0458371796638242
845,Virginia Tech Hokies,App State Mountaineers,ACC,1,0,0,0.93857,0.772039732837371
846,Utah State Aggies,Mississippi State Bulldogs,Mountain West,0,0,1,1.05034,1.1040484377138744
847,Mississippi State Bulldogs,Utah State Aggies,SEC,0,0,1,1.21482,1.1440513297984019
848,Drake Bulldogs,Western Michigan Broncos,MVC,0,1,0,1.21994,1.1823973471512708
849,Western Michigan Broncos,Drake Bulldogs,MAC,1,0,0,1.4503,1.2763965477705714
850,Ball State Cardinals,IU Indianapolis Jaguars,MAC,0,1,0,1.00665,0.9878178480752443
851,IU Indianapolis Jaguars,Ball State Cardinals,Summit,1,0,0,0.98244,0.9290962346522272
852,Samford Bulldogs,Cal State Northridge Matadors,Southern,0,0,1,1.06232,0.961730344821012
853,Cal State Northridge Matadors,Samford Bulldogs,Big West,0,0,1,1.21446,1.1487040459854938
854,Colgate Raiders,Campbell Fighting Camels,Patriot,0,1,0,0.94379,0.8959261366619167
855,Campbell Fighting Camels,Colgate Raiders,Big South,1,0,0,0.86685,0.7961947294757796
856,North Florida Ospreys,Northern Iowa Panthers,ASUN,0,1,0,0.88124,0.9886341762903491
857,Northern Iowa Panthers,North Florida Ospreys,MVC,1,0,0,1.18208,1.1124938040273322
858,Clemson Tigers,Nevada Wolf Pack,ACC,0,0,1,1.06996,0.9699336118063407
859,Nevada Wolf Pack,Clemson Tigers,Mountain West,0,0,1,0.9036,1.000880225276545
860,South Alabama Jaguars,Detroit Mercy Titans,Sun Belt,0,1,0,0.75504,0.7856010503879092
861,Detroit Mercy Titans,South Alabama Jaguars,Horizon,1,0,0,0.90318,0.8040695316095254
862,Omaha Mavericks,Marquette Golden Eagles,Summit,0,1,0,1.30883,1.4013622675588293
863,Marquette Golden Eagles,Omaha Mavericks,Big East,1,0,0,1.17174,1.0351346507883605
864,Florida State Seminoles,Providence Friars,ACC,0,0,1,0.90086,0.9084287345851272
865,Providence Friars,Florida State Seminoles,Big East,0,0,1,1.32443,1.2855914483813626
866,Texas State Bobcats,UTSA Roadrunners,Sun Belt,0,1,0,1.03242,0.9893742929338525
867,UTSA Roadrunners,Texas State Bobcats,CUSA,1,0,0,1.24452,1.2880666667489533
868,Liberty Flames,Miami (OH) RedHawks,Big South,0,1,0,0.83746,0.8192088243506584
869,Miami (OH) RedHawks,Liberty Flames,MAC,1,0,0,0.98975,0.8672956851524466
870,Maryland Eastern Shore Hawks,St. Francis (PA) Red Flash,MEAC,0,1,0,0.96182,1.0528254134986592
871,St. Francis (PA) Red Flash,Maryland Eastern Shore Hawks,NEC,1,0,0,1.04313,1.0068139712824082
872,Cleveland State Vikings,Savannah State Tigers,Horizon,0,1,0,1.14121,1.1053395171060911
873,Savannah State Tigers,Cleveland State Vikings,MEAC,1,0,0,1.20769,1.2704637351491916
874,Elon Phoenix,Northwestern Wildcats,CAA,0,1,0,0.92171,0.9334055881570419
875,Northwestern Wildcats,Elon Phoenix,Big Ten,1,0,0,0.94093,0.8111385092289395
876,Southeast Missouri State Redhawks,Central Arkansas Bears,OVC,0,1,0,1.09618,0.9679050523427064
877,Central Arkansas Bears,Southeast Missouri State Redhawks,Southland,1,0,0,0.98929,0.966381559475985
878,Canisius Golden Griffins,St. Bonaventure Bonnies,MAAC,0,1,0,0.92075,0.969414511017338
879,St. Bonaventure Bonnies,Canisius Golden Griffins,A-10,1,0,0,1.02022,1.0167854938696044
880,Kansas City Roos,Little Rock Trojans,WAC,0,1,0,0.98654,1.045375556280437
881,Little Rock Trojans,Kansas City Roos,Sun Belt,1,0,0,1.04972,0.9708367756568278
882,Southern Jaguars,Middle Tennessee Blue Raiders,SWAC,0,1,0,0.73877,0.8863016517403876
883,Middle Tennessee Blue Raiders,Southern Jaguars,CUSA,1,0,0,1.02735,0.9899781534781311
884,Longwood Lancers,Youngstown State Penguins,Big South,0,0,1,1.0342,0.9476669978913062
885,Youngstown State Penguins,Longwood Lancers,Horizon,0,0,1,1.20918,1.1047730383445535
886,LSU Tigers,Weber State Wildcats,SEC,0,0,1,1.1426,1.023794886503002
887,Weber State Wildcats,LSU Tigers,Big Sky,0,0,1,0.96021,1.072525026216154
888,Texas Southern Tigers,Norfolk State Spartans,SWAC,0,1,0,1.01461,1.095443701809164
889,Norfolk State Spartans,Texas Southern Tigers,MEAC,1,0,0,1.20976,1.1824925222801903
890,Towson Tigers,Bethune-Cookman Wildcats,CAA,0,0,1,1.19929,1.1447687844609449
891,Bethune-Cookman Wildcats,Towson Tigers,MEAC,0,0,1,0.77461,0.8109188116468112
892,San José State Spartans,Cal State Fullerton Titans,Mountain West,0,1,0,0.9827,0.9202212253818731
893,Cal State Fullerton Titans,San José State Spartans,Big West,1,0,0,1.0761,0.9647221383697943
894,Loyola Maryland Greyhounds,Butler Bulldogs,Patriot,0,1,0,0.62654,0.8042302963144861
895,Butler Bulldogs,Loyola Maryland Greyhounds,Big East,1,0,0,1.27265,1.1332755196448967
896,Yale Bulldogs,Southern Illinois Salukis,Ivy,0,0,1,0.946,0.9421201321781575
897,Southern Illinois Salukis,Yale Bulldogs,MVC,0,0,1,0.79332,0.8521276666290133
898,Duquesne Dukes,Abilene Christian Wildcats,A-10,0,1,0,1.36288,1.2273449747406393
899,Abilene Christian Wildcats,Duquesne Dukes,Southland,1,0,0,1.10903,1.0078152533559126
900,South Dakota Coyotes,Wofford Terriers,Summit,0,0,1,1.10608,1.200369210617951
901,Wofford Terriers,South Dakota Coyotes,Southern,0,0,1,1.21281,1.119792295455986
902,Alcorn State Braves,Kennesaw State Owls,SWAC,0,0,1,1.04901,1.0629985844712382
903,Kennesaw State Owls,Alcorn State Braves,ASUN,0,0,1,1.06897,0.9547282316577314
904,Wright State Raiders,Charleston Southern Buccaneers,Horizon,0,1,0,1.37061,1.2881785965866115
905,Charleston Southern Buccaneers,Wright State Raiders,Big South,1,0,0,1.25063,1.2218118391498447
906,Binghamton Bearcats,Manhattan Jaspers,AM. EAST,0,0,1,1.0364,1.1293598173613373
907,Manhattan Jaspers,Binghamton Bearcats,MAAC,0,0,1,1.27591,1.2368496408031295
908,Brown Bears,Indiana State Sycamores,Ivy,0,1,0,0.93716,0.9530019376359539
909,Indiana State Sycamores,Brown Bears,MVC,1,0,0,1.11119,1.0240184805884571
910,Colorado Buffaloes,Wyoming Cowboys,Pac-12,0,1,0,0.65451,0.6548594488566942
911,Wyoming Cowboys,Colorado Buffaloes,Mountain West,1,0,0,1.12962,1.1415371453058432
912,UNLV Rebels,Temple Owls,Mountain West,0,0,1,0.92542,1.0151365229566816
913,Temple Owls,UNLV Rebels,American,0,0,1,0.81944,0.8715555894149369
914,Vermont Catamounts,Saint Joseph's Hawks,AM. EAST,0,1,0,0.90214,1.0148237331768037
915,Saint Joseph's Hawks,Vermont Catamounts,A-10,1,0,0,1.03015,1.0329175228238188
916,Chattanooga Mocs,Tennessee Tech Golden Eagles,Southern,0,1,0,1.01619,0.9032630120512753
917,Tennessee Tech Golden Eagles,Chattanooga Mocs,OVC,1,0,0,1.05019,1.0395425674583332
918,UNC Wilmington Seahawks,VMI Keydets,CAA,0,1,0,1.30505,1.2558591200365488
919,VMI Keydets,UNC Wilmington Seahawks,Southern,1,0,0,1.11197,1.0576560889059745
920,UNC Asheville Bulldogs,East Tennessee State Buccaneers,Big South,0,1,0,1.18371,1.1778050680461514
921,East Tennessee State Buccaneers,UNC Asheville Bulldogs,Southern,1,0,0,1.4139,1.3054667327462752
922,UNC Greensboro Spartans,Eastern Michigan Eagles,Southern,0,1,0,1.06223,1.0746819704560013
923,Eastern Michigan Eagles,UNC Greensboro Spartans,MAC,1,0,0,1.22838,1.1292487299070713
924,American University Eagles,Louisiana Tech Bulldogs,Patriot,0,1,0,0.87468,0.956784597259127
925,Louisiana Tech Bulldogs,American University Eagles,CUSA,1,0,0,1.26591,1.2512973571550223
926,Lafayette Leopards,Pennsylvania Quakers,Patriot,0,1,0,1.28658,1.2617213654842543
927,Pennsylvania Quakers,Lafayette Leopards,Ivy,1,0,0,1.15975,1.0196085526820837
928,Mount St. Mary's Mountaineers,Bucknell Bison,NEC,0,1,0,1.17131,1.1882843310311206
929,Bucknell Bison,Mount St. Mary's Mountaineers,Patriot,1,0,0,1.12095,1.107320084780224
930,Quinnipiac Bobcats,UAlbany Great Danes,MAAC,0,1,0,1.14337,1.140089992544098
931,UAlbany Great Danes,Quinnipiac Bobcats,AM. EAST,1,0,0,1.09823,1.1445498120835995
932,Army Black Knights,Marist Red Foxes,Patriot,0,1,0,1.08985,1.0790906409074734
933,Marist Red Foxes,Army Black Knights,MAAC,1,0,0,0.92526,0.8759454280435753
934,Sam Houston Bearkats,Fairfield Stags,Southland,0,0,1,1.28216,1.308548031388943
935,Fairfield Stags,Sam Houston Bearkats,MAAC,0,0,1,0.98955,1.0917041883760177
936,Hartford Hawks,Niagara Purple Eagles,AM. EAST,0,0,1,1.04488,1.0174289493127633
937,Niagara Purple Eagles,Hartford Hawks,MAAC,0,0,1,1.02318,1.0152898450048606
938,UC Davis Aggies,Furman Paladins,Big West,0,1,0,1.09689,1.0095533733802011
939,Furman Paladins,UC Davis Aggies,Southern,1,0,0,1.06887,0.9573535025510151
940,Central Connecticut Blue Devils,Monmouth Hawks,NEC,0,1,0,0.83041,0.8994206530704023
941,Monmouth Hawks,Central Connecticut Blue Devils,MAAC,1,0,0,1.07542,0.951194968449506
942,UIC Flames,Kent State Golden Flashes,Horizon,0,1,0,1.00289,1.0106602001618261
943,Kent State Golden Flashes,UIC Flames,MAC,1,0,0,1.28235,1.1691241712719367
944,Hampton Pirates,North Dakota State Bison,MEAC,0,1,0,1.10744,1.1933262789830474
945,North Dakota State Bison,Hampton Pirates,Summit,1,0,0,1.25625,1.242469138321683
946,Belmont Bruins,Western Kentucky Hilltoppers,OVC,0,1,0,1.01626,1.0442348344910395
947,Western Kentucky Hilltoppers,Belmont Bruins,CUSA,1,0,0,0.99012,0.9330495626103584
948,Lamar Cardinals,Indiana Hoosiers,Southland,0,1,0,1.11078,1.1262461262178678
949,Indiana Hoosiers,Lamar Cardinals,Big Ten,1,0,0,1.39304,1.2105415312208772
950,William & Mary Tribe,Rice Owls,CAA,0,1,0,1.1489,1.1487098731449825
951,Rice Owls,William & Mary Tribe,CUSA,1,0,0,1.10346,1.0370618037093007
952,SE Louisiana Lions,Western Illinois Leathernecks,Southland,0,1,0,0.89313,0.8842720136426336
953,Western Illinois Leathernecks,SE Louisiana Lions,Summit,1,0,0,0.92237,0.890683483692049
954,Northeastern Huskies,Navy Midshipmen,CAA,0,0,1,1.23489,1.210279964980037
955,Navy Midshipmen,Northeastern Huskies,Patriot,0,0,1,0.85638,0.9107012092142281
956,Morgan State Bears,Houston Cougars,MEAC,0,1,0,0.79677,0.8699911129817359
957,Houston Cougars,Morgan State Bears,American,1,0,0,0.99101,0.879823404128401
958,Missouri State Bears,Texas Tech Red Raiders,MVC,0,1,0,1.06741,1.098920550400048
959,Texas Tech Red Raiders,Missouri State Bears,Big 12,1,0,0,1.25125,1.0973226610083038
960,UMBC Retrievers,Minnesota Golden Gophers,AM. EAST,0,1,0,0.80885,0.9247724793405634
961,Minnesota Golden Gophers,UMBC Retrievers,Big Ten,1,0,0,1.10305,0.893792261484545
962,Houston Christian Huskies,UT Arlington Mavericks,Southland,0,1,0,1.01175,1.0432514557992665
963,UT Arlington Mavericks,Houston Christian Huskies,Sun Belt,1,0,0,1.2643,1.1366334985353674
964,New Mexico State Aggies,UTEP Miners,WAC,0,1,0,1.23621,1.4168930070967216
965,UTEP Miners,New Mexico State Aggies,CUSA,1,0,0,1.13545,1.1622608724870935
966,Stanford Cardinal,Duke Blue Devils,Pac-12,0,0,1,0.95789,1.0340730516630154
967,Duke Blue Devils,Stanford Cardinal,ACC,0,0,1,1.16183,1.0997438014161154
968,Utah Valley Wolverines,Southern Utah Thunderbirds,WAC,0,1,0,1.25271,1.2583148042548615
969,Southern Utah Thunderbirds,Utah Valley Wolverines,Big Sky,1,0,0,1.11927,1.0352502089229447
970,Morehead State Eagles,Presbyterian Blue Hose,OVC,0,0,1,1.00891,0.8893341905646884
971,Presbyterian Blue Hose,Morehead State Eagles,Big South,0,0,1,0.72502,0.7687280483995158
972,Valparaiso Beacons,Maine Black Bears,Horizon,0,0,1,1.23502,1.1138051304458267
973,Maine Black Bears,Valparaiso Beacons,AM. EAST,0,0,1,0.9455,1.0629955389985755
974,Northwestern State Demons,Oklahoma Sooners,Southland,0,1,0,0.89481,1.0786185788950555
975,Oklahoma Sooners,Northwestern State Demons,Big 12,1,0,0,1.17305,0.9233108728825805
976,SIU Edwardsville Cougars,Portland Pilots,OVC,0,1,0,0.84262,0.8497598607581848
977,Portland Pilots,SIU Edwardsville Cougars,WCC,1,0,0,1.20266,1.0970247297033586
978,Charleston Cougars,George Mason Patriots,CAA,0,0,1,1.00287,0.9856633851883885
979,George Mason Patriots,Charleston Cougars,A-10,0,0,1,0.97595,0.9452688840877004
980,Youngstown State Penguins,UNC Greensboro Spartans,Horizon,0,0,1,1.2202,1.1742294421145416
981,UNC Greensboro Spartans,Youngstown State Penguins,Southern,0,0,1,1.03548,0.890757937469643
982,Wofford Terriers,Sam Houston Bearkats,Southern,0,0,1,1.03263,1.0767951857849114
983,Sam Houston Bearkats,Wofford Terriers,Southland,0,0,1,0.84057,0.9451204815717806
984,Arkansas-Pine Bluff Golden Lions,Central Michigan Chippewas,SWAC,0,0,1,0.73622,0.8438353701769358
985,Central Michigan Chippewas,Arkansas-Pine Bluff Golden Lions,MAC,0,0,1,1.23772,1.1324285492910735
986,Southern Illinois Salukis,UIC Flames,MVC,0,0,1,1.04105,0.9745472182721479
987,UIC Flames,Southern Illinois Salukis,Horizon,0,0,1,0.9202,0.9031397641272212
988,Massachusetts Minutemen,Florida State Seminoles,A-10,0,0,1,1.09726,1.124296243703757
989,Florida State Seminoles,Massachusetts Minutemen,ACC,0,0,1,0.9819,0.9050930619219045
990,American University Eagles,Morehead State Eagles,Patriot,0,0,1,0.90349,0.9491589477327111
991,Morehead State Eagles,American University Eagles,OVC,0,0,1,0.77888,0.8058607140359584
992,Drexel Dragons,Cornell Big Red,CAA,0,0,1,0.93885,0.9451165348627183
993,Cornell Big Red,Drexel Dragons,Ivy,0,0,1,0.8815,0.8616667199388918
994,Cal State Northridge Matadors,Little Rock Trojans,Big West,0,1,0,1.059,1.0049339057020745
995,Little Rock Trojans,Cal State Northridge Matadors,Sun Belt,1,0,0,1.17915,1.102832399189501
996,Bethune-Cookman Wildcats,Central Connecticut Blue Devils,MEAC,0,0,1,1.07816,1.054757471406667
997,Central Connecticut Blue Devils,Bethune-Cookman Wildcats,NEC,0,0,1,0.99018,0.9813324067852145
998,Texas A&M Aggies,New Mexico Lobos,SEC,0,0,1,1.09218,1.0769958460171012
999,New Mexico Lobos,Texas A&M Aggies,Mountain West,0,0,1,0.84112,0.9185496710758649
1000,Texas A&M-Corpus Christi Islanders,Saint Louis Billikens,Southland,0,1,0,1.03899,1.029233051666679
1001,Saint Louis Billikens,Texas A&M-Corpus Christi Islanders,A-10,1,0,0,0.92241,0.8308827912966724
1002,South Dakota Coyotes,Fairfield Stags,Summit,0,0,1,1.07265,1.0887767604351135
1003,Fairfield Stags,South Dakota Coyotes,MAAC,0,0,1,1.19663,1.1616012980470922
1004,Columbia Lions,Lehigh Mountain Hawks,Ivy,0,1,0,0.92334,0.9453477861469802
1005,Lehigh Mountain Hawks,Columbia Lions,Patriot,1,0,0,0.75883,0.7170680908777501
1006,Providence Friars,Notre Dame Fighting Irish,Big East,0,0,1,1.23694,1.2015279036544244
1007,Notre Dame Fighting Irish,Providence Friars,ACC,0,0,1,1.25625,1.263818734585127
1008,Longwood Lancers,Eastern Michigan Eagles,Big South,0,1,0,0.71469,0.7853310308776646
1009,Eastern Michigan Eagles,Longwood Lancers,MAC,1,0,0,1.20662,1.0490523261370832
1010,Coppin State Eagles,Denver Pioneers,MEAC,0,1,0,0.87345,0.9249947803199758
1011,Denver Pioneers,Coppin State Eagles,Summit,1,0,0,1.2475,1.1120098879692264
1012,USC Trojans,Penn State Nittany Lions,Pac-12,0,0,1,1.02685,1.0670770646122252
1013,Penn State Nittany Lions,USC Trojans,Big Ten,0,0,1,1.01902,0.9533507424826004
1014,Yale Bulldogs,Kent State Golden Flashes,Ivy,0,1,0,1.20868,1.2296305682127622
1015,Kent State Golden Flashes,Yale Bulldogs,MAC,1,0,0,1.06109,1.0731746196288021
1016,Jackson State Tigers,UAB Blazers,SWAC,0,1,0,0.79106,0.9558422090156834
1017,UAB Blazers,Jackson State Tigers,CUSA,1,0,0,0.89852,0.8489861826212712
1018,South Florida Bulls,NC State Wolfpack,American,0,1,0,1.06259,1.1288378191947752
1019,NC State Wolfpack,South Florida Bulls,ACC,1,0,0,1.10332,0.9521291161539721
1020,Dayton Flyers,Boston College Eagles,A-10,0,0,1,1.06192,1.0618283378521356
1021,Boston College Eagles,Dayton Flyers,ACC,0,0,1,0.83903,0.8339538868894865
1022,North Carolina Central Eagles,Creighton Bluejays,MEAC,0,1,0,0.76443,0.8477647872007983
1023,Creighton Bluejays,North Carolina Central Eagles,Big East,1,0,0,1.09207,1.0054558624660273
1024,Towson Tigers,Monmouth Hawks,CAA,0,1,0,1.2476,1.2709370307461327
1025,Monmouth Hawks,Towson Tigers,MAAC,1,0,0,1.19311,1.12859630868965
1026,Samford Bulldogs,Kansas City Roos,Southern,0,0,1,1.02501,0.9218547212883388
1027,Kansas City Roos,Samford Bulldogs,WAC,0,0,1,0.89073,0.9378756965638562
1028,Wagner Seahawks,Hofstra Pride,NEC,0,1,0,0.97673,0.9999392157688365
1029,Hofstra Pride,Wagner Seahawks,CAA,1,0,0,1.28209,1.1851550878848136
1030,Florida Atlantic Owls,Georgia Bulldogs,CUSA,0,1,0,0.86569,0.9791280891914808
1031,Georgia Bulldogs,Florida Atlantic Owls,SEC,1,0,0,1.06234,0.9121231138408077
1032,St. Francis Brooklyn Terriers,Rutgers Scarlet Knights,NEC,0,1,0,1.04453,1.120938274819494
1033,Rutgers Scarlet Knights,St. Francis Brooklyn Terriers,Big Ten,1,0,0,1.13289,0.996740758697122
1034,Presbyterian Blue Hose,Louisiana Tech Bulldogs,Big South,0,1,0,0.81539,0.8955336979259316
1035,Louisiana Tech Bulldogs,Presbyterian Blue Hose,CUSA,1,0,0,1.27442,1.1132508336837525
1036,Eastern Illinois Panthers,Cincinnati Bearcats,OVC,0,1,0,0.78865,0.9302954475805566
1037,Cincinnati Bearcats,Eastern Illinois Panthers,American,1,0,0,0.87074,0.8175761189600722
1038,Navy Midshipmen,Binghamton Bearcats,Patriot,0,0,1,1.13861,1.1017105979668818
1039,Binghamton Bearcats,Navy Midshipmen,AM. EAST,0,0,1,1.09243,1.1311297142750827
1040,North Carolina A&T Aggies,Bradley Braves,MEAC,0,1,0,0.90234,1.0034186756203252
1041,Bradley Braves,North Carolina A&T Aggies,MVC,1,0,0,1.06668,0.9342309196771964
1042,Gardner-Webb Runnin' Bulldogs,Seton Hall Pirates,Big South,0,0,1,0.88884,0.9506684308471941
1043,Seton Hall Pirates,Gardner-Webb Runnin' Bulldogs,Big East,0,0,1,1.20171,1.0291020369981376
1044,UMass Lowell River Hawks,Fordham Rams,AM. EAST,0,1,0,0.98853,1.0383102980879493
1045,Fordham Rams,UMass Lowell River Hawks,A-10,1,0,0,0.87574,0.7811489669219879
1046,South Carolina Upstate Spartans,UCF Knights,ASUN,0,1,0,1.1294,1.0873154548461008
1047,UCF Knights,South Carolina Upstate Spartans,American,1,0,0,1.24086,1.187611268528463
1048,Iona Gaels,North Texas Mean Green,MAAC,0,1,0,1.23106,1.2617364023227486
1049,North Texas Mean Green,Iona Gaels,CUSA,1,0,0,0.97008,0.9092900580567251
1050,Akron Zips,South Carolina Gamecocks,MAC,0,0,1,1.02836,1.1174574815367366
1051,South Carolina Gamecocks,Akron Zips,SEC,0,0,1,0.95385,0.9331480132014198
1052,Montana State Bobcats,Kentucky Wildcats,Big Sky,0,1,0,0.41738,0.6850301256209346
1053,Kentucky Wildcats,Montana State Bobcats,SEC,1,0,0,1.28416,1.1070580914871953
1054,UConn Huskies,West Virginia Mountaineers,American,0,0,1,0.97138,1.0792362662129638
1055,West Virginia Mountaineers,UConn Huskies,Big 12,0,0,1,1.15873,1.1417930346746032
1056,Tennessee State Tigers,Vanderbilt Commodores,OVC,1,0,0,0.73582,0.7548989902843982
1057,Vanderbilt Commodores,Tennessee State Tigers,SEC,1,0,0,1.27112,1.125433597339065
1058,Sacred Heart Pioneers,Ohio State Buckeyes,NEC,0,1,0,0.68231,0.8553986344723594
1059,Ohio State Buckeyes,Sacred Heart Pioneers,Big Ten,1,0,0,1.51422,1.3406184057846495
1060,Delaware Blue Hens,Cal State Bakersfield Roadrunners,CAA,0,1,0,0.94896,0.925810925206602
1061,Cal State Bakersfield Roadrunners,Delaware Blue Hens,WAC,1,0,0,1.16035,1.1692585842496044
1062,Mercer Bears,Colorado State Rams,Southern,0,1,0,1.0284,1.0375225358267033
1063,Colorado State Rams,Mercer Bears,Mountain West,1,0,0,1.23772,1.1865926741096031
1064,Northeastern Huskies,Manhattan Jaspers,CAA,0,0,1,1.06863,1.0982800680662916
1065,Manhattan Jaspers,Northeastern Huskies,MAAC,0,0,1,0.82237,0.8745302520504759
1066,Washington Huskies,Pacific Tigers,Pac-12,1,0,0,1.1718,1.0146863897885483
1067,Pacific Tigers,Washington Huskies,WCC,0,1,0,1.05019,1.0316262002492913
1068,Northern Arizona Lumberjacks,Ole Miss Rebels,Big Sky,0,0,1,1.03329,1.104528501164224
1069,Ole Miss Rebels,Northern Arizona Lumberjacks,SEC,0,0,1,1.12007,1.0454288386900121
1070,UC Irvine Anteaters,Saint Mary's Gaels,Big West,0,1,0,1.06893,1.1057985681298095
1071,Saint Mary's Gaels,UC Irvine Anteaters,WCC,1,0,0,1.1194,1.0888970513443532
1072,Old Dominion Monarchs,Illinois State Redbirds,CUSA,0,0,1,0.77351,0.869657363047398
1073,Illinois State Redbirds,Old Dominion Monarchs,MVC,0,0,1,1.07043,1.1425621457717465
1074,Long Beach State Beach,UCLA Bruins,Big West,0,1,0,0.97598,1.0252859629923143
1075,UCLA Bruins,Long Beach State Beach,Pac-12,1,0,0,1.17608,1.1101678897336962
1076,Miami Hurricanes,Charlotte 49ers,ACC,0,0,1,1.24162,1.1219941983020099
1077,Charlotte 49ers,Miami Hurricanes,CUSA,0,0,1,0.92211,0.9947177738527118
1078,Montana Grizzlies,Seattle U Redhawks,Big Sky,0,1,0,1.14507,1.150030423672333
1079,Seattle U Redhawks,Montana Grizzlies,WAC,1,0,0,1.07783,1.1312030573925789
1080,Rider Broncs,Kansas Jayhawks,MAAC,0,1,0,1.02931,1.1758915780176546
1081,Kansas Jayhawks,Rider Broncs,Big 12,1,0,0,1.43849,1.3476917394485102
1082,East Carolina Pirates,Green Bay Phoenix,American,0,0,1,0.91146,1.0000160692729434
1083,Green Bay Phoenix,East Carolina Pirates,Horizon,0,0,1,1.21466,1.1647474029761578
1084,Nevada Wolf Pack,Weber State Wildcats,Mountain West,0,0,1,0.93363,0.884233601771625
1085,Weber State Wildcats,Nevada Wolf Pack,Big Sky,0,0,1,0.96999,0.9691156765557909
1086,Evansville Purple Aces,Fresno State Bulldogs,MVC,0,0,1,1.02401,0.9776847228597138
1087,Fresno State Bulldogs,Evansville Purple Aces,Mountain West,0,0,1,0.93134,0.9576861045416073
1088,Purdue Boilermakers,Kansas State Wildcats,Big Ten,0,0,1,1.25063,1.232196706272815
1089,Kansas State Wildcats,Purdue Boilermakers,Big 12,0,0,1,1.36166,1.3639458332019154
1090,Clemson Tigers,LSU Tigers,ACC,0,0,1,1.01626,1.0294229614667036
1091,LSU Tigers,Clemson Tigers,SEC,0,0,1,0.98058,1.0084515100079219
1092,Maryland Eastern Shore Hawks,Detroit Mercy Titans,MEAC,0,0,1,0.92346,1.0222042007784728
1093,Detroit Mercy Titans,Maryland Eastern Shore Hawks,Horizon,0,0,1,1.18527,1.1260735299827047
1094,Georgia State Panthers,Chicago State Cougars,Sun Belt,0,0,1,1.09699,1.0746486268888975
1095,Chicago State Cougars,Georgia State Panthers,WAC,0,0,1,0.71603,0.8959687071967002
1096,Missouri Tigers,Arizona Wildcats,SEC,0,0,1,0.85674,0.9568461472847454
1097,Arizona Wildcats,Missouri Tigers,Pac-12,0,0,1,1.19048,1.112352262657718
1098,Austin Peay Governors,Indiana State Sycamores,OVC,0,1,0,0.84628,0.8699264342506702
1099,Indiana State Sycamores,Austin Peay Governors,MVC,1,0,0,0.95869,0.8740546807913591
1100,Milwaukee Panthers,Louisiana Ragin' Cajuns,Horizon,0,0,1,0.87065,0.8915614542599826
1101,Louisiana Ragin' Cajuns,Milwaukee Panthers,Sun Belt,0,0,1,0.7896,0.7735241202880218
1102,Gardner-Webb Runnin' Bulldogs,Old Dominion Monarchs,Big South,0,0,1,0.76544,0.8691539047087947
1103,Old Dominion Monarchs,Gardner-Webb Runnin' Bulldogs,CUSA,0,0,1,0.97572,0.8933854874601929
1104,Marist Red Foxes,Florida Gulf Coast Eagles,MAAC,0,0,1,0.656,0.698541161104018
1105,Florida Gulf Coast Eagles,Marist Red Foxes,ASUN,0,0,1,0.88071,0.8875206853129303
1106,SE Louisiana Lions,Tennessee Tech Golden Eagles,Southland,0,1,0,0.92952,0.8882562567833465
1107,Tennessee Tech Golden Eagles,SE Louisiana Lions,OVC,1,0,0,1.22425,1.1851913412713342
1108,Hampton Pirates,App State Mountaineers,MEAC,0,1,0,1.0712,1.1124299176166952
1109,App State Mountaineers,Hampton Pirates,Sun Belt,1,0,0,1.19097,1.1732373693065377
1110,Santa Clara Broncos,Michigan State Spartans,WCC,0,1,0,0.80509,0.8856851453347301
1111,Michigan State Spartans,Santa Clara Broncos,Big Ten,1,0,0,1.27624,1.1240284540630774
1112,Arizona State Sun Devils,Maryland Terrapins,Pac-12,0,0,1,1.18519,1.235089678973901
1113,Maryland Terrapins,Arizona State Sun Devils,Big Ten,0,0,1,1.27112,1.2348445776777726
1114,Florida International Panthers,Georgia Southern Eagles,CUSA,0,1,0,1.01958,1.072545531164219
1115,Georgia Southern Eagles,Florida International Panthers,Sun Belt,1,0,0,1.1124,1.0909940857789142
1116,Western Carolina Catamounts,Oakland Golden Grizzlies,Southern,0,0,1,1.19358,1.0854146260175535
1117,Oakland Golden Grizzlies,Western Carolina Catamounts,Horizon,0,0,1,1.05882,1.0101396389676018
1118,East Tennessee State Buccaneers,Winthrop Eagles,Southern,0,1,0,1.05019,1.0000977961078334
1119,Winthrop Eagles,East Tennessee State Buccaneers,Big South,1,0,0,0.98619,0.9471069176515441
1120,Villanova Wildcats,VCU Rams,Big East,0,0,1,1.33591,1.3317401764835057
1121,VCU Rams,Villanova Wildcats,A-10,0,0,1,0.91586,1.0498952364116958
1122,Murray State Racers,Xavier Musketeers,OVC,0,1,0,0.90049,0.984379080236609
1123,Xavier Musketeers,Murray State Racers,Big East,1,0,0,1.34516,1.2366227722039602
1124,Nicholls Colonels,Wake Forest Demon Deacons,Southland,0,1,0,0.73142,0.8002562007008629
1125,Wake Forest Demon Deacons,Nicholls Colonels,ACC,1,0,0,1.13488,0.9604353573408148
1126,Savannah State Tigers,Louisville Cardinals,MEAC,0,1,0,0.36461,0.6260552543291306
1127,Louisville Cardinals,Savannah State Tigers,ACC,1,0,0,1.23805,1.0870077207885527
1128,Grambling Tigers,Ball State Cardinals,SWAC,0,1,0,0.74544,0.8183619088147192
1129,Ball State Cardinals,Grambling Tigers,MAC,1,0,0,1.42694,1.1983547902094784
1130,Colgate Raiders,James Madison Dukes,Patriot,0,1,0,1.20532,1.1926832880533202
1131,James Madison Dukes,Colgate Raiders,CAA,1,0,0,1.29955,1.214135605116032
1132,Bucknell Bison,Toledo Rockets,Patriot,0,1,0,0.99163,1.0074789978222596
1133,Toledo Rockets,Bucknell Bison,MAC,1,0,0,1.41681,1.3245650271293392
1134,Eastern Washington Eagles,Indiana Hoosiers,Big Sky,0,1,0,1.25778,1.2517862670041897
1135,Indiana Hoosiers,Eastern Washington Eagles,Big Ten,1,0,0,1.21452,1.0337389653535511
1136,Jacksonville Dolphins,Purdue Fort Wayne Mastodons,ASUN,0,1,0,0.98611,0.9799493321606696
1137,Purdue Fort Wayne Mastodons,Jacksonville Dolphins,Summit,1,0,0,1.23414,1.0804959310173188
1138,Brown Bears,Illinois Fighting Illini,Ivy,0,1,0,1.04659,1.1520443114769308
1139,Illinois Fighting Illini,Brown Bears,Big Ten,1,0,0,1.39789,1.2363702483359382
1140,Lipscomb Bisons,Belmont Bruins,ASUN,1,0,0,1.06774,1.042774941899476
1141,Belmont Bruins,Lipscomb Bisons,OVC,1,0,0,1.187,1.0876992334996511
1142,Pepperdine Waves,Iowa Hawkeyes,WCC,0,0,1,0.90207,0.950345692313374
1143,Iowa Hawkeyes,Pepperdine Waves,Big Ten,0,0,1,1.06474,1.0477890146694506
1144,Prairie View A&M Panthers,Memphis Tigers,SWAC,0,1,0,0.78045,0.9805052062845184
1145,Memphis Tigers,Prairie View A&M Panthers,American,1,0,0,1.21381,1.1549701666558858
1146,Mississippi Valley State Delta Devils,TCU Horned Frogs,SWAC,0,1,0,0.76086,0.956514119155323
1147,TCU Horned Frogs,Mississippi Valley State Delta Devils,Big 12,1,0,0,1.48091,1.2060019785933092
1148,Stephen F. Austin Lumberjacks,Baylor Bears,Southland,0,1,0,0.84272,0.9939713958299715
1149,Baylor Bears,Stephen F. Austin Lumberjacks,Big 12,1,0,0,1.13372,1.0583259423157545
1150,Hawai'i Rainbow Warriors,San Francisco Dons,Big West,0,0,1,0.92508,0.9503190030831637
1151,San Francisco Dons,Hawai'i Rainbow Warriors,WCC,0,0,1,1.23208,1.206243151508923
1152,Oregon State Beavers,Oklahoma State Cowboys,Pac-12,0,0,1,0.90684,0.9416062734623314
1153,Oklahoma State Cowboys,Oregon State Beavers,Big 12,0,0,1,1.14813,1.1782643043064494
1154,Seton Hall Pirates,Illinois State Redbirds,Big East,0,0,1,1.20325,1.2091239125853426
1155,Illinois State Redbirds,Seton Hall Pirates,MVC,0,0,1,1.12249,1.152736671910146
1156,Florida A&M Rattlers,Wyoming Cowboys,MEAC,0,1,0,0.83586,0.974756861897615
1157,Wyoming Cowboys,Florida A&M Rattlers,Mountain West,1,0,0,1.20276,1.027372574992566
1158,Alabama Crimson Tide,Iowa State Cyclones,SEC,0,0,1,1.018,1.0235393965194746
1159,Iowa State Cyclones,Alabama Crimson Tide,Big 12,0,0,1,1.21124,1.190499598705095
1160,SIU Edwardsville Cougars,Portland State Vikings,OVC,0,1,0,1.2545,1.211524412217824
1161,Portland State Vikings,SIU Edwardsville Cougars,Big Sky,1,0,0,1.33547,1.2932348457224416
1162,Western Michigan Broncos,San Diego Toreros,MAC,0,1,0,1.04826,1.0838800532749286
1163,San Diego Toreros,Western Michigan Broncos,WCC,1,0,0,1.18792,1.0773951647713589
1164,Michigan Wolverines,Oregon Ducks,Big Ten,0,0,1,1.22016,1.1690192815671052
1165,Oregon Ducks,Michigan Wolverines,Pac-12,0,0,1,1.04299,1.0575788471504801
1166,Tulsa Golden Hurricane,Auburn Tigers,American,0,0,1,0.90743,0.922290634805943
1167,Auburn Tigers,Tulsa Golden Hurricane,SEC,0,0,1,0.57288,0.5902143883088862
1168,Tennessee State Tigers,Virginia Cavaliers,OVC,0,1,0,0.68231,0.9003061746765966
1169,Virginia Cavaliers,Tennessee State Tigers,ACC,1,0,0,1.48007,1.316430400455895
1170,BYU Cougars,San Diego State Aztecs,WCC,0,0,1,1.10951,1.1855593848522232
1171,San Diego State Aztecs,BYU Cougars,Mountain West,0,0,1,1.18841,1.1991982051633152
1172,Arkansas Razorbacks,SMU Mustangs,SEC,0,1,0,1.15216,1.164984282948188
1173,SMU Mustangs,Arkansas Razorbacks,American,1,0,0,1.05219,1.0744538353202966
1174,St. Francis (PA) Red Flash,Texas Longhorns,NEC,0,1,0,0.75818,0.9063747259796897
1175,Texas Longhorns,St. Francis (PA) Red Flash,Big 12,1,0,0,1.2905,1.1806777442197405
1176,Fresno State Bulldogs,East Carolina Pirates,Mountain West,0,0,1,0.93326,0.8887156692050192
1177,East Carolina Pirates,Fresno State Bulldogs,American,0,0,1,1.04167,1.009962175357633
1178,Hawai'i Rainbow Warriors,Marist Red Foxes,Big West,0,0,1,0.96336,0.9340385281203785
1179,Marist Red Foxes,Hawai'i Rainbow Warriors,MAAC,0,0,1,0.83128,0.876628884600719
1180,Morgan State Bears,Elon Phoenix,MEAC,0,0,1,1.08445,1.1612109455451107
1181,Elon Phoenix,Morgan State Bears,CAA,0,0,1,1.11715,1.0413467366023894
1182,Purdue Boilermakers,Missouri Tigers,Big Ten,0,0,1,1.2764,1.1634453897770747
1183,Missouri Tigers,Purdue Boilermakers,SEC,0,0,1,0.93719,0.9504965145846795
1184,Liberty Flames,North Florida Ospreys,Big South,0,0,1,0.88303,0.8782037133589876
1185,North Florida Ospreys,Liberty Flames,ASUN,0,0,1,1.1747,1.1500814348283581
1186,Maryland Eastern Shore Hawks,Bucknell Bison,MEAC,0,0,1,0.92705,0.9805541277985957
1187,Bucknell Bison,Maryland Eastern Shore Hawks,Patriot,0,0,1,0.97698,0.9448885230456888
1188,Western Carolina Catamounts,Georgia State Panthers,Southern,0,0,1,1.12179,1.147239209650574
1189,Georgia State Panthers,Western Carolina Catamounts,Sun Belt,0,0,1,1.4235,1.3992248770388238
1190,Detroit Mercy Titans,Toledo Rockets,Horizon,0,1,0,1.27411,1.2628540047592753
1191,Toledo Rockets,Detroit Mercy Titans,MAC,1,0,0,1.1885,1.1414951001092166
1192,Evansville Purple Aces,Green Bay Phoenix,MVC,0,0,1,1.05805,1.131988616775024
1193,Green Bay Phoenix,Evansville Purple Aces,Horizon,0,0,1,1.08085,1.1018278383127458
1194,Alabama Crimson Tide,Arizona State Sun Devils,SEC,0,0,1,1.20387,1.1843400260977894
1195,Arizona State Sun Devils,Alabama Crimson Tide,Pac-12,0,0,1,1.1281,1.1364617045484857
1196,UT Arlington Mavericks,Kentucky Wildcats,Sun Belt,0,1,0,0.6658,0.9406969448656376
1197,Kentucky Wildcats,UT Arlington Mavericks,SEC,1,0,0,1.35895,1.254614578324701
1198,Western Kentucky Hilltoppers,Stony Brook Seawolves,CUSA,0,1,0,0.93554,0.969460267493483
1199,Stony Brook Seawolves,Western Kentucky Hilltoppers,AM. EAST,1,0,0,1.11383,1.161336538095867
1200,UT Martin Skyhawks,Bethune-Cookman Wildcats,OVC,0,1,0,1.17792,1.1339986797565562
1201,Bethune-Cookman Wildcats,UT Martin Skyhawks,MEAC,1,0,0,0.97613,0.9881166304457453
1202,Fairleigh Dickinson Knights,Columbia Lions,NEC,0,1,0,0.86316,0.883529839903684
1203,Columbia Lions,Fairleigh Dickinson Knights,Ivy,1,0,0,1.0733,0.9654624194180994
1204,St. Francis Brooklyn Terriers,La Salle Explorers,NEC,0,1,0,0.82891,0.9822753525664119
1205,La Salle Explorers,St. Francis Brooklyn Terriers,A-10,1,0,0,1.02759,0.960397659196563
1206,Jackson State Tigers,St. Bonaventure Bonnies,SWAC,0,1,0,1.05957,1.204735005972358
1207,St. Bonaventure Bonnies,Jackson State Tigers,A-10,1,0,0,1.2116,1.1376675274816104
1208,Chicago State Cougars,Oakland Golden Grizzlies,WAC,0,0,1,0.9129,0.9592241235636796
1209,Oakland Golden Grizzlies,Chicago State Cougars,Horizon,0,0,1,1.09947,1.0527233888176755
1210,The Citadel Bulldogs,Florida State Seminoles,Southern,0,1,0,1.04853,1.0543502739722201
1211,Florida State Seminoles,The Citadel Bulldogs,ACC,1,0,0,1.34173,1.033975681297148
1212,Arkansas-Pine Bluff Golden Lions,Ohio Bobcats,SWAC,0,1,0,0.85429,0.9261059655395838
1213,Ohio Bobcats,Arkansas-Pine Bluff Golden Lions,MAC,1,0,0,1.01404,0.8755703988964666
1214,Southeast Missouri State Redhawks,Bowling Green Falcons,OVC,0,1,0,0.90492,0.9632078577619012
1215,Bowling Green Falcons,Southeast Missouri State Redhawks,MAC,1,0,0,1.04707,0.9655607196229248
1216,Loyola Maryland Greyhounds,Syracuse Orange,Patriot,0,1,0,0.59885,0.7501795280210739
1217,Syracuse Orange,Loyola Maryland Greyhounds,ACC,1,0,0,1.11221,0.968545666004697
1218,Boston University Terriers,New Hampshire Wildcats,Patriot,0,1,0,1.06999,1.1079206814178553
1219,New Hampshire Wildcats,Boston University Terriers,AM. EAST,1,0,0,1.19384,1.1458724068309192
1220,Pennsylvania Quakers,Temple Owls,Ivy,1,0,0,1.0312,1.0955504743841487
1221,Temple Owls,Pennsylvania Quakers,American,1,0,0,1.17388,1.096918009317323
1222,Western Illinois Leathernecks,William & Mary Tribe,Summit,0,1,0,0.72626,0.7088273030109515
1223,William & Mary Tribe,Western Illinois Leathernecks,CAA,1,0,0,1.24079,1.170520554577871
1224,North Carolina Central Eagles,Cincinnati Bearcats,MEAC,0,1,0,0.99777,1.21101897137669
1225,Cincinnati Bearcats,North Carolina Central Eagles,American,1,0,0,1.27085,1.270119442039419
1226,Hofstra Pride,South Florida Bulls,CAA,0,1,0,1.08314,1.0575058818415517
1227,South Florida Bulls,Hofstra Pride,American,1,0,0,1.11182,1.0539722609705786
1228,Houston Cougars,Harvard Crimson,American,0,1,0,1.01776,1.09894997807921
1229,Harvard Crimson,Houston Cougars,Ivy,1,0,0,1.3371,1.297734942176279
1230,Saint Peter's Peacocks,Rutgers Scarlet Knights,MAAC,0,1,0,1.18689,1.2321837190244151
1231,Rutgers Scarlet Knights,Saint Peter's Peacocks,Big Ten,1,0,0,0.84114,0.7407302332509332
1232,Hartford Hawks,Quinnipiac Bobcats,AM. EAST,0,1,0,0.91672,0.9962179624782065
1233,Quinnipiac Bobcats,Hartford Hawks,MAAC,1,0,0,0.81482,0.7737516946102536
1234,Northern Iowa Panthers,Virginia Tech Hokies,MVC,0,0,1,1.29323,1.2652742763853428
1235,Virginia Tech Hokies,Northern Iowa Panthers,ACC,0,0,1,0.97792,0.9586454928989766
1236,Howard Bison,UMBC Retrievers,MEAC,0,1,0,1.07519,1.0724846978007163
1237,UMBC Retrievers,Howard Bison,AM. EAST,1,0,0,0.84459,0.901238047079276
1238,Kansas State Wildcats,Arizona Wildcats,Big 12,0,0,1,1.11443,1.203515465901981
1239,Arizona Wildcats,Kansas State Wildcats,Pac-12,0,0,1,1.22309,1.2394835791534584
1240,VCU Rams,Oregon Ducks,A-10,0,0,1,1.04765,1.0654661820665463
1241,Oregon Ducks,VCU Rams,Pac-12,0,0,1,0.86668,0.8942549441871027
1242,Central Arkansas Bears,Charleston Southern Buccaneers,Southland,0,1,0,0.95344,0.9096268746268084
1243,Charleston Southern Buccaneers,Central Arkansas Bears,Big South,1,0,0,1.12309,0.9657961310122357
1244,Akron Zips,Penn State Nittany Lions,MAC,0,0,1,1.09521,1.161413527378497
1245,Penn State Nittany Lions,Akron Zips,Big Ten,0,0,1,1.18717,1.149722564781403
1246,Binghamton Bearcats,Army Black Knights,AM. EAST,0,1,0,0.85486,0.8874742612040374
1247,Army Black Knights,Binghamton Bearcats,Patriot,1,0,0,1.22261,1.1525324475722747
1248,Norfolk State Spartans,Vanderbilt Commodores,MEAC,0,1,0,0.89974,1.0236006644751385
1249,Vanderbilt Commodores,Norfolk State Spartans,SEC,1,0,0,1.1138,0.9759705715205433
1250,Jacksonville State Gamecocks,Alabama A&M Bulldogs,OVC,0,1,0,1.01796,0.9067019099494933
1251,Alabama A&M Bulldogs,Jacksonville State Gamecocks,SWAC,1,0,0,0.90618,0.9177169588230877
1252,Troy Trojans,Southern Miss Golden Eagles,Sun Belt,0,1,0,1.16929,1.1150284827327759
1253,Southern Miss Golden Eagles,Troy Trojans,CUSA,1,0,0,1.24008,1.173917324031567
1254,North Carolina A&T Aggies,Saint Louis Billikens,MEAC,0,1,0,0.87508,0.9192931620882676
1255,Saint Louis Billikens,North Carolina A&T Aggies,A-10,1,0,0,0.95828,0.8204395879241181
1256,Southern Jaguars,Tulane Green Wave,SWAC,0,1,0,0.9038,1.0221298793093672
1257,Tulane Green Wave,Southern Jaguars,American,1,0,0,1.0968,1.0550382825894677
1258,Eastern Illinois Panthers,Creighton Bluejays,OVC,0,1,0,1.00088,1.012611263404665
1259,Creighton Bluejays,Eastern Illinois Panthers,Big East,1,0,0,1.39509,1.2560425393866803
1260,Omaha Mavericks,Nebraska Cornhuskers,Summit,0,1,0,0.89845,1.0206846233967337
1261,Nebraska Cornhuskers,Omaha Mavericks,Big Ten,1,0,0,1.10171,0.9620225456113138
1262,Loyola Chicago Ramblers,UTSA Roadrunners,MVC,0,1,0,1.23428,1.1603913896553713
1263,UTSA Roadrunners,Loyola Chicago Ramblers,CUSA,1,0,0,0.97464,0.980527198463513
1264,Texas A&M-Corpus Christi Islanders,Bradley Braves,Southland,0,1,0,0.7385,0.7856085651987365
1265,Bradley Braves,Texas A&M-Corpus Christi Islanders,MVC,1,0,0,0.97915,0.8930141230497507
1266,Northwestern State Demons,Texas Tech Red Raiders,Southland,0,1,0,0.93423,1.0107964936475045
1267,Texas Tech Red Raiders,Northwestern State Demons,Big 12,1,0,0,1.13951,0.8897708728825805
1268,Northern Arizona Lumberjacks,Middle Tennessee Blue Raiders,Big Sky,0,1,0,0.9402,0.9834455397126545
1269,Middle Tennessee Blue Raiders,Northern Arizona Lumberjacks,CUSA,1,0,0,1.1578,1.12659079551449
1270,Lamar Cardinals,Arkansas State Red Wolves,Southland,0,1,0,1.05034,1.0580937193282107
1271,Arkansas State Red Wolves,Lamar Cardinals,Sun Belt,1,0,0,1.00694,0.9296326667518775
1272,IU Indianapolis Jaguars,Drake Bulldogs,Summit,0,1,0,0.99713,0.9047442670644094
1273,Drake Bulldogs,IU Indianapolis Jaguars,MVC,1,0,0,1.20855,1.170084594286241
1274,Louisiana Ragin' Cajuns,Oral Roberts Golden Eagles,Sun Belt,0,0,1,1.06464,1.0336178264804057
1275,Oral Roberts Golden Eagles,Louisiana Ragin' Cajuns,Summit,0,0,1,0.75483,0.80409846134635
1276,San Francisco Dons,Florida Gulf Coast Eagles,WCC,0,0,1,0.73247,0.7038254280122218
1277,Florida Gulf Coast Eagles,San Francisco Dons,ASUN,0,0,1,0.9242,0.9855711602757156
1278,Air Force Falcons,Colorado Buffaloes,Mountain West,0,1,0,0.86533,0.9104252957004502
1279,Colorado Buffaloes,Air Force Falcons,Pac-12,1,0,0,1.13225,0.9992246382102427
1280,Buffalo Bulls,Grand Canyon Lopes,MAC,0,1,0,1.21761,1.1013050711452521
1281,Grand Canyon Lopes,Buffalo Bulls,WAC,1,0,0,0.96956,1.0910348572963735
1282,Boise State Broncos,Idaho Vandals,Mountain West,1,0,0,1.33946,1.2239876800649543
1283,Idaho Vandals,Boise State Broncos,Big Sky,0,1,0,1.18156,1.2583937021723046
1284,Miami Hurricanes,Charlotte 49ers,ACC,0,1,0,1.25404,1.13441419830201
1285,Charlotte 49ers,Miami Hurricanes,CUSA,1,0,0,1.16159,1.2010196234581045
1286,Maryland Terrapins,Iowa State Cyclones,Big Ten,0,0,1,1.12613,1.1149239480994577
1287,Iowa State Cyclones,Maryland Terrapins,Big 12,0,0,1,0.99916,1.0199575731305106
1288,Villanova Wildcats,Michigan Wolverines,Big East,0,0,1,1.01264,0.9954840794468834
1289,Michigan Wolverines,Villanova Wildcats,Big Ten,0,0,1,0.92109,0.9861683359122546
1290,Northwestern Wildcats,Miami (OH) RedHawks,Big Ten,0,0,1,0.95934,0.8351588331610911
1291,Miami (OH) RedHawks,Northwestern Wildcats,MAC,0,0,1,0.79543,0.7767580569741374
1292,Pittsburgh Panthers,San Diego State Aztecs,ACC,0,0,1,0.98173,1.022027436121856
1293,San Diego State Aztecs,Pittsburgh Panthers,Mountain West,0,0,1,1.29161,1.2799013233155714
1294,Cal State Fullerton Titans,USC Trojans,Big West,0,1,0,0.78574,0.8093995202182681
1295,USC Trojans,Cal State Fullerton Titans,Pac-12,1,0,0,0.86048,0.7134957841792695
1296,VMI Keydets,West Virginia Mountaineers,Southern,0,0,1,0.88863,0.9552615122304297
1297,West Virginia Mountaineers,VMI Keydets,Big 12,0,0,1,1.29767,1.1630330202439818
1298,Delaware Blue Hens,Stanford Cardinal,CAA,0,1,0,0.72509,0.755382416709088
1299,Stanford Cardinal,Delaware Blue Hens,Pac-12,1,0,0,1.2718,1.1133050288162174
1300,Marist Red Foxes,Fresno State Bulldogs,MAAC,0,0,1,1.16733,1.1523864239662047
1301,Fresno State Bulldogs,Marist Red Foxes,Mountain West,0,0,1,1.11632,1.0838239140733508
1302,North Carolina Tar Heels,Butler Bulldogs,ACC,0,0,1,0.90365,0.9722416573285705
1303,Butler Bulldogs,North Carolina Tar Heels,Big East,0,0,1,1.03108,1.0452221813058709
1304,Robert Morris Colonials,Chattanooga Mocs,NEC,0,1,0,0.73809,0.7956944448815986
1305,Chattanooga Mocs,Robert Morris Colonials,Southern,1,0,0,0.95351,0.8484158223258808
1306,Liberty Flames,Morgan State Bears,Big South,0,0,1,0.84114,0.780095860962137
1307,Morgan State Bears,Liberty Flames,MEAC,0,0,1,0.85465,0.8779447858217028
1308,Northeastern Huskies,Massachusetts Minutemen,CAA,0,1,0,0.74602,0.7615916772148771
1309,Massachusetts Minutemen,Northeastern Huskies,A-10,1,0,0,1.08794,1.0701490687962991
1310,Sacred Heart Pioneers,James Madison Dukes,NEC,0,1,0,1.03993,1.0562468866846468
1311,James Madison Dukes,Sacred Heart Pioneers,CAA,1,0,0,1.13474,1.0523092726144694
1312,Samford Bulldogs,Kennesaw State Owls,Southern,0,1,0,0.9635,0.822999086925112
1313,Kennesaw State Owls,Samford Bulldogs,ASUN,1,0,0,1.14111,1.0783080527834383
1314,American University Eagles,Hampton Pirates,Patriot,0,1,0,1.18878,1.206925274692907
1315,Hampton Pirates,American University Eagles,MEAC,1,0,0,1.09726,1.1626660874374843
1316,Hawai'i Rainbow Warriors,East Carolina Pirates,Big West,0,0,1,1.23303,1.1916602832520473
1317,East Carolina Pirates,Hawai'i Rainbow Warriors,American,0,0,1,1.17131,1.1998946359921472
1318,Denver Pioneers,Belmont Bruins,Summit,0,1,0,0.87111,0.8630050619120094
1319,Belmont Bruins,Denver Pioneers,OVC,1,0,0,1.19345,1.1402131061292353
1320,UL Monroe Warhawks,Coastal Carolina Chanticleers,Sun Belt,0,0,1,0.89158,0.9147061198523811
1321,Coastal Carolina Chanticleers,UL Monroe Warhawks,Big South,0,0,1,1.08433,1.1538183772066988
1322,Oklahoma Sooners,UCLA Bruins,Big 12,0,0,1,1.06728,1.032981952293899
1323,UCLA Bruins,Oklahoma Sooners,Pac-12,0,0,1,0.92447,1.0237012762757236
1324,North Florida Ospreys,Elon Phoenix,ASUN,0,0,1,1.1194,1.1482475945517663
1325,Elon Phoenix,North Florida Ospreys,CAA,0,0,1,0.97619,0.95660458899924
1326,Oral Roberts Golden Eagles,Milwaukee Panthers,Summit,0,0,1,1.25131,1.239185889303167
1327,Milwaukee Panthers,Oral Roberts Golden Eagles,Horizon,0,0,1,1.21039,1.1549625884091836
1328,Chicago State Cougars,Western Carolina Catamounts,WAC,0,0,1,0.94331,1.0160741698218538
1329,Western Carolina Catamounts,Chicago State Cougars,Southern,0,0,1,1.06358,0.9837884221258014
1330,San Francisco Dons,Evansville Purple Aces,WCC,0,0,1,1.09329,1.0680261411201817
1331,Evansville Purple Aces,San Francisco Dons,MVC,0,0,1,1.18781,1.1980684576000151
1332,Purdue Boilermakers,BYU Cougars,Big Ten,0,0,1,1.13508,1.0597140414746753
1333,BYU Cougars,Purdue Boilermakers,WCC,0,0,1,1.1638,1.194905266431877
1334,Furman Paladins,Duke Blue Devils,Southern,0,1,0,0.86167,0.9507671095502764
1335,Duke Blue Devils,Furman Paladins,ACC,1,0,0,1.50427,1.2932186967867731
1336,Miami (OH) RedHawks,Virginia Tech Hokies,MAC,0,0,1,0.90243,0.8609293797797389
1337,Virginia Tech Hokies,Miami (OH) RedHawks,ACC,0,0,1,1.11976,0.9943710846979382
1338,Georgia State Panthers,Oakland Golden Grizzlies,Sun Belt,0,0,1,1.45651,1.4057948307806496
1339,Oakland Golden Grizzlies,Georgia State Panthers,Horizon,0,0,1,1.31218,1.370674176342448
1340,Bryant Bulldogs,Vermont Catamounts,NEC,0,1,0,0.72424,0.8280732618730742
1341,Vermont Catamounts,Bryant Bulldogs,AM. EAST,1,0,0,1.15495,1.096368655033992
1342,UAB Blazers,Wisconsin Badgers,CUSA,0,0,1,0.71644,0.8474943649834515
1343,Wisconsin Badgers,UAB Blazers,Big Ten,0,0,1,1.19655,1.159101780701653
1344,Kansas City Roos,Youngstown State Penguins,WAC,0,1,0,0.93006,0.9398274350157693
1345,Youngstown State Penguins,Kansas City Roos,Horizon,1,0,0,1.02064,0.9173515375856056
1346,Campbell Fighting Camels,Ohio State Buckeyes,Big South,0,1,0,1.0269,1.1690741365078376
1347,Ohio State Buckeyes,Campbell Fighting Camels,Big Ten,1,0,0,1.47284,1.2839070957445466
1348,Longwood Lancers,George Washington Revolutionaries,Big South,0,1,0,0.92456,1.0178220746238777
1349,George Washington Revolutionaries,Longwood Lancers,A-10,1,0,0,1.2612,1.1117858909896092
1350,Richmond Spiders,NC State Wolfpack,A-10,0,1,0,1.1785,1.224739034943778
1351,NC State Wolfpack,Richmond Spiders,ACC,1,0,0,1.39598,1.3520880940895241
1352,St. John's Red Storm,Minnesota Golden Gophers,Big East,0,0,1,0.98165,0.9461739683927449
1353,Minnesota Golden Gophers,St. John's Red Storm,Big Ten,0,0,1,0.81422,0.8103450973313829
1354,Cleveland State Vikings,Louisville Cardinals,Horizon,0,1,0,0.58741,0.7562668658673446
1355,Louisville Cardinals,Cleveland State Vikings,ACC,1,0,0,0.83053,0.7187217007644748
1356,Grambling Tigers,Notre Dame Fighting Irish,SWAC,0,0,1,1.01169,1.1754262267914082
1357,Notre Dame Fighting Irish,Grambling Tigers,ACC,0,0,1,1.48234,1.2249218564940174
1358,Mount St. Mary's Mountaineers,Wake Forest Demon Deacons,NEC,0,1,0,0.80967,0.8959465143549767
1359,Wake Forest Demon Deacons,Mount St. Mary's Mountaineers,ACC,1,0,0,1.37235,1.2496214457943084
1360,Lafayette Leopards,Yale Bulldogs,Patriot,0,1,0,0.89337,0.9857203248992568
1361,Yale Bulldogs,Lafayette Leopards,Ivy,1,0,0,1.25391,1.1137685526820837
1362,UAlbany Great Danes,Colgate Raiders,AM. EAST,0,1,0,1.32415,1.3352235048056846
1363,Colgate Raiders,UAlbany Great Danes,Patriot,1,0,0,1.21084,1.1765427993132431
1364,Delaware State Hornets,Iona Gaels,MEAC,0,1,0,0.92011,0.9725169387337945
1365,Iona Gaels,Delaware State Hornets,MAAC,1,0,0,1.49692,1.4148654978123356
1366,Davidson Wildcats,UCF Knights,A-10,0,1,0,1.35041,1.2518214204173224
1367,UCF Knights,Davidson Wildcats,American,1,0,0,0.95782,0.9200296456411416
1368,Mississippi Valley State Delta Devils,North Texas Mean Green,SWAC,0,1,0,0.7461,0.8732768972777687
1369,North Texas Mean Green,Mississippi Valley State Delta Devils,CUSA,1,0,0,0.97203,0.7847527671951584
1370,Canisius Golden Griffins,Cornell Big Red,MAAC,0,1,0,0.90006,0.920885601391909
1371,Cornell Big Red,Canisius Golden Griffins,Ivy,1,0,0,0.98799,1.0095648588808779
1372,Morehead State Eagles,Marshall Thundering Herd,OVC,0,1,0,1.14062,1.1432690316794143
1373,Marshall Thundering Herd,Morehead State Eagles,CUSA,1,0,0,0.97782,0.9757754624544432
1374,Tennessee Tech Golden Eagles,SE Louisiana Lions,OVC,0,1,0,0.97115,0.9652694916659412
1375,SE Louisiana Lions,Tennessee Tech Golden Eagles,Southland,1,0,0,1.28564,1.2111981063887391
1376,UNC Asheville Bulldogs,South Carolina Gamecocks,Big South,0,1,0,0.99143,1.125654137079389
1377,South Carolina Gamecocks,UNC Asheville Bulldogs,SEC,1,0,0,1.16702,1.027591250398388
1378,UT Rio Grande Valley Vaqueros,Utah Utes,WAC,0,1,0,0.80489,1.0575670960461543
1379,Utah Utes,UT Rio Grande Valley Vaqueros,Pac-12,1,0,0,1.38433,1.2069658550481466
1380,UC Riverside Highlanders,Loyola Marymount Lions,Big West,0,1,0,0.86852,0.7968919472946955
1381,Loyola Marymount Lions,UC Riverside Highlanders,WCC,1,0,0,0.96559,0.8745102392439386
1382,Lehigh Mountain Hawks,DePaul Blue Demons,Patriot,0,0,1,1.27539,1.2855061839980695
1383,DePaul Blue Demons,Lehigh Mountain Hawks,Big East,0,0,1,1.11007,1.041193625813312
1384,Texas Southern Tigers,SMU Mustangs,SWAC,0,1,0,0.92614,1.1244492628422014
1385,SMU Mustangs,Texas Southern Tigers,American,1,0,0,1.12208,1.0104039211090647
1386,Radford Highlanders,TCU Horned Frogs,Big South,0,1,0,0.86117,0.9605236820308599
1387,TCU Horned Frogs,Radford Highlanders,Big 12,1,0,0,1.20443,1.0564684827700372
1388,Kansas State Wildcats,Pittsburgh Panthers,Big 12,0,0,1,0.89865,0.806511926664184
1389,Pittsburgh Panthers,Kansas State Wildcats,ACC,0,0,1,1.27566,1.256018957809662
1390,Florida Gulf Coast Eagles,Green Bay Phoenix,ASUN,0,0,1,0.76945,0.8945013194507245
1391,Green Bay Phoenix,Florida Gulf Coast Eagles,Horizon,0,0,1,0.99576,1.013357125204786
1392,Auburn Tigers,Oregon State Beavers,SEC,0,0,1,1.11922,1.1603749856892136
1393,Oregon State Beavers,Auburn Tigers,Pac-12,0,0,1,1.11469,1.0754118229361478
1394,Northern Illinois Huskies,Iowa Hawkeyes,MAC,0,0,1,0.84674,0.9212748276930748
1395,Iowa Hawkeyes,Northern Illinois Huskies,Big Ten,0,0,1,1.18834,1.0992459037325113
1396,Stetson Hatters,Wyoming Cowboys,ASUN,0,1,0,0.74146,0.8324435109042704
1397,Wyoming Cowboys,Stetson Hatters,Mountain West,1,0,0,1.22041,1.061580772845666
1398,Florida A&M Rattlers,New Mexico State Aggies,MEAC,0,1,0,0.49935,0.6393577531641629
1399,New Mexico State Aggies,Florida A&M Rattlers,WAC,1,0,0,1.16806,1.1087488396179563
1400,Eastern Kentucky Colonels,Southern Utah Thunderbirds,OVC,0,1,0,1.0692,0.974345138066262
1401,Southern Utah Thunderbirds,Eastern Kentucky Colonels,Big Sky,1,0,0,0.91575,0.9210534604335925
1402,Utah Valley Wolverines,Idaho State Bengals,WAC,0,1,0,1.10424,1.1595581149276242
1403,Idaho State Bengals,Utah Valley Wolverines,Big Sky,1,0,0,1.07408,0.9900602089229448
1404,Northern Kentucky Norse,Eastern Washington Eagles,ASUN,0,1,0,0.91535,0.893208050676378
1405,Eastern Washington Eagles,Northern Kentucky Norse,Big Sky,1,0,0,1.27147,1.1538995525171
1406,Northwestern Wildcats,Northern Iowa Panthers,Big Ten,0,0,1,0.80246,0.7843932413621294
1407,Northern Iowa Panthers,Northwestern Wildcats,MVC,0,0,1,1.15699,1.1518629535797411
1408,Georgetown Hoyas,Florida Gators,Big East,0,0,1,1.00102,1.0574425551146391
1409,Florida Gators,Georgetown Hoyas,SEC,0,0,1,0.96231,0.9776788283386229
1410,Cal Poly Mustangs,California Golden Bears,Big West,0,1,0,0.86418,0.9296180530057591
1411,California Golden Bears,Cal Poly Mustangs,Pac-12,1,0,0,1.21359,1.1455384076087456
1412,Georgia Bulldogs,Gonzaga Bulldogs,SEC,0,0,1,1.14073,1.1864066480116402
1413,Gonzaga Bulldogs,Georgia Bulldogs,WCC,0,0,1,1.32085,1.3754767338195932
1414,Utah State Aggies,UC Davis Aggies,Mountain West,0,1,0,1.11493,1.075004885866358
1415,UC Davis Aggies,Utah State Aggies,Big West,1,0,0,1.19643,1.1650665087194458
1416,Arizona Wildcats,San Diego State Aztecs,Pac-12,0,0,1,1.04923,1.1255620574656524
1417,San Diego State Aztecs,Arizona Wildcats,Mountain West,0,0,1,0.99835,1.1678648625533685
1418,Alabama State Hornets,North Dakota Fighting Hawks,SWAC,0,0,1,1.01306,1.0508775934677888
1419,North Dakota Fighting Hawks,Alabama State Hornets,Big Sky,0,0,1,1.15433,1.1268200969867246
1420,Portland State Vikings,Cal State Northridge Matadors,Big Sky,0,1,0,0.98065,0.9302637303394053
1421,Cal State Northridge Matadors,Portland State Vikings,Big West,1,0,0,0.82553,0.7369342774334537
1422,Tulsa Golden Hurricane,Oklahoma State Cowboys,American,0,0,1,0.9446,1.0335050853321264
1423,Oklahoma State Cowboys,Tulsa Golden Hurricane,Big 12,0,0,1,1.18741,1.1937237069261222
1424,Missouri State Bears,Colorado State Rams,MVC,0,0,1,0.98729,1.0230198373113182
1425,Colorado State Rams,Missouri State Bears,Mountain West,0,0,1,1.24633,1.2060102080542983
1426,Robert Morris Colonials,UL Monroe Warhawks,NEC,0,0,1,1.25779,1.3581928751712204
1427,UL Monroe Warhawks,Robert Morris Colonials,Sun Belt,0,0,1,0.91972,0.905254177483584
1428,Butler Bulldogs,Oklahoma Sooners,Big East,0,0,1,0.73447,0.8019565085721269
1429,Oklahoma Sooners,Butler Bulldogs,Big 12,0,0,1,0.95019,1.025714172828976
1430,Santa Clara Broncos,Tennessee Volunteers,WCC,0,0,1,1.04607,1.023976391010317
1431,Tennessee Volunteers,Santa Clara Broncos,SEC,0,0,1,1.12765,1.0253620528777014
1432,Coastal Carolina Chanticleers,Chattanooga Mocs,Big South,0,1,0,1.06066,1.0873499469170769
1433,Princeton Tigers,UTEP Miners,Ivy,0,0,1,1.01485,1.0872688442934058
1434,UTEP Miners,Princeton Tigers,CUSA,0,0,1,1.15741,1.1215662362103418
1435,Brown Bears,Austin Peay Governors,Ivy,0,0,1,0.79079,0.7589508644441616
1436,Austin Peay Governors,Brown Bears,OVC,0,0,1,1.09957,1.0729991608559761
1437,Kansas Jayhawks,Rhode Island Rams,Big 12,0,0,1,1.27688,1.3034357310079168
1438,Rhode Island Rams,Kansas Jayhawks,A-10,0,0,1,1.01527,1.1250785451580854
1439,Georgetown Hoyas,Wisconsin Badgers,Big East,0,0,1,1.15307,1.1938509145213962
1440,Wisconsin Badgers,Georgetown Hoyas,Big Ten,0,0,1,1.20301,1.2016333799186059
1441,Florida International Panthers,South Carolina Upstate Spartans,CUSA,0,1,0,0.85041,0.8347292898117336
1442,South Carolina Upstate Spartans,Florida International Panthers,ASUN,1,0,0,1.11866,1.1175238851761333
1443,San Diego Toreros,Xavier Musketeers,WCC,0,0,1,1.15057,1.1672325183783925
1444,Xavier Musketeers,San Diego Toreros,Big East,0,0,1,1.39479,1.3726888228050602
1445,Indiana State Sycamores,Illinois Fighting Illini,MVC,0,0,1,0.83055,0.9163862782187355
1446,Illinois Fighting Illini,Indiana State Sycamores,Big Ten,0,0,1,1.17041,1.0922856721252392
1447,Cal State Fullerton Titans,Wright State Raiders,Big West,0,0,1,1.0652,1.0529587760905523
1448,Wright State Raiders,Cal State Fullerton Titans,Horizon,0,0,1,0.96856,0.9007129591530114
1449,Western Kentucky Hilltoppers,Saint Joseph's Hawks,CUSA,0,0,1,1.03698,1.0885386726910404
1450,Saint Joseph's Hawks,Western Kentucky Hilltoppers,A-10,0,0,1,0.98176,0.9769209728650495
1451,Michigan State Spartans,Rider Broncs,Big Ten,0,0,1,1.20433,1.1409851228058645
1452,Rider Broncs,Michigan State Spartans,MAAC,0,0,1,0.72833,0.8801108784265262
1453,North Carolina Tar Heels,UCLA Bruins,ACC,0,0,1,1.10755,1.0663194367934934
1454,UCLA Bruins,North Carolina Tar Heels,Pac-12,0,0,1,0.80438,0.8502669490094676
1455,Long Beach State Beach,Western Michigan Broncos,Big West,0,0,1,1.04395,1.0213878926344195
1456,Western Michigan Broncos,Long Beach State Beach,MAC,0,0,1,0.74911,0.7423525028945751
1457,Marquette Golden Eagles,Georgia Tech Yellow Jackets,Big East,0,0,1,1.15243,1.1544599836753053
1458,Georgia Tech Yellow Jackets,Marquette Golden Eagles,ACC,0,0,1,1.09091,1.0730916145495306
1459,Florida Gators,UAB Blazers,SEC,0,0,1,1.03944,1.0187372291216699
1460,UAB Blazers,Florida Gators,CUSA,0,0,1,0.81489,0.9615860055766945
1461,Prairie View A&M Panthers,Stephen F. Austin Lumberjacks,SWAC,0,0,1,0.8278,0.9820897539871395
1462,Stephen F. Austin Lumberjacks,Prairie View A&M Panthers,Southland,0,0,1,0.99116,0.9959368078000297
1463,Rice Owls,Mercer Bears,CUSA,0,0,1,1.08955,1.0788022164546722
1464,Mercer Bears,Rice Owls,Southern,0,0,1,1.19074,1.147119937083067
1465,San José State Spartans,Washington Huskies,Mountain West,0,0,1,0.81745,0.850496163670717
1466,Washington Huskies,San José State Spartans,Pac-12,0,0,1,1.10997,0.9772683839093769
1467,Washington State Cougars,UC Santa Barbara Gauchos,Pac-12,0,0,1,0.72338,0.6818167854745377
1468,UC Santa Barbara Gauchos,Washington State Cougars,Big West,0,0,1,1.18523,1.1278250808331065
1469,Memphis Tigers,Baylor Bears,American,0,0,1,0.86499,0.9858029050804347
1470,Baylor Bears,Memphis Tigers,Big 12,0,0,1,1.31132,1.3148695450077406
1471,North Texas Mean Green,Arkansas Razorbacks,CUSA,0,1,0,1.14245,1.2022818566035671
1472,Arkansas Razorbacks,North Texas Mean Green,SEC,1,0,0,1.38371,1.292223766989148
1473,South Alabama Jaguars,Miami Hurricanes,Sun Belt,0,1,0,1.12963,1.2140733537446102
1474,Miami Hurricanes,South Alabama Jaguars,ACC,1,0,0,1.33037,1.1492658856865943
1475,Tennessee Volunteers,Kansas Jayhawks,SEC,0,0,1,1.1057,1.1632970930786612
1476,Kansas Jayhawks,Tennessee Volunteers,Big 12,0,0,1,1.37858,1.3276669577803553
1477,New Orleans Privateers,Texas A&M Aggies,Southland,0,1,0,0.96892,1.0795996828872005
1478,Texas A&M Aggies,New Orleans Privateers,SEC,1,0,0,1.26997,1.09986856910726
1479,Eastern Illinois Panthers,North Carolina Central Eagles,OVC,0,0,1,0.7739,0.8191526698090186
1480,North Carolina Central Eagles,Eastern Illinois Panthers,MEAC,0,0,1,1.2843,1.348722870525805
1481,Radford Highlanders,North Carolina A&T Aggies,Big South,0,0,1,1.15386,1.0861708290088519
1482,North Carolina A&T Aggies,Radford Highlanders,MEAC,0,0,1,0.99958,1.052446152048956
1483,Butler Bulldogs,Georgetown Hoyas,Big East,0,0,1,1.10668,1.1083854850956527
1484,Georgetown Hoyas,Butler Bulldogs,Big East,0,0,1,1.00094,1.0738215109687699
1485,Prairie View A&M Panthers,Brown Bears,SWAC,0,0,1,1.03816,1.1120488270445756
1486,Brown Bears,Prairie View A&M Panthers,Ivy,0,0,1,1.20329,1.1826288978107689
1487,Santa Clara Broncos,Rhode Island Rams,WCC,0,0,1,0.8994,0.9547751642378783
1488,Rhode Island Rams,Santa Clara Broncos,A-10,0,0,1,1.26658,1.2165035049571256
1489,Southern Jaguars,Northern Arizona Lumberjacks,SWAC,0,0,1,0.97424,1.0850838185840257
1490,Northern Arizona Lumberjacks,Southern Jaguars,Big Sky,0,0,1,1.1738,1.1741950645199337
1491,UTEP Miners,Xavier Musketeers,CUSA,0,0,1,1.15507,1.23054387375028
1492,Xavier Musketeers,UTEP Miners,Big East,0,0,1,1.09255,1.0740846839597378
1493,Purdue Fort Wayne Mastodons,Dartmouth Big Green,Summit,0,1,0,1.00855,1.0345230899665108
1494,Dartmouth Big Green,Purdue Fort Wayne Mastodons,Ivy,1,0,0,1.03376,0.9629265123485574
1495,Wright State Raiders,Florida International Panthers,Horizon,0,0,1,0.92614,0.9135069981022992
1496,Florida International Panthers,Wright State Raiders,CUSA,0,0,1,0.97278,0.9645655539939865
1497,James Madison Dukes,Ohio State Buckeyes,CAA,0,1,0,0.87273,1.00014501214809
1498,Ohio State Buckeyes,James Madison Dukes,Big Ten,1,0,0,1.14797,0.9942642471359504
1499,Lamar Cardinals,Texas Southern Tigers,Southland,0,1,0,0.97864,0.9305805622532087
1500,Texas Southern Tigers,Lamar Cardinals,SWAC,1,0,0,1.17768,1.1974119595349075
1501,Mississippi Valley State Delta Devils,Texas A&M-Corpus Christi Islanders,SWAC,0,1,0,1.13524,1.210164469505869
1502,Texas A&M-Corpus Christi Islanders,Mississippi Valley State Delta Devils,Southland,1,0,0,1.27157,1.1103413870560321
1503,Yale Bulldogs,Providence Friars,Ivy,0,1,0,0.99407,1.0968127485589947
1504,Providence Friars,Yale Bulldogs,Big East,1,0,0,1.14329,1.0976533891589335
1505,Penn State Nittany Lions,Bucknell Bison,Big Ten,0,1,0,1.32008,1.2002098418770313
1506,Bucknell Bison,Penn State Nittany Lions,Patriot,1,0,0,1.18103,1.2611429318597374
1507,Oklahoma Sooners,Wisconsin Badgers,Big 12,0,0,1,0.82907,0.8724935763816023
1508,Wisconsin Badgers,Oklahoma Sooners,Big Ten,0,0,1,1.03388,1.09828440339508
1509,Minnesota Golden Gophers,Georgia Bulldogs,Big Ten,0,0,1,1.07221,1.092292533552379
1510,Georgia Bulldogs,Minnesota Golden Gophers,SEC,0,0,1,0.98993,0.9681173116357151
1511,Stephen F. Austin Lumberjacks,Austin Peay Governors,Southland,0,0,1,1.28353,1.2771287744334225
1512,Austin Peay Governors,Stephen F. Austin Lumberjacks,OVC,0,0,1,0.96914,1.02297008779854
1513,Princeton Tigers,San Diego Toreros,Ivy,0,0,1,1.09916,1.167942983138728
1514,San Diego Toreros,Princeton Tigers,WCC,0,0,1,1.2926,1.197944880838454
1515,Norfolk State Spartans,St. Francis Brooklyn Terriers,MEAC,0,0,1,1.04167,1.1120731950132934
1516,St. Francis Brooklyn Terriers,Norfolk State Spartans,NEC,0,0,1,0.97796,0.993407762649223
1517,Charleston Southern Buccaneers,Florida State Seminoles,Big South,0,1,0,0.78059,0.8445993343938832
1518,Florida State Seminoles,Charleston Southern Buccaneers,ACC,1,0,0,0.97509,0.777486800269073
1519,Middle Tennessee Blue Raiders,Cincinnati Bearcats,CUSA,0,0,1,1.01229,1.1455202410942276
1520,Cincinnati Bearcats,Middle Tennessee Blue Raiders,American,0,0,1,1.38434,1.4186069081767954
1521,Valparaiso Beacons,Drake Bulldogs,Horizon,0,0,1,1.28553,1.164787259978042
1522,Drake Bulldogs,Valparaiso Beacons,MVC,0,0,1,0.90889,0.9462531551262293
1523,Cal State Fullerton Titans,South Carolina Upstate Spartans,Big West,0,1,0,0.97867,0.9589625119082995
1524,South Carolina Upstate Spartans,Cal State Fullerton Titans,ASUN,1,0,0,1.17761,1.1212598462268457
1525,Rice Owls,Washington State Cougars,CUSA,0,0,1,1.1204,1.0670218587365405
1526,Washington State Cougars,Rice Owls,Pac-12,0,0,1,1.16834,1.111805879195806
1527,St. John's Red Storm,Gonzaga Bulldogs,Big East,0,0,1,1.02428,1.05629330476867
1528,Gonzaga Bulldogs,St. John's Red Storm,WCC,0,0,1,1.10205,1.1327192975985971
1529,Rider Broncs,Georgia Tech Yellow Jackets,MAAC,0,0,1,0.91972,1.0243978118572687
1530,Georgia Tech Yellow Jackets,Rider Broncs,ACC,0,0,1,1.06257,0.9980173743427118
1531,Bradley Braves,TCU Horned Frogs,MVC,0,0,1,0.85698,0.9247519230938117
1532,TCU Horned Frogs,Bradley Braves,Big 12,0,0,1,1.01461,0.9480391567360138
1533,Alabama State Hornets,UT Rio Grande Valley Vaqueros,SWAC,0,0,1,1.17783,1.2010475608761406
1534,UT Rio Grande Valley Vaqueros,Alabama State Hornets,WAC,0,0,1,1.04378,1.1205562090144574
1535,Savannah State Tigers,Jacksonville State Gamecocks,MEAC,0,1,0,1.07186,1.0877189668252285
1536,Jacksonville State Gamecocks,Savannah State Tigers,OVC,1,0,0,1.12498,1.0769162313771365
1537,Delaware State Hornets,Wake Forest Demon Deacons,MEAC,0,1,0,1.03306,1.1558663111224519
1538,Wake Forest Demon Deacons,Delaware State Hornets,ACC,1,0,0,0.98299,0.7939978159901726
1539,Boise State Broncos,NC State Wolfpack,Mountain West,0,1,0,0.89971,0.9631462981329767
1540,NC State Wolfpack,Boise State Broncos,ACC,1,0,0,1.03752,0.9820234870282473
1541,Vanderbilt Commodores,Rutgers Scarlet Knights,SEC,0,0,1,1.12547,1.0817792340854218
1542,Rutgers Scarlet Knights,Vanderbilt Commodores,Big Ten,0,0,1,1.19328,1.1437663785535743
1543,Holy Cross Crusaders,Syracuse Orange,Patriot,0,1,0,0.7436,0.894929528021074
1544,Syracuse Orange,Holy Cross Crusaders,ACC,1,0,0,1.1194,0.9616564635331472
1545,High Point Panthers,Clemson Tigers,Big South,0,1,0,0.98302,1.1000760527774724
1546,Clemson Tigers,High Point Panthers,ACC,1,0,0,1.00848,0.8571927202587201
1547,Monmouth Hawks,Maryland Terrapins,MAAC,0,1,0,1.00923,1.130032739452268
1548,Maryland Terrapins,Monmouth Hawks,Big Ten,1,0,0,1.10623,1.005218013521706
1549,Tennessee State Tigers,Saint Peter's Peacocks,OVC,0,1,0,0.98463,1.0191691457709713
1550,Saint Peter's Peacocks,Tennessee State Tigers,MAAC,1,0,0,1.14279,1.0860880822780583
1551,Memphis Tigers,Indiana State Sycamores,American,0,0,1,1.06293,1.0737713568756777
1552,Indiana State Sycamores,Memphis Tigers,MVC,0,0,1,0.89451,0.9666830102230072
1553,North Carolina Tar Heels,Florida Gators,ACC,0,0,1,1.13818,1.1903127014744395
1554,Florida Gators,North Carolina Tar Heels,SEC,0,0,1,0.97867,1.006475524548841
1555,SE Louisiana Lions,Tulane Green Wave,Southland,0,1,0,0.97817,1.0136736264953121
1556,Tulane Green Wave,SE Louisiana Lions,American,1,0,0,1.19442,1.1425562638963418
1557,UT Martin Skyhawks,Nebraska Cornhuskers,OVC,0,1,0,0.97924,1.0941024809760187
1558,Nebraska Cornhuskers,UT Martin Skyhawks,Big Ten,1,0,0,1.14822,0.9868323445241809
1559,Cleveland State Vikings,Marshall Thundering Herd,Horizon,0,1,0,1.15439,1.1360541670137618
1560,Marshall Thundering Herd,Cleveland State Vikings,CUSA,1,0,0,0.98554,0.9682950048667296
1561,Samford Bulldogs,Louisiana Tech Bulldogs,Southern,0,1,0,0.93528,0.9572346375042686
1562,Louisiana Tech Bulldogs,Samford Bulldogs,CUSA,1,0,0,1.10419,1.0092826734943205
1563,Hofstra Pride,Jackson State Tigers,CAA,0,1,0,1.29982,1.2812796442065961
1564,Jackson State Tigers,Hofstra Pride,SWAC,1,0,0,0.84005,0.8954670045341705
1565,Ole Miss Rebels,Creighton Bluejays,SEC,0,0,1,1.23537,1.162075949699251
1566,Creighton Bluejays,Ole Miss Rebels,Big East,0,0,1,1.09853,1.0749062900549733
1567,Western Michigan Broncos,San José State Spartans,MAC,0,0,1,1.36606,1.2593348466756487
1568,San José State Spartans,Western Michigan Broncos,Mountain West,0,0,1,1.00741,0.9816732785873915
1569,Portland Pilots,Murray State Racers,WCC,0,0,1,1.05955,1.015653017688735
1570,Murray State Racers,Portland Pilots,OVC,0,0,1,1.02952,1.0366598607581847
1571,Michigan State Spartans,Marquette Golden Eagles,Big Ten,0,0,1,1.28742,1.2708093630126835
1572,Marquette Golden Eagles,Michigan State Spartans,Big East,0,0,1,1.10816,1.1572930502445626
1573,UNC Greensboro Spartans,Indiana Hoosiers,Southern,0,1,0,1.17425,1.1180528814857966
1574,Indiana Hoosiers,UNC Greensboro Spartans,Big Ten,1,0,0,1.31799,1.1580553942601561
1575,UT Arlington Mavericks,Montana State Bobcats,Sun Belt,0,1,0,1.17057,1.1150919289927863
1576,Montana State Bobcats,UT Arlington Mavericks,Big Sky,1,0,0,1.51473,1.4915934461909812
1577,Stetson Hatters,Northern Colorado Bears,ASUN,0,1,0,1.12829,1.0083510008949434
1578,Northern Colorado Bears,Stetson Hatters,Big Sky,1,0,0,1.41794,1.2709009254433234
1579,Pacific Tigers,Colorado State Rams,WCC,0,0,1,1.06701,1.0629358053260134
1580,Colorado State Rams,Pacific Tigers,Mountain West,0,0,1,1.33501,1.2624018309911522
1581,Mississippi State Bulldogs,Saint Louis Billikens,SEC,0,0,1,1.22147,1.1090543245867204
1582,Saint Louis Billikens,Mississippi State Bulldogs,A-10,0,0,1,0.81738,0.8538911745246752
1583,La Salle Explorers,Virginia Cavaliers,A-10,0,0,1,0.94086,1.1260423130506068
1584,Virginia Cavaliers,La Salle Explorers,ACC,0,0,1,1.1558,1.1711131149491696
1585,North Dakota Fighting Hawks,Utah Utes,Big Sky,0,1,0,0.84159,0.9899809840184212
1586,Utah Utes,North Dakota Fighting Hawks,Pac-12,1,0,0,1.40009,1.2373258876397946
1587,UCLA Bruins,UAB Blazers,Pac-12,0,0,1,1.25847,1.2558486535822964
1588,UAB Blazers,UCLA Bruins,CUSA,0,0,1,1.10445,1.1577827408957482
1589,Baylor Bears,Illinois Fighting Illini,Big 12,0,0,1,0.89286,0.910072813003469
1590,Illinois Fighting Illini,Baylor Bears,Big Ten,0,0,1,1.01038,1.0422272203299963
1591,Long Beach State Beach,Washington Huskies,Big West,0,0,1,1.09353,1.129750777717745
1592,Washington Huskies,Long Beach State Beach,Pac-12,0,0,1,1.30371,1.2709760401283032
1593,Mercer Bears,UC Santa Barbara Gauchos,Southern,0,0,1,0.93117,0.9025208433617986
1594,UC Santa Barbara Gauchos,Mercer Bears,Big West,0,0,1,0.95959,0.9448154385512381
1595,Tulsa Golden Hurricane,Wichita State Shockers,American,0,1,0,0.97901,1.0842873846221361
1596,Wichita State Shockers,Tulsa Golden Hurricane,MVC,1,0,0,1.36487,1.4066290217467814
1597,Nicholls Colonels,Michigan Wolverines,Southland,0,1,0,1.01674,1.115906149769812
1598,Michigan Wolverines,Nicholls Colonels,Big Ten,1,0,0,1.45744,1.2842031058039676
1599,VCU Rams,Old Dominion Monarchs,A-10,0,1,0,1.07903,1.1457708140186684
1600,Old Dominion Monarchs,VCU Rams,CUSA,1,0,0,1.20319,1.256115476550954
1601,Mississippi Valley State Delta Devils,North Carolina A&T Aggies,SWAC,0,0,1,0.99006,1.0186712661333148
1602,North Carolina A&T Aggies,Mississippi Valley State Delta Devils,MEAC,0,0,1,0.91451,0.8404296478722278
1603,Eastern Illinois Panthers,Southern Jaguars,OVC,0,0,1,1.04321,1.0474315103590672
1604,Southern Jaguars,Eastern Illinois Panthers,SWAC,0,0,1,0.83567,0.9289490129182714
1605,Chattanooga Mocs,Kennesaw State Owls,Southern,0,1,0,0.91258,0.772079086925112
1606,Kennesaw State Owls,Chattanooga Mocs,ASUN,1,0,0,1.0504,1.063442740261122
1607,Towson Tigers,UMBC Retrievers,CAA,0,1,0,1.21381,1.1289012787089718
1608,UMBC Retrievers,Towson Tigers,AM. EAST,1,0,0,1.1046,1.0888369914555052
1609,Chicago State Cougars,Notre Dame Fighting Irish,WAC,0,0,1,0.67557,0.8393062267914083
1610,Notre Dame Fighting Irish,Chicago State Cougars,ACC,0,0,1,1.4722,1.3434597428947441
1611,St. Francis (PA) Red Flash,Navy Midshipmen,NEC,0,1,0,1.31602,1.3370835873043065
1612,Navy Midshipmen,St. Francis (PA) Red Flash,Patriot,1,0,0,1.06999,1.0623338677052505
1613,Texas A&M-Corpus Christi Islanders,Radford Highlanders,Southland,1,0,0,0.83246,0.7981778912327602
1614,Radford Highlanders,Texas A&M-Corpus Christi Islanders,Big South,0,1,0,1.04533,1.0239540323814063
1615,Georgia State Panthers,IU Indianapolis Jaguars,Sun Belt,0,1,0,1.09895,1.1245056479593296
1616,IU Indianapolis Jaguars,Georgia State Panthers,Summit,1,0,0,1.05034,1.1040130330342084
1617,Cornell Big Red,Binghamton Bearcats,Ivy,0,0,1,1.12936,1.0785359729548336
1618,Binghamton Bearcats,Cornell Big Red,AM. EAST,0,0,1,0.88666,0.956236284157764
1619,Massachusetts Minutemen,Harvard Crimson,A-10,0,1,0,1.12222,1.1834011938282125
1620,Harvard Crimson,Massachusetts Minutemen,Ivy,1,0,0,1.18085,1.1660389255011647
1621,UNC Wilmington Seahawks,Davidson Wildcats,CAA,0,1,0,0.73126,0.72885297811513
1622,Davidson Wildcats,UNC Wilmington Seahawks,A-10,1,0,0,1.07143,1.0383320586375115
1623,UIC Flames,Dayton Flyers,Horizon,0,1,0,0.69558,0.7724975328124175
1624,Dayton Flyers,UIC Flames,A-10,1,0,0,1.24166,1.1365877361244625
1625,Nevada Wolf Pack,Omaha Mavericks,Mountain West,0,1,0,0.76802,0.747664859694561
1626,Omaha Mavericks,Nevada Wolf Pack,Summit,1,0,0,1.15543,1.1325761144210322
1627,Jacksonville Dolphins,South Florida Bulls,ASUN,0,1,0,0.95203,0.9606859499399516
1628,South Florida Bulls,Jacksonville Dolphins,American,1,0,0,1.18644,1.0126187112216114
1629,St. Bonaventure Bonnies,Niagara Purple Eagles,A-10,0,0,1,1.10119,0.9882152336873388
1630,Niagara Purple Eagles,St. Bonaventure Bonnies,MAAC,0,0,1,0.88201,0.930674511017338
1631,Longwood Lancers,Iowa Hawkeyes,Big South,0,0,1,0.69277,0.812431483235727
1632,Iowa Hawkeyes,Longwood Lancers,Big Ten,0,0,1,1.18023,0.9950371408847751
1633,North Carolina Central Eagles,Northern Arizona Lumberjacks,MEAC,0,0,1,0.78203,0.8640176761915596
1634,Northern Arizona Lumberjacks,North Carolina Central Eagles,Big Sky,0,0,1,0.71729,0.758716223969885
1635,South Carolina State Bulldogs,Georgia Southern Eagles,MEAC,0,1,0,0.95114,1.0841242614466813
1636,Georgia Southern Eagles,South Carolina State Bulldogs,Sun Belt,1,0,0,1.17994,1.1067118289187907
1637,Toledo Rockets,Oakland Golden Grizzlies,MAC,0,0,1,1.16825,1.0731470308965643
1638,Oakland Golden Grizzlies,Toledo Rockets,Horizon,0,0,1,1.20124,1.1899840047592753
1639,Youngstown State Penguins,Illinois State Redbirds,Horizon,0,1,0,0.98551,1.0690877048680745
1640,Illinois State Redbirds,Youngstown State Penguins,MVC,1,0,0,1.15409,1.0027970885596509
1641,Fairfield Stags,Northeastern Huskies,MAAC,0,1,0,0.76034,0.8125002520504758
1642,Northeastern Huskies,Fairfield Stags,CAA,1,0,0,0.94366,0.9086365723241803
1643,Florida International Panthers,Cal State Fullerton Titans,CUSA,0,0,1,0.99098,0.9357026173323351
1644,Cal State Fullerton Titans,Florida International Panthers,Big West,0,0,1,1.06769,1.0635998783781888
1645,Abilene Christian Wildcats,UC Riverside Highlanders,Southland,0,1,0,0.91546,0.9424183648713069
1646,UC Riverside Highlanders,Abilene Christian Wildcats,Big West,1,0,0,1.26951,1.121168701582259
1647,Pennsylvania Quakers,Wagner Seahawks,Ivy,0,1,0,1.05341,0.9924486369603158
1648,Wagner Seahawks,Pennsylvania Quakers,NEC,1,0,0,1.12918,1.1000968137209737
1649,Central Arkansas Bears,Little Rock Trojans,Southland,0,1,0,1.07435,1.050359303466382
1650,Little Rock Trojans,Central Arkansas Bears,Sun Belt,1,0,0,1.30208,1.1440472753536688
1651,Maryland Eastern Shore Hawks,Fordham Rams,MEAC,0,1,0,1.14819,1.2168639678846482
1652,Fordham Rams,Maryland Eastern Shore Hawks,A-10,1,0,0,1.04738,0.9431763826277599
1653,George Washington Revolutionaries,Seton Hall Pirates,A-10,0,0,1,0.94761,0.9724653401570676
1654,Seton Hall Pirates,George Washington Revolutionaries,Big East,0,0,1,1.01438,1.004794188611357
1655,American University Eagles,Columbia Lions,Patriot,0,1,0,0.79081,0.7822262412723573
1656,Columbia Lions,American University Eagles,Ivy,1,0,0,0.99571,0.9817080670266349
1657,Manhattan Jaspers,George Mason Patriots,MAAC,0,1,0,1.08579,1.0831424517175792
1658,George Mason Patriots,Manhattan Jaspers,A-10,1,0,0,1.05086,1.0251179513413058
1659,Saint Louis Billikens,Bradley Braves,A-10,0,0,1,1.02191,1.0185712901982023
1660,Bradley Braves,Saint Louis Billikens,MVC,0,0,1,1.00567,0.9508571084192227
1661,Wofford Terriers,William & Mary Tribe,Southern,0,1,0,1.08799,1.00915532923271
1662,William & Mary Tribe,Wofford Terriers,CAA,1,0,0,1.15275,1.1958890225070178
1663,Buffalo Bulls,Canisius Golden Griffins,MAC,1,0,0,1.09139,1.0798019290170784
1664,Canisius Golden Griffins,Buffalo Bulls,MAAC,1,0,0,0.84483,0.8698043623413535
1665,Tennessee State Tigers,St. Francis Brooklyn Terriers,OVC,0,0,1,0.94366,0.9424596712171601
1666,St. Francis Brooklyn Terriers,Tennessee State Tigers,NEC,0,0,1,0.95789,0.9654807884677445
1667,Florida A&M Rattlers,Stetson Hatters,MEAC,0,0,1,1.00083,0.9623990454731977
1668,Stetson Hatters,Florida A&M Rattlers,ASUN,0,0,1,1.20222,1.0993174966267527
1669,Middle Tennessee Blue Raiders,Creighton Bluejays,CUSA,0,0,1,0.92096,0.9242760569183359
1670,Creighton Bluejays,Middle Tennessee Blue Raiders,Big East,0,0,1,1.09467,1.0430533286034036
1671,Grand Canyon Lopes,Central Michigan Chippewas,WAC,0,0,1,1.25718,1.3647953701769355
1672,Central Michigan Chippewas,Grand Canyon Lopes,MAC,0,0,1,1.29227,1.175965071145252
1673,Wright State Raiders,South Carolina Upstate Spartans,Horizon,0,1,0,0.99477,0.96651963163241
1674,South Carolina Upstate Spartans,Wright State Raiders,ASUN,1,0,0,0.92039,0.9111027828884971
1675,UT Rio Grande Valley Vaqueros,North Dakota Fighting Hawks,WAC,0,0,1,1.2005,1.2383175934677886
1676,North Dakota Fighting Hawks,UT Rio Grande Valley Vaqueros,Big Sky,0,0,1,0.939,0.8579314488484077
1677,Drake Bulldogs,Portland Pilots,MVC,0,0,1,1.08278,1.062497330885273
1678,Portland Pilots,Drake Bulldogs,WCC,0,0,1,1.33789,1.1709055627854779
1679,Missouri State Bears,Washington State Cougars,MVC,0,0,1,1.26959,1.1972045353499576
1680,Washington State Cougars,Missouri State Bears,Pac-12,0,0,1,1.31018,1.2185329172463015
1681,UAlbany Great Danes,UNLV Rebels,AM. EAST,0,1,0,0.90327,1.0209005207893638
1682,UNLV Rebels,UAlbany Great Danes,Mountain West,1,0,0,1.14084,1.0848060724791206
1683,New Mexico State Aggies,Wyoming Cowboys,WAC,0,1,0,1.2034,1.371153004290081
1684,Wyoming Cowboys,New Mexico State Aggies,Mountain West,1,0,0,1.25696,1.2765694805366317
1685,Mississippi State Bulldogs,TCU Horned Frogs,SEC,0,0,1,0.9058,0.9159691392613095
1686,TCU Horned Frogs,Mississippi State Bulldogs,Big 12,0,0,1,1.01245,0.985729041062487
1687,La Salle Explorers,Vanderbilt Commodores,A-10,0,0,1,1.026,1.0454432790530155
1688,Vanderbilt Commodores,La Salle Explorers,SEC,0,0,1,1.31076,1.3440263118323394
1689,Alabama A&M Bulldogs,Southeast Missouri State Redhawks,SWAC,0,1,0,0.74782,0.8409159626846473
1690,Southeast Missouri State Redhawks,Alabama A&M Bulldogs,OVC,1,0,0,1.22566,1.0812237595548861
1691,Belmont Bruins,Ohio Bobcats,OVC,0,1,0,1.2191,1.1904562993509844
1692,Ohio Bobcats,Belmont Bruins,MAC,1,0,0,1.21578,1.1261573426181717
1693,Loyola Chicago Ramblers,Kent State Golden Flashes,MVC,0,1,0,1.22737,1.2287025349545668
1694,Kent State Golden Flashes,Loyola Chicago Ramblers,MAC,1,0,0,1.0242,0.9975349784713264
1695,Siena Saints,Loyola Maryland Greyhounds,MAAC,0,1,0,1.30936,1.3058114982214675
1696,Loyola Maryland Greyhounds,Siena Saints,Patriot,1,0,0,1.14629,1.034367186546088
1697,Norfolk State Spartans,Saint Peter's Peacocks,MEAC,0,1,0,1.09649,1.2026326695671046
1698,Saint Peter's Peacocks,Norfolk State Spartans,MAAC,1,0,0,1.0592,1.0103550564595367
1699,Charleston Cougars,West Virginia Mountaineers,CAA,0,1,0,0.92715,1.037211448292345
1700,West Virginia Mountaineers,Charleston Cougars,Big 12,1,0,0,1.39018,1.263088600230905
1701,McNeese Cowboys,LSU Tigers,Southland,0,1,0,1.06232,1.196094885429832
1702,LSU Tigers,McNeese Cowboys,SEC,1,0,0,1.25447,1.062050470629048
1703,Murray State Racers,Valparaiso Beacons,OVC,0,0,1,0.90553,0.970315684999141
1704,Valparaiso Beacons,Murray State Racers,Horizon,0,0,1,1.40643,1.4087747148812992
1705,Pacific Tigers,Mercer Bears,WCC,0,0,1,1.01437,0.9448108610827844
1706,Mercer Bears,Pacific Tigers,Southern,0,0,1,0.91042,0.7993985980704165
1707,Cincinnati Bearcats,Ole Miss Rebels,American,0,0,1,1.01461,1.0768698696283652
1708,Ole Miss Rebels,Cincinnati Bearcats,SEC,0,0,1,1.22943,1.2860501338751427
1709,Colgate Raiders,Arizona State Sun Devils,Patriot,0,1,0,1.12194,1.1935554682005352
1710,Arizona State Sun Devils,Colgate Raiders,Pac-12,1,0,0,1.25696,1.1152016111668557
1711,Alabama State Hornets,Utah Utes,SWAC,0,1,0,0.9153,1.1679770960461542
1712,Utah Utes,Alabama State Hornets,Pac-12,1,0,0,1.3629,1.2390945031864633
1713,Virginia Cavaliers,Rutgers Scarlet Knights,ACC,0,0,1,0.8851,0.8234560372022521
1714,Rutgers Scarlet Knights,Virginia Cavaliers,Big Ten,0,0,1,0.49859,0.6148154125511657
1715,Utah Valley Wolverines,UC Davis Aggies,WAC,0,1,0,0.75003,0.8261811504917485
1716,UC Davis Aggies,Utah Valley Wolverines,Big West,1,0,0,1.08366,0.9910246703723153
1717,Eastern Kentucky Colonels,BYU Cougars,OVC,0,1,0,1.11314,1.1395448036001061
1718,BYU Cougars,Eastern Kentucky Colonels,WCC,1,0,0,1.3279,1.2698033444145096
1719,Cal Poly Mustangs,Saint Mary's Gaels,Big West,0,1,0,0.89249,0.9293585681298093
1720,Saint Mary's Gaels,Cal Poly Mustangs,WCC,1,0,0,1.32224,1.2539057349953167
1721,Northern Kentucky Norse,Idaho Vandals,ASUN,0,1,0,1.136,1.0930126016991408
1722,Idaho Vandals,Northern Kentucky Norse,Big Sky,1,0,0,1.08936,0.9717895525171001
1723,Cal State Northridge Matadors,Seattle U Redhawks,Big West,0,1,0,0.99109,0.9874348851217036
1724,Seattle U Redhawks,Cal State Northridge Matadors,WAC,1,0,0,1.20325,1.223971691972531
1725,UC Irvine Anteaters,Loyola Marymount Lions,Big West,0,1,0,1.22911,1.1574819472946956
1726,Loyola Marymount Lions,UC Irvine Anteaters,WCC,1,0,0,1.05101,1.0205070513443533
1727,Colorado State Rams,UC Santa Barbara Gauchos,Mountain West,0,0,1,1.09419,1.1039540762825344
1728,UC Santa Barbara Gauchos,Colorado State Rams,Big West,0,0,1,1.05779,1.108500382794467
1729,Army Black Knights,Duke Blue Devils,Patriot,0,1,0,1.04281,1.1920570693051347
1730,Duke Blue Devils,Army Black Knights,ACC,1,0,0,1.39831,1.242057746221412
1731,Providence Friars,Kentucky Wildcats,Big East,0,1,0,0.73411,0.906897914511684
1732,Kentucky Wildcats,Providence Friars,SEC,1,0,0,1.12971,1.1220537810736897
1733,Texas Longhorns,UConn Huskies,Big 12,0,1,0,0.96516,0.948223034674603
1734,UConn Huskies,Texas Longhorns,American,1,0,0,0.91852,0.9856577711814319
1735,Delaware Blue Hens,Villanova Wildcats,CAA,0,0,1,0.75228,0.9085292027420743
1736,Villanova Wildcats,Delaware Blue Hens,Big East,0,0,1,1.264,1.1069384115072278
1737,Iona Gaels,Arkansas Razorbacks,MAAC,0,1,0,0.95714,1.0293462343234756
1738,Arkansas Razorbacks,Iona Gaels,SEC,1,0,0,1.17802,1.0406199508376401
1739,Santa Clara Broncos,Rider Broncs,WCC,0,0,1,1.23662,1.207819323073079
1740,Rider Broncs,Santa Clara Broncos,MAAC,0,0,1,1.09495,1.0816465378166948
1741,Kansas Jayhawks,Michigan State Spartans,Big 12,0,0,1,0.97937,1.0311457121047685
1742,Michigan State Spartans,Kansas Jayhawks,Big Ten,0,0,1,0.91892,0.9597716446586444
1743,Elon Phoenix,Miami (OH) RedHawks,CAA,0,1,0,1.08766,1.0546496999909107
1744,Miami (OH) RedHawks,Elon Phoenix,MAC,1,0,0,1.0242,0.9552118448758546
1745,UMass Lowell River Hawks,Boston University Terriers,AM. EAST,0,1,0,1.11331,1.0985205572255263
1746,Boston University Terriers,UMass Lowell River Hawks,Patriot,1,0,0,0.99254,0.9368829569453097
1747,Vermont Catamounts,Quinnipiac Bobcats,AM. EAST,0,1,0,1.22253,1.3020279624782065
1748,Quinnipiac Bobcats,Vermont Catamounts,MAAC,1,0,0,1.44676,1.4863005556833881
1749,Southern Utah Thunderbirds,UTSA Roadrunners,Big Sky,0,1,0,1.27066,1.2203674736891494
1750,UTSA Roadrunners,Southern Utah Thunderbirds,CUSA,1,0,0,1.2737,1.137251781185326
1751,San Diego Toreros,Western Michigan Broncos,WCC,0,0,1,1.06293,0.9855833151659659
1752,Western Michigan Broncos,San Diego Toreros,MAC,0,0,1,1.11443,1.1500500532749287
1753,Hartford Hawks,Yale Bulldogs,AM. EAST,0,1,0,0.88303,1.0219700505013594
1754,Yale Bulldogs,Hartford Hawks,Ivy,1,0,0,1.11746,1.0646280267619577
1755,Maine Black Bears,Northern Illinois Huskies,AM. EAST,0,1,0,0.86961,0.9349965198573768
1756,Northern Illinois Huskies,Maine Black Bears,MAC,1,0,0,0.95065,0.7762744182383564
1757,Lipscomb Bisons,Colorado Buffaloes,ASUN,0,1,0,1.14419,1.2285920669400299
1758,Colorado Buffaloes,Lipscomb Bisons,Pac-12,1,0,0,1.32656,1.1603153442548635
1759,Valparaiso Beacons,Portland Pilots,Horizon,0,0,1,1.24601,1.2321649960925323
1760,Portland Pilots,Valparaiso Beacons,WCC,0,0,1,1.02161,1.0191691231409243
1761,Central Connecticut Blue Devils,East Carolina Pirates,NEC,0,1,0,1.03049,1.0366359946704684
1762,East Carolina Pirates,Central Connecticut Blue Devils,American,1,0,0,1.30473,1.1637407198409342
1763,Lafayette Leopards,Fairleigh Dickinson Knights,Patriot,0,0,1,1.33214,1.271405194824755
1764,Fairleigh Dickinson Knights,Lafayette Leopards,NEC,0,0,1,0.95753,0.8934449267200655
1765,Air Force Falcons,Texas Tech Red Raiders,Mountain West,0,1,0,1.05944,1.102756481836169
1766,Texas Tech Red Raiders,Air Force Falcons,Big 12,1,0,0,1.04698,0.8848525323668519
1767,Tennessee Tech Golden Eagles,Tulane Green Wave,OVC,0,1,0,1.10608,1.1239502131207677
1768,Tulane Green Wave,Tennessee Tech Golden Eagles,American,1,0,0,1.18667,1.0817896156392024
1769,Stanford Cardinal,DePaul Blue Demons,Pac-12,0,0,1,1.02965,0.9667021663559502
1770,DePaul Blue Demons,Stanford Cardinal,Big East,0,0,1,1.26642,1.2086236550563152
1771,New Hampshire Wildcats,Dartmouth Big Green,AM. EAST,0,1,0,1.20563,1.2769408015452302
1772,Dartmouth Big Green,New Hampshire Wildcats,Ivy,1,0,0,1.15293,1.1437579060112
1773,Charlotte 49ers,UNC Asheville Bulldogs,CUSA,0,1,0,0.96235,0.9327095080120802
1774,UNC Asheville Bulldogs,Charlotte 49ers,Big South,1,0,0,1.06881,1.0231437875601233
1775,Morgan State Bears,Virginia Tech Hokies,MEAC,0,1,0,0.94561,1.0166803300543878
1776,Virginia Tech Hokies,Morgan State Bears,ACC,1,0,0,1.25886,1.0574999709148096
1777,Bowling Green Falcons,Detroit Mercy Titans,MAC,0,1,0,1.01999,1.0061632505038238
1778,Detroit Mercy Titans,Bowling Green Falcons,Horizon,1,0,0,1.05779,1.0619148427016416
1779,New Orleans Privateers,Denver Pioneers,Southland,0,1,0,0.99332,0.990894669898387
1780,Denver Pioneers,New Orleans Privateers,Summit,1,0,0,1.29634,1.218636025233389
1781,Richmond Spiders,Northern Iowa Panthers,A-10,0,1,0,0.89861,0.9495001418615704
1782,Northern Iowa Panthers,Richmond Spiders,MVC,1,0,0,1.0586,1.0902640748051962
1783,Campbell Fighting Camels,Sacred Heart Pioneers,Big South,0,1,0,0.96393,0.9294365473688241
1784,Sacred Heart Pioneers,Campbell Fighting Camels,NEC,1,0,0,1.08571,1.033621584898636
1785,Tennessee Volunteers,Marquette Golden Eagles,SEC,0,0,1,1.03049,1.0306248114327003
1786,Marquette Golden Eagles,Tennessee Volunteers,Big East,0,0,1,1.22184,1.1682842959201494
1787,USC Trojans,New Mexico Lobos,Pac-12,0,1,0,1.07221,1.0751072704777278
1788,New Mexico Lobos,USC Trojans,Mountain West,1,0,0,0.86379,0.851096755776633
1789,Long Island University Sharks,Temple Owls,NEC,0,1,0,0.85433,0.9947368484221306
1790,Temple Owls,Long Island University Sharks,American,1,0,0,1.08831,1.0237058252711309
1791,Florida A&M Rattlers,Northern Colorado Bears,MEAC,0,1,0,0.8286,0.7565743518882881
1792,Northern Colorado Bears,Florida A&M Rattlers,Big Sky,1,0,0,1.41774,1.2541427275902233
1793,Xavier Musketeers,Long Beach State Beach,Big East,0,0,1,1.0027,0.9382212724247067
1794,Long Beach State Beach,Xavier Musketeers,Big West,0,0,1,1.04281,1.114257095846846
1795,Drake Bulldogs,Murray State Racers,MVC,0,0,1,1.01016,1.0060670496740398
1796,Murray State Racers,Drake Bulldogs,OVC,0,0,1,1.21207,1.1123121246436944
1797,Southern Miss Golden Eagles,Drexel Dragons,CUSA,0,1,0,0.69496,0.6745160100672791
1798,Drexel Dragons,Southern Miss Golden Eagles,CAA,1,0,0,1.16752,1.066060063636988
1799,Bryant Bulldogs,Akron Zips,NEC,0,1,0,1.06424,1.163637053935492
1800,Akron Zips,Bryant Bulldogs,MAC,1,0,0,1.16968,1.0174213745560419
1801,Florida Gulf Coast Eagles,South Dakota State Jackrabbits,ASUN,0,0,1,1.11855,1.19817565740305
1802,South Dakota State Jackrabbits,Florida Gulf Coast Eagles,Summit,0,0,1,0.89533,0.9412841322911533
1803,VMI Keydets,Maryland Terrapins,Southern,0,1,0,0.97863,1.041443736861162
1804,Maryland Terrapins,VMI Keydets,Big Ten,1,0,0,1.18598,1.012440102812122
1805,California Golden Bears,Fresno State Bulldogs,Pac-12,0,1,0,0.97982,0.893973363487838
1806,Fresno State Bulldogs,California Golden Bears,Mountain West,1,0,0,0.88461,0.9136952885641241
1807,Bethune-Cookman Wildcats,UCF Knights,MEAC,0,1,0,1.23046,1.2362888058394454
1808,UCF Knights,Bethune-Cookman Wildcats,American,1,0,0,1.37061,1.2807054519869567
1809,Rhode Island Rams,Georgia Tech Yellow Jackets,A-10,0,0,1,0.93554,1.0034447789976997
1810,Georgia Tech Yellow Jackets,Rhode Island Rams,ACC,0,0,1,1.0004,1.020023215507511
1811,Montana Grizzlies,San Francisco Dons,Big Sky,0,1,0,0.94007,0.9739245416337933
1812,San Francisco Dons,Montana Grizzlies,WCC,1,0,0,1.24869,1.1343768293457628
1813,South Dakota Coyotes,Cal State Bakersfield Roadrunners,Summit,0,1,0,1.00104,0.995862962922928
1814,Cal State Bakersfield Roadrunners,South Dakota Coyotes,WAC,1,0,0,0.97712,1.005413642607505
1815,Monmouth Hawks,SMU Mustangs,MAAC,0,1,0,0.92039,1.0221987678871813
1816,SMU Mustangs,Monmouth Hawks,American,1,0,0,1.15051,1.1384636982721443
1817,North Dakota State Bison,Montana State Bobcats,Summit,0,1,0,1.40449,1.3529636980079316
1818,Montana State Bobcats,North Dakota State Bison,Big Sky,1,0,0,0.94596,0.9232381589531737
1819,Portland State Vikings,Oregon Ducks,Big Sky,0,1,0,0.82208,0.8688835978534027
1820,Oregon Ducks,Portland State Vikings,Pac-12,1,0,0,1.17645,1.0333523725784293
1821,Princeton Tigers,San José State Spartans,Ivy,0,0,1,1.20839,1.134827776539448
1822,San José State Spartans,Princeton Tigers,Mountain West,0,0,1,0.93129,0.8882448442598797
1823,UTEP Miners,Washington Huskies,CUSA,0,0,1,1.03466,1.074907555621179
1824,Washington Huskies,UTEP Miners,Pac-12,0,0,1,1.12792,1.1411994516633346
1825,Savannah State Tigers,Winthrop Eagles,MEAC,0,1,0,0.71618,0.7917211512614936
1826,Winthrop Eagles,Savannah State Tigers,Big South,1,0,0,1.03075,0.986845460441273
1827,Furman Paladins,Liberty Flames,Southern,0,1,0,0.76463,0.6622914306680429
1828,Liberty Flames,Furman Paladins,Big South,1,0,0,0.9694,0.8654864364394935
1829,High Point Panthers,UNC Greensboro Spartans,Big South,0,1,0,1.20828,1.1874535358443308
1830,UNC Greensboro Spartans,High Point Panthers,Southern,1,0,0,1.04783,0.9454913994897772
1831,East Tennessee State Buccaneers,Morehead State Eagles,Southern,0,1,0,1.09888,1.0843989879778526
1832,Morehead State Eagles,East Tennessee State Buccaneers,OVC,1,0,0,0.97677,0.9335276885874076
1833,Nebraska Cornhuskers,Florida State Seminoles,Big Ten,0,1,0,1.02181,0.9798893432043161
1834,Florida State Seminoles,Nebraska Cornhuskers,ACC,1,0,0,0.95257,0.9312758199928278
1835,Rutgers Scarlet Knights,Clemson Tigers,Big Ten,0,1,0,1.21739,1.228516061587905
1836,Clemson Tigers,Rutgers Scarlet Knights,ACC,1,0,0,1.09577,1.0009478868076447
1837,Bucknell Bison,Fairfield Stags,Patriot,0,0,1,1.05634,1.0712147464117303
1838,Fairfield Stags,Bucknell Bison,MAAC,0,0,1,0.97105,0.9569097752360417
1839,Siena Saints,Fordham Rams,MAAC,0,1,0,1.09186,1.0928896153220944
1840,Fordham Rams,Siena Saints,A-10,1,0,0,1.13943,0.9885731965227661
1841,Marist Red Foxes,Boston College Eagles,MAAC,0,1,0,1.03219,1.0688713707117048
1842,Boston College Eagles,Marist Red Foxes,ACC,1,0,0,1.31793,1.1648938515269507
1843,South Carolina Gamecocks,Marshall Thundering Herd,SEC,0,1,0,1.07576,0.9933837179740004
1844,Marshall Thundering Herd,South Carolina Gamecocks,CUSA,1,0,0,0.85406,0.9425315511343165
1845,Arkansas State Red Wolves,Central Arkansas Bears,Sun Belt,0,1,0,1.12495,1.000095425748276
1846,Central Arkansas Bears,Arkansas State Red Wolves,Southland,1,0,0,0.81122,0.7857955689336037
1847,Western Carolina Catamounts,Charleston Southern Buccaneers,Southern,0,1,0,1.02858,0.9131036298947374
1848,Charleston Southern Buccaneers,Western Carolina Catamounts,Big South,1,0,0,1.15527,1.0985555823027837
1849,Jacksonville Dolphins,Samford Bulldogs,ASUN,0,0,1,1.09353,1.0639062031780453
1850,Samford Bulldogs,Jacksonville Dolphins,Southern,0,0,1,1.15135,0.9694821076336845
1851,Oral Roberts Golden Eagles,Weber State Wildcats,Summit,0,1,0,1.09934,1.0729323426291308
1852,Weber State Wildcats,Oral Roberts Golden Eagles,Big Sky,1,0,0,1.15741,1.0859628568410955
1853,Texas Southern Tigers,Baylor Bears,SWAC,0,1,0,0.85526,1.0893376486440265
1854,Baylor Bears,Texas Southern Tigers,Big 12,1,0,0,1.28074,1.085823003395879
1855,Gardner-Webb Runnin' Bulldogs,Arizona Wildcats,Big South,0,1,0,0.94883,1.138120690054296
1856,Arizona Wildcats,Gardner-Webb Runnin' Bulldogs,Pac-12,1,0,0,1.39564,1.221598654307127
1857,Utah Valley Wolverines,Sacramento State Hornets,WAC,0,1,0,0.91892,0.9408595498767328
1858,Sacramento State Hornets,Utah Valley Wolverines,Big Sky,1,0,0,1.09137,1.007350208922945
1859,Lamar Cardinals,Iowa State Cyclones,Southland,0,1,0,0.86464,0.9728381235994331
1860,Iowa State Cyclones,Lamar Cardinals,Big 12,1,0,0,1.41004,1.2332662982581297
1861,SE Louisiana Lions,Gonzaga Bulldogs,Southland,0,1,0,1.07175,1.2200853750915988
1862,Gonzaga Bulldogs,SE Louisiana Lions,WCC,1,0,0,1.46388,1.3575947794131176
1863,Norfolk State Spartans,Hofstra Pride,MEAC,0,1,0,1.12695,1.1866890125363112
1864,Hofstra Pride,Norfolk State Spartans,CAA,1,0,0,1.44859,1.3851859899303463
1865,Wagner Seahawks,Maine Black Bears,NEC,0,0,1,1.10323,1.0380737221401375
1866,Maine Black Bears,Wagner Seahawks,AM. EAST,0,0,1,1.13045,1.1300029875744664
1867,Youngstown State Penguins,Robert Morris Colonials,Horizon,0,1,0,1.3538,1.3149289394123618
1868,Robert Morris Colonials,Youngstown State Penguins,NEC,1,0,0,1.21438,1.125583345461221
1869,Howard Bison,Duquesne Dukes,MEAC,0,1,0,0.97773,0.9636635141721086
1870,Duquesne Dukes,Howard Bison,A-10,1,0,0,1.27763,1.2487543314538518
1871,Massachusetts Minutemen,LSU Tigers,A-10,0,1,0,0.81849,0.9018176104292976
1872,LSU Tigers,Massachusetts Minutemen,SEC,1,0,0,1.09734,1.0053081084104671
1873,South Carolina State Bulldogs,Coastal Carolina Chanticleers,MEAC,0,1,0,0.86806,0.9593692702429449
1874,Coastal Carolina Chanticleers,South Carolina State Bulldogs,Big South,1,0,0,1.13076,1.0582706845773577
1875,Campbell Fighting Camels,James Madison Dukes,Big South,0,1,0,0.99908,0.984482388720125
1876,James Madison Dukes,Campbell Fighting Camels,CAA,1,0,0,1.05984,0.9620779625743664
1877,Georgia Bulldogs,Chattanooga Mocs,SEC,0,1,0,1.47925,1.4167554041475263
1878,Chattanooga Mocs,Georgia Bulldogs,Southern,1,0,0,0.93675,0.971395313925676
1879,Mount St. Mary's Mountaineers,Seton Hall Pirates,NEC,0,0,1,0.91462,1.007362928811716
1880,Seton Hall Pirates,Mount St. Mary's Mountaineers,Big East,0,0,1,1.31643,1.2311694498291152
1881,Minnesota Golden Gophers,Wake Forest Demon Deacons,Big Ten,0,1,0,1.13401,1.0834420252008876
1882,Wake Forest Demon Deacons,Minnesota Golden Gophers,ACC,1,0,0,0.95022,0.8772759643579381
1883,Pittsburgh Panthers,Indiana Hoosiers,ACC,0,1,0,1.12025,1.0151042022547394
1884,Indiana Hoosiers,Pittsburgh Panthers,Big Ten,1,0,0,1.34526,1.2142190092323242
1885,Arkansas-Pine Bluff Golden Lions,Akron Zips,SWAC,0,1,0,0.89337,1.0581529930954332
1886,Akron Zips,Arkansas-Pine Bluff Golden Lions,MAC,1,0,0,1.21788,1.0794103988964665
1887,Loyola Maryland Greyhounds,Columbia Lions,Patriot,0,1,0,1.12082,1.1122362412723572
1888,Columbia Lions,Loyola Maryland Greyhounds,Ivy,1,0,0,1.07353,1.0250396799785646
1889,Stony Brook Seawolves,Cincinnati Bearcats,AM. EAST,0,1,0,0.86806,1.062415301579991
1890,Cincinnati Bearcats,Stony Brook Seawolves,American,1,0,0,1.29379,1.2901422462102126
1891,Stephen F. Austin Lumberjacks,Memphis Tigers,Southland,0,1,0,1.0725,1.1897289534704631
1892,Memphis Tigers,Stephen F. Austin Lumberjacks,American,1,0,0,0.83282,0.8406668600289404
1893,UMBC Retrievers,Maryland Eastern Shore Hawks,AM. EAST,0,1,0,0.79517,0.8096682486477915
1894,Maryland Eastern Shore Hawks,UMBC Retrievers,MEAC,1,0,0,1.04812,1.012236547406109
1895,Niagara Purple Eagles,St. John's Red Storm,MAAC,0,0,1,0.82649,0.9283450306903932
1896,St. John's Red Storm,Niagara Purple Eagles,Big East,0,0,1,1.04107,0.8622204383649447
1897,Louisiana Tech Bulldogs,Northwestern State Demons,CUSA,0,1,0,1.36553,1.236599811879037
1898,Northwestern State Demons,Louisiana Tech Bulldogs,Southland,1,0,0,1.22549,1.2859297318417324
1899,The Citadel Bulldogs,Charleston Cougars,Southern,1,0,0,0.99258,0.9075047639615567
1900,Charleston Cougars,The Citadel Bulldogs,CAA,1,0,0,1.0182,0.8028242965901203
1901,Kennesaw State Owls,Florida International Panthers,ASUN,0,1,0,0.64468,0.6767220355707406
1902,Florida International Panthers,Kennesaw State Owls,CUSA,1,0,0,0.98554,0.8574755614017024
1903,Syracuse Orange,Michigan Wolverines,ACC,0,1,0,1.07201,1.0505642258066836
1904,Michigan Wolverines,Syracuse Orange,Big Ten,1,0,0,1.17507,1.1853304871037043
1905,Georgia Southern Eagles,UCF Knights,Sun Belt,0,1,0,0.97306,0.9107056554488817
1906,UCF Knights,Georgia Southern Eagles,American,1,0,0,1.0183,1.0336975098809484
1907,Southeast Missouri State Redhawks,Missouri Tigers,OVC,0,1,0,1.13144,1.1202561519025056
1908,Missouri Tigers,Southeast Missouri State Redhawks,SEC,1,0,0,1.16497,1.0394028323960265
1909,Hampton Pirates,Tennessee State Tigers,MEAC,0,1,0,0.96278,1.0069005852352193
1910,Tennessee State Tigers,Hampton Pirates,OVC,1,0,0,0.84663,0.825476995900968
1911,Alcorn State Braves,Troy Trojans,SWAC,0,1,0,0.8481,0.9239903471011026
1912,Troy Trojans,Alcorn State Braves,Sun Belt,1,0,0,1.19655,1.028860281865905
1913,Grand Canyon Lopes,UIC Flames,WAC,0,1,0,1.06424,1.125619414333659
1914,UIC Flames,Grand Canyon Lopes,Horizon,1,0,0,0.98058,0.8510794825635081
1915,VCU Rams,Illinois State Redbirds,A-10,0,1,0,1.09475,1.166498707907737
1916,Illinois State Redbirds,VCU Rams,MVC,1,0,0,1.02318,1.057098153164371
1917,Central Michigan Chippewas,Bradley Braves,MAC,0,1,0,1.09887,1.0873777253456762
1918,Bradley Braves,Central Michigan Chippewas,MVC,1,0,0,1.27328,1.219835023720817
1919,UT Arlington Mavericks,Texas Longhorns,Sun Belt,0,1,0,0.93637,1.052911372356601
1920,Texas Longhorns,UT Arlington Mavericks,Big 12,1,0,0,1.15374,1.0383838969419366
1921,Omaha Mavericks,Kansas State Wildcats,Summit,0,1,0,0.9602,1.050909610818961
1922,Kansas State Wildcats,Omaha Mavericks,Big 12,1,0,0,1.22275,1.0887873126485665
1923,Wright State Raiders,Evansville Purple Aces,Horizon,0,1,0,1.22808,1.2490578383127457
1924,Evansville Purple Aces,Wright State Raiders,MVC,1,0,0,1.34996,1.2895600802127964
1925,NC State Wolfpack,Purdue Boilermakers,ACC,0,1,0,1.10777,1.1031233177015096
1926,Purdue Boilermakers,NC State Wolfpack,Big Ten,1,0,0,1.15198,1.0960839840497296
1927,Illinois Fighting Illini,Miami Hurricanes,Big Ten,0,1,0,0.97337,0.9526222182136097
1928,Miami Hurricanes,Illinois Fighting Illini,ACC,1,0,0,1.17154,1.1486421471084562
1929,Northern Illinois Huskies,DePaul Blue Demons,MAC,0,0,1,1.0312,0.9942286291222219
1930,DePaul Blue Demons,Northern Illinois Huskies,Big East,0,0,1,1.1694,1.083388008909558
1931,BYU Cougars,Utah State Aggies,WCC,0,1,0,1.31363,1.2606600816455993
1932,Utah State Aggies,BYU Cougars,Mountain West,1,0,0,1.07896,1.056570054768708
1933,Denver Pioneers,Wyoming Cowboys,Summit,0,1,0,0.85117,0.9258354805221964
1934,Wyoming Cowboys,Denver Pioneers,Mountain West,1,0,0,1.37701,1.3081565076924446
1935,South Florida Bulls,Alabama Crimson Tide,American,0,1,0,0.9814,1.0439005164182809
1936,Alabama Crimson Tide,South Florida Bulls,SEC,1,0,0,1.13889,1.0056523130371418
1937,Ohio State Buckeyes,Louisville Cardinals,Big Ten,0,1,0,0.88141,0.9694809684075663
1938,Louisville Cardinals,Ohio State Buckeyes,ACC,1,0,0,1.03648,1.0383382464605102
1939,UC Riverside Highlanders,Cal State Bakersfield Roadrunners,Big West,0,1,0,1.01618,0.9911888361124502
1940,Cal State Bakersfield Roadrunners,UC Riverside Highlanders,WAC,1,0,0,1.01506,1.0916664672907548
1941,South Dakota Coyotes,Cal State Northridge Matadors,Summit,0,1,0,1.12577,1.0865823185992536
1942,Cal State Northridge Matadors,South Dakota Coyotes,Big West,1,0,0,1.05203,0.9674219920291425
1943,Delaware State Hornets,Hawai'i Rainbow Warriors,MEAC,0,1,0,0.88427,0.9972632371632728
1944,Hawai'i Rainbow Warriors,Delaware State Hornets,Big West,1,0,0,1.13488,1.0364243421889934
1945,Villanova Wildcats,La Salle Explorers,Big East,0,1,0,1.36208,1.3816829685893692
1946,La Salle Explorers,Villanova Wildcats,A-10,1,0,0,1.15374,1.2545970860170885
1947,Butler Bulldogs,Indiana State Sycamores,Big East,0,1,0,1.30293,1.2278877773022858
1948,Indiana State Sycamores,Butler Bulldogs,MVC,1,0,0,0.86967,0.9806394876496355
1949,Temple Owls,Saint Joseph's Hawks,American,1,0,0,0.98803,1.0020206514077699
1950,Saint Joseph's Hawks,Temple Owls,A-10,1,0,0,1.00293,1.0422711093728754
1951,Coppin State Eagles,Towson Tigers,MEAC,0,1,0,1.06924,1.105548811646811
1952,Towson Tigers,Coppin State Eagles,CAA,1,0,0,1.17167,1.0182078502529002
1953,Hartford Hawks,Vermont Catamounts,AM. EAST,0,1,0,1.0601,1.1815693888438503
1954,Vermont Catamounts,Hartford Hawks,AM. EAST,1,0,0,1.28542,1.2931023773761086
1955,Valparaiso Beacons,Eastern Kentucky Colonels,Horizon,0,1,0,1.17925,1.2005731920016807
1956,Eastern Kentucky Colonels,Valparaiso Beacons,OVC,1,0,0,1.0551,1.0867075346045338
1957,New Hampshire Wildcats,Long Island University Sharks,AM. EAST,0,0,1,1.12208,1.1561689070401646
1958,Long Island University Sharks,New Hampshire Wildcats,NEC,0,0,1,0.88814,0.9550242800491819
1959,Northeastern Huskies,Harvard Crimson,CAA,0,1,0,0.83362,0.9170151601585913
1960,Harvard Crimson,Northeastern Huskies,Ivy,1,0,0,1.06437,1.0715884338075727
1961,Charlotte 49ers,Davidson Wildcats,CUSA,0,1,0,1.20537,1.205147666924412
1962,Davidson Wildcats,Charlotte 49ers,A-10,1,0,0,1.28532,1.2026806968699968
1963,William & Mary Tribe,Richmond Spiders,CAA,0,1,0,1.21588,1.297544859777104
1964,Richmond Spiders,William & Mary Tribe,A-10,1,0,0,1.20301,1.1122131485696396
1965,Presbyterian Blue Hose,Wofford Terriers,Big South,0,1,0,0.76493,0.8560062972613726
1966,Wofford Terriers,Presbyterian Blue Hose,Southern,1,0,0,1.14051,0.9337262088125546
1967,Dartmouth Big Green,Longwood Lancers,Ivy,0,1,0,1.37359,1.2823634063954898
1968,Longwood Lancers,Dartmouth Big Green,Big South,1,0,0,1.41282,1.4024020262153252
1969,UT Martin Skyhawks,Northern Kentucky Norse,OVC,0,1,0,1.22286,1.1422941487508407
1970,Northern Kentucky Norse,UT Martin Skyhawks,ASUN,1,0,0,0.92358,0.8876532794524006
1971,Toledo Rockets,Cleveland State Vikings,MAC,0,1,0,1.02226,1.0056409352691498
1972,Cleveland State Vikings,Toledo Rockets,Horizon,1,0,0,0.92577,0.881335854364668
1973,Dayton Flyers,Miami (OH) RedHawks,A-10,0,1,0,1.13599,1.080765733660532
1974,Miami (OH) RedHawks,Dayton Flyers,MAC,1,0,0,1.04843,1.0721868206049472
1975,Buffalo Bulls,St. Bonaventure Bonnies,MAC,0,1,0,0.95496,0.9586979133052429
1976,St. Bonaventure Bonnies,Buffalo Bulls,A-10,1,0,0,1.09585,1.0840513294817842
1977,Army Black Knights,Delaware Blue Hens,Patriot,0,1,0,1.27501,1.2227571968529438
1978,Delaware Blue Hens,Army Black Knights,CAA,1,0,0,1.16378,1.0999063615143847
1979,Holy Cross Crusaders,UAlbany Great Danes,Patriot,0,1,0,1.2361,1.2349809497078503
1980,UAlbany Great Danes,Holy Cross Crusaders,AM. EAST,1,0,0,1.00431,1.0022548281211654
1981,Sacred Heart Pioneers,Colgate Raiders,NEC,0,1,0,1.09992,1.0933573778349086
1982,Colgate Raiders,Sacred Heart Pioneers,Patriot,1,0,0,1.10346,1.0377492963074124
1983,St. Francis (PA) Red Flash,Lehigh Mountain Hawks,NEC,0,1,0,0.94785,1.0127360097903548
1984,Lehigh Mountain Hawks,St. Francis (PA) Red Flash,Patriot,1,0,0,1.01245,1.0047938677052506
1985,Pennsylvania Quakers,Navy Midshipmen,Ivy,0,1,0,1.01323,0.9914153636609321
1986,Navy Midshipmen,Pennsylvania Quakers,Patriot,1,0,0,0.78914,0.731103215089647
1987,American University Eagles,Brown Bears,Patriot,0,1,0,1.22244,1.201989289253308
1988,Brown Bears,American University Eagles,Ivy,1,0,0,0.88985,0.875848067026635
1989,Purdue Fort Wayne Mastodons,Stetson Hatters,Summit,0,1,0,1.38317,1.280507664097779
1990,Stetson Hatters,Purdue Fort Wayne Mastodons,ASUN,1,0,0,1.17319,1.1338511817660624
1991,East Carolina Pirates,Florida Atlantic Owls,American,0,1,0,1.08364,1.0388215005658363
1992,Florida Atlantic Owls,East Carolina Pirates,CUSA,1,0,0,1.26348,1.192958910760874
1993,Central Connecticut Blue Devils,Rider Broncs,NEC,0,1,0,0.90467,0.9781696119599539
1994,Rider Broncs,Central Connecticut Blue Devils,MAAC,1,0,0,1.07662,0.9523949684495059
1995,Canisius Golden Griffins,Saint Peter's Peacocks,MAAC,0,1,0,1.11052,1.1490183170045507
1996,Saint Peter's Peacocks,Canisius Golden Griffins,MAAC,1,0,0,1.04903,1.0823685267291736
1997,Virginia Tech Hokies,Penn State Nittany Lions,ACC,0,0,1,0.89959,0.903782443268429
1998,Penn State Nittany Lions,Virginia Tech Hokies,Big Ten,0,0,1,0.90515,0.8028460441328238
1999,Michigan State Spartans,Notre Dame Fighting Irish,Big Ten,0,0,1,1.2905,1.2520057984773778
2000,Notre Dame Fighting Irish,Michigan State Spartans,ACC,0,0,1,1.30622,1.351063196604363
2001,Lipscomb Bisons,Tennessee Tech Golden Eagles,ASUN,0,1,0,1.08736,1.0521530162115909
2002,Tennessee Tech Golden Eagles,Lipscomb Bisons,OVC,1,0,0,1.18243,1.083129233499651
2003,Yale Bulldogs,Bryant Bulldogs,Ivy,0,1,0,1.17415,1.0882324548144484
2004,Bryant Bulldogs,Yale Bulldogs,NEC,1,0,0,1.01395,1.102075773135976
2005,Old Dominion Monarchs,George Mason Patriots,CUSA,0,1,0,1.36773,1.3527080739976707
2006,George Mason Patriots,Old Dominion Monarchs,A-10,1,0,0,1.31159,1.3451526636240614
2007,Iowa Hawkeyes,North Carolina Tar Heels,Big Ten,0,1,0,1.03203,1.0430900761288242
2008,North Carolina Tar Heels,Iowa Hawkeyes,ACC,1,0,0,0.93187,0.9112155931883995
2009,Binghamton Bearcats,Boston University Terriers,AM. EAST,0,1,0,1.10131,1.0865205572255263
2010,Boston University Terriers,Binghamton Bearcats,Patriot,1,0,0,1.36595,1.2958724475722747
2011,Kansas City Roos,Milwaukee Panthers,WAC,0,1,0,0.8817,0.9626634130710519
2012,Milwaukee Panthers,Kansas City Roos,Horizon,1,0,0,1.02713,0.9238415375856057
2013,Sam Houston Bearkats,Texas A&M Aggies,Southland,0,1,0,0.97598,1.0866596828872002
2014,Texas A&M Aggies,Sam Houston Bearkats,SEC,1,0,0,1.01581,0.9958015530424171
2015,UNLV Rebels,Arizona State Sun Devils,Mountain West,0,1,0,0.85408,0.9039587413664124
2016,Arizona State Sun Devils,UNLV Rebels,Pac-12,1,0,0,1.19429,1.1590886271505347
2017,Houston Christian Huskies,Rice Owls,Southland,1,0,0,0.99174,0.986605031420531
2018,Rice Owls,Houston Christian Huskies,CUSA,1,0,0,0.94541,0.8059079186434688
2019,Jackson State Tigers,Louisiana Ragin' Cajuns,SWAC,0,1,0,0.74646,0.8888159851142348
2020,Louisiana Ragin' Cajuns,Jackson State Tigers,Sun Belt,1,0,0,1.11377,1.0760717625131697
2021,Winthrop Eagles,Jacksonville State Gamecocks,Big South,0,1,0,1.17388,1.1222946720932319
2022,Jacksonville State Gamecocks,Winthrop Eagles,OVC,1,0,0,1.22022,1.1909794770707531
2023,Western Carolina Catamounts,East Tennessee State Buccaneers,Southern,0,1,0,1.21219,1.1480960076244882
2024,East Tennessee State Buccaneers,Western Carolina Catamounts,Southern,1,0,0,1.35428,1.2393765218811204
2025,North Florida Ospreys,Bethune-Cookman Wildcats,ASUN,0,1,0,1.02796,1.0077288525593449
2026,Bethune-Cookman Wildcats,North Florida Ospreys,MEAC,1,0,0,0.89413,0.9235698576963773
2027,Bowling Green Falcons,Western Kentucky Hilltoppers,MAC,0,1,0,0.79986,0.7868674080125239
2028,Western Kentucky Hilltoppers,Bowling Green Falcons,CUSA,1,0,0,0.90809,0.9247845008809651
2029,Ball State Cardinals,Eastern Illinois Panthers,MAC,0,1,0,0.87562,0.827471920251156
2030,Eastern Illinois Panthers,Ball State Cardinals,OVC,1,0,0,1.0035,0.9427840922315125
2031,Creighton Bluejays,Tulsa Golden Hurricane,Big East,0,1,0,1.02754,1.031211045065916
2032,Tulsa Golden Hurricane,Creighton Bluejays,American,1,0,0,1.24315,1.2088980356350654
2033,Southern Illinois Salukis,SIU Edwardsville Cougars,MVC,0,1,0,1.24533,1.2126769120832706
2034,SIU Edwardsville Cougars,Southern Illinois Salukis,OVC,1,0,0,1.05235,1.0230964783982666
2035,Tulane Green Wave,Loyola Chicago Ramblers,American,0,1,0,1.37235,1.4070254779694569
2036,Loyola Chicago Ramblers,Tulane Green Wave,MVC,1,0,0,1.1008,1.0580695328532488
2037,North Texas Mean Green,Oklahoma State Cowboys,CUSA,0,1,0,0.94164,1.03493495622079
2038,Oklahoma State Cowboys,North Texas Mean Green,Big 12,1,0,0,1.38064,1.278133085606384
2039,North Dakota State Bison,Southern Miss Golden Eagles,Summit,0,1,0,1.13376,1.0834502517479214
2040,Southern Miss Golden Eagles,North Dakota State Bison,CUSA,1,0,0,1.38652,1.359209398305978
2041,Grambling Tigers,Air Force Falcons,SWAC,0,0,1,0.71061,0.7781663440382368
2042,Air Force Falcons,Grambling Tigers,Mountain West,0,0,1,1.22917,1.0591137686458105
2043,UTEP Miners,Colorado State Rams,CUSA,0,1,0,0.9833,1.0380371606979009
2044,Colorado State Rams,UTEP Miners,Mountain West,1,0,0,1.0761,1.1075285920767242
2045,New Mexico State Aggies,New Mexico Lobos,WAC,0,1,0,0.8095,0.9798008259111147
2046,New Mexico Lobos,New Mexico State Aggies,Mountain West,1,0,0,1.07783,1.0974394805366317
2047,Auburn Tigers,Texas Tech Red Raiders,SEC,0,1,0,0.80636,0.7802677665675459
2048,Texas Tech Red Raiders,Auburn Tigers,Big 12,1,0,0,0.84599,0.74443156669815
2049,Virginia Cavaliers,Maryland Terrapins,ACC,0,1,0,1.32209,1.335955057630105
2050,Maryland Terrapins,Virginia Cavaliers,Big Ten,1,0,0,1.13149,1.2145372621565587
2051,Georgia Tech Yellow Jackets,Northwestern Wildcats,ACC,0,1,0,1.04293,0.9622469728640691
2052,Northwestern Wildcats,Georgia Tech Yellow Jackets,Big Ten,1,0,0,0.95657,0.9223397281036514
2053,Princeton Tigers,Fairleigh Dickinson Knights,Ivy,0,0,1,1.358,1.2833405698127067
2054,Fairleigh Dickinson Knights,Princeton Tigers,NEC,0,0,1,1.38288,1.3905251697253291
2055,Duke Blue Devils,Wisconsin Badgers,ACC,0,1,0,1.36791,1.4044010608811965
2056,Wisconsin Badgers,Duke Blue Devils,Big Ten,1,0,0,1.19067,1.1988480283877647
2057,UTSA Roadrunners,Northern Arizona Lumberjacks,CUSA,0,1,0,1.14755,1.1495189459090973
2058,Northern Arizona Lumberjacks,UTSA Roadrunners,Big Sky,1,0,0,1.0878,1.0043293232945425
2059,San José State Spartans,UC Davis Aggies,Mountain West,0,1,0,1.05523,1.0153048858663578
2060,UC Davis Aggies,San José State Spartans,Big West,1,0,0,1.26856,1.1571821383697942
2061,Nevada Wolf Pack,Long Beach State Beach,Mountain West,0,1,0,0.89528,0.9138733309362997
2062,Long Beach State Beach,Nevada Wolf Pack,Big West,1,0,0,1.07715,1.0344819876105544
2063,UC Irvine Anteaters,Fresno State Bulldogs,Big West,0,1,0,0.88923,0.8578852683428623
2064,Fresno State Bulldogs,UC Irvine Anteaters,Mountain West,1,0,0,1.04051,1.061617014765779
2065,San Francisco Dons,Colorado Buffaloes,WCC,0,1,0,0.98237,0.9758553322790244
2066,Colorado Buffaloes,San Francisco Dons,Pac-12,1,0,0,1.28955,1.2271089478335322
2067,Loyola Marymount Lions,USC Trojans,WCC,1,0,0,0.90258,0.8382767923552075
2068,USC Trojans,Loyola Marymount Lions,Pac-12,1,0,0,1.16922,1.0099118920450638
2069,Montana Grizzlies,California Golden Bears,Big Sky,0,1,0,1.04002,1.1140735915563886
2070,California Golden Bears,Montana Grizzlies,Pac-12,1,0,0,1.02537,0.9113395019591918
2071,Portland State Vikings,Portland Pilots,Big Sky,1,0,0,1.07685,1.0469852645244442
2072,Portland Pilots,Portland State Vikings,WCC,1,0,0,1.30523,1.161849699965
2073,Idaho Vandals,Washington State Cougars,Big Sky,0,1,0,1.10724,1.058450619383736
2074,Washington State Cougars,Idaho Vandals,Pac-12,1,0,0,1.02209,0.8552903892569576
2075,Wichita State Shockers,Utah Utes,MVC,0,1,0,1.12936,1.2541548999846428
2076,Utah Utes,Wichita State Shockers,Pac-12,1,0,0,1.15703,1.1749904223577339
2077,Mississippi Valley State Delta Devils,Oregon State Beavers,SWAC,0,1,0,0.80724,1.033879965583227
2078,Oregon State Beavers,Mississippi Valley State Delta Devils,Pac-12,1,0,0,1.23928,0.9934740844366999
2079,Cal State Fullerton Titans,UCLA Bruins,Big West,0,1,0,0.65395,0.7032559629923143
2080,UCLA Bruins,Cal State Fullerton Titans,Pac-12,1,0,0,1.06026,0.9132757841792695
2081,LSU Tigers,West Virginia Mountaineers,SEC,0,1,0,0.98926,1.0248960298825422
2082,West Virginia Mountaineers,LSU Tigers,Big 12,1,0,0,0.97389,0.9608073265725023
2083,Arkansas Razorbacks,Iowa State Cyclones,SEC,0,1,0,1.124,1.1295393965194747
2084,Iowa State Cyclones,Arkansas Razorbacks,Big 12,1,0,0,1.39614,1.3351629176071107
2085,Green Bay Phoenix,Georgia State Panthers,Horizon,0,1,0,0.7562,0.8146941763424479
2086,Georgia State Panthers,Green Bay Phoenix,Sun Belt,1,0,0,1.14609,1.2176933696588983
2087,UMBC Retrievers,George Washington Revolutionaries,AM. EAST,0,1,0,0.87291,1.0147226995591756
2088,George Washington Revolutionaries,UMBC Retrievers,A-10,1,0,0,1.20617,1.065869161983986
2089,North Carolina A&T Aggies,South Carolina Upstate Spartans,MEAC,0,1,0,0.87671,0.9410480200941959
2090,South Carolina Upstate Spartans,North Carolina A&T Aggies,ASUN,1,0,0,1.12026,1.0389236223528968
2091,App State Mountaineers,Jacksonville Dolphins,Sun Belt,0,1,0,1.14039,1.0159723123967805
2092,Jacksonville Dolphins,App State Mountaineers,ASUN,1,0,0,0.91032,0.8704584162287435
2093,Western Illinois Leathernecks,Akron Zips,Summit,0,1,0,0.8395,0.9111954693275486
2094,Akron Zips,Western Illinois Leathernecks,MAC,1,0,0,1.20855,1.1079130233949663
2095,Monmouth Hawks,Marist Red Foxes,MAAC,0,1,0,0.93651,0.923589683743721
2096,Marist Red Foxes,Monmouth Hawks,MAAC,1,0,0,0.82567,0.8303879468807164
2097,Baylor Bears,Vanderbilt Commodores,Big 12,0,1,0,1.14279,1.099001145590827
2098,Vanderbilt Commodores,Baylor Bears,SEC,1,0,0,1.05642,1.0718345183554059
2099,Morehead State Eagles,UAB Blazers,OVC,0,1,0,0.77785,0.8421725428270839
2100,UAB Blazers,Morehead State Eagles,CUSA,1,0,0,0.98463,0.9825854624544432
2101,VMI Keydets,Samford Bulldogs,Southern,0,0,1,1.18432,1.07697619901773
2102,Samford Bulldogs,VMI Keydets,Southern,0,0,1,0.89239,0.7997691839746334
2103,UT Rio Grande Valley Vaqueros,Houston Cougars,WAC,0,1,0,0.89959,1.001667255374202
2104,Houston Cougars,UT Rio Grande Valley Vaqueros,American,1,0,0,1.10359,0.9803646669179418
2105,Sacramento State Hornets,Abilene Christian Wildcats,Big Sky,0,1,0,0.99845,0.8919023905274956
2106,Abilene Christian Wildcats,Sacramento State Hornets,Southland,1,0,0,1.19885,1.1047851466680707
2107,DePaul Blue Demons,Chicago State Cougars,Big East,1,0,0,1.16604,1.0084114461403366
2108,Chicago State Cougars,DePaul Blue Demons,WAC,1,0,0,0.86806,0.9393375713947302
2109,Little Rock Trojans,Missouri State Bears,Sun Belt,0,1,0,1.1782,1.1569171798966587
2110,Missouri State Bears,Little Rock Trojans,MVC,1,0,0,1.17712,1.0748952098243185
2111,TCU Horned Frogs,Ole Miss Rebels,Big 12,0,0,1,1.12484,1.1038589519151794
2112,Ole Miss Rebels,TCU Horned Frogs,SEC,0,0,1,0.90843,0.9185991392613094
2113,Cal State Northridge Matadors,Pepperdine Waves,Big West,0,1,0,0.85583,0.9282077924051185
2114,Pepperdine Waves,Cal State Northridge Matadors,WCC,1,0,0,1.01882,0.8718554639257151
2115,San Diego Toreros,San Diego State Aztecs,WCC,1,0,0,0.82454,0.8674112344576161
2116,San Diego State Aztecs,San Diego Toreros,Mountain West,1,0,0,0.94426,0.9720527309220462
2117,Seattle U Redhawks,UC Santa Barbara Gauchos,WAC,0,1,0,0.84182,0.9676603409079247
2118,UC Santa Barbara Gauchos,Seattle U Redhawks,Big West,1,0,0,1.4779,1.4410667347270965
2119,Quinnipiac Bobcats,Siena Saints,MAAC,0,0,1,1.07438,0.9934743797769426
2120,Siena Saints,Quinnipiac Bobcats,MAAC,0,0,1,1.36409,1.3948372797123516
2121,Florida International Panthers,Louisville Cardinals,CUSA,0,1,0,0.81425,0.9956765240466683
2122,Louisville Cardinals,Florida International Panthers,ACC,1,0,0,1.16055,1.0327452017847607
2123,North Carolina Central Eagles,Maryland Eastern Shore Hawks,MEAC,0,1,0,1.20794,1.2413319184444904
2124,Maryland Eastern Shore Hawks,North Carolina Central Eagles,MEAC,1,0,0,1.07582,1.1594980432105446
2125,Western Carolina Catamounts,Minnesota Golden Gophers,Southern,0,1,0,0.97752,0.9867027939836025
2126,Minnesota Golden Gophers,Western Carolina Catamounts,Big Ten,1,0,0,1.26591,1.1032655911132163
2127,Duquesne Dukes,Pittsburgh Panthers,A-10,1,0,0,0.9179,0.8558159097317652
2128,Pittsburgh Panthers,Duquesne Dukes,ACC,1,0,0,1.18018,0.9583533293927843
2129,Providence Friars,Boston College Eagles,Big East,0,1,0,0.93507,0.8691035425297413
2130,Boston College Eagles,Providence Friars,ACC,1,0,0,1.11746,1.09185058419052
2131,Yale Bulldogs,UConn Huskies,Ivy,0,1,0,0.83586,0.9071645331480651
2132,UConn Huskies,Yale Bulldogs,American,1,0,0,0.79517,0.8354169687323255
2133,Wyoming Cowboys,SMU Mustangs,Mountain West,0,1,0,0.92569,1.007922998216811
2134,SMU Mustangs,Wyoming Cowboys,American,1,0,0,1.20361,1.224920110331882
2135,Manhattan Jaspers,Fairfield Stags,MAAC,0,0,1,0.86699,0.8797037892479781
2136,Fairfield Stags,Manhattan Jaspers,MAAC,0,0,1,1.12422,1.1684291345954823
2137,Texas Longhorns,Kentucky Wildcats,Big 12,0,1,0,0.80786,0.9832905763718898
2138,Kentucky Wildcats,Texas Longhorns,SEC,1,0,0,0.99311,0.9880275348510104
2139,Long Beach State Beach,Stephen F. Austin Lumberjacks,Big West,0,1,0,0.79288,0.8342681034087769
2140,Stephen F. Austin Lumberjacks,Long Beach State Beach,Southland,1,0,0,1.33362,1.3522851923530284
2141,Youngstown State Penguins,South Dakota Coyotes,Horizon,0,1,0,1.3798,1.31982726214786
2142,South Dakota Coyotes,Youngstown State Penguins,Summit,1,0,0,1.21733,1.1008317608532776
2143,Coastal Carolina Chanticleers,Auburn Tigers,Big South,0,1,0,0.92892,0.9607449412450718
2144,Auburn Tigers,Coastal Carolina Chanticleers,SEC,1,0,0,0.88778,0.7892822823467904
2145,Florida Gators,Kansas Jayhawks,SEC,0,1,0,1.0197,1.0772970930786614
2146,Kansas Jayhawks,Florida Gators,Big 12,1,0,0,1.13642,1.162307066580238
2147,Missouri Tigers,Oklahoma Sooners,SEC,0,1,0,0.94397,1.025119851815097
2148,Oklahoma Sooners,Missouri Tigers,Big 12,1,0,0,1.27411,1.1337020064197203
2149,Wisconsin Badgers,Marquette Golden Eagles,Big Ten,0,1,0,0.96378,0.9471693630126836
2150,Marquette Golden Eagles,Wisconsin Badgers,Big East,1,0,0,0.73357,0.7411727641267893
2151,Gonzaga Bulldogs,Arizona Wildcats,WCC,0,1,0,0.98892,1.1068248991319427
2152,Arizona Wildcats,Gonzaga Bulldogs,Pac-12,1,0,0,1.01581,1.0463899220776596
2153,Virginia Cavaliers,VCU Rams,ACC,0,1,0,1.30561,1.2971503228433061
2154,VCU Rams,Virginia Cavaliers,A-10,1,0,0,0.95828,1.1102841626559996
2155,Saint Louis Billikens,Wichita State Shockers,A-10,0,1,0,0.84635,0.9316186003711385
2156,Wichita State Shockers,Saint Louis Billikens,MVC,1,0,0,1.31343,1.2254389580246154
2157,Saint Joseph's Hawks,Villanova Wildcats,A-10,0,1,0,0.6285,0.7625352364116955
2158,Villanova Wildcats,Saint Joseph's Hawks,Big East,1,0,0,1.03384,0.9619470718343782
2159,Green Bay Phoenix,Miami Hurricanes,Horizon,0,1,0,1.05532,1.1153581156733883
2160,Miami Hurricanes,Green Bay Phoenix,ACC,1,0,0,0.85459,0.8197944856647449
2161,Arkansas-Pine Bluff Golden Lions,Michigan State Spartans,SWAC,0,1,0,0.77117,1.0194513733815462
2162,Michigan State Spartans,Arkansas-Pine Bluff Golden Lions,Big Ten,1,0,0,1.26705,1.0677770632495514
2163,Winthrop Eagles,Maryland Terrapins,Big South,0,1,0,0.99298,1.1139827972828253
2164,Maryland Terrapins,Winthrop Eagles,Big Ten,1,0,0,1.36886,1.2378487149453221
2165,Northwestern Wildcats,Butler Bulldogs,Big Ten,0,1,0,0.93965,1.0094494057917234
2166,Butler Bulldogs,Northwestern Wildcats,Big East,1,0,0,1.10418,0.9946086761096616
2167,American University Eagles,Illinois Fighting Illini,Patriot,0,1,0,0.87017,0.989548936488979
2168,Illinois Fighting Illini,American University Eagles,Big Ten,1,0,0,1.13507,1.0271018015159203
2169,South Carolina Upstate Spartans,Georgia Tech Yellow Jackets,ASUN,0,1,0,0.95019,1.0745988134264781
2170,Georgia Tech Yellow Jackets,South Carolina Upstate Spartans,ACC,1,0,0,0.85486,0.7114378353148716
2171,Kent State Golden Flashes,Kennesaw State Owls,MAC,0,1,0,0.99109,0.8636514918041229
2172,Kennesaw State Owls,Kent State Golden Flashes,ASUN,1,0,0,0.7949,0.8141670872356603
2173,La Salle Explorers,Temple Owls,A-10,1,0,0,0.95213,0.9914711093728753
2174,Temple Owls,La Salle Explorers,American,1,0,0,0.97762,1.049928397768154
2175,Oklahoma State Cowboys,South Carolina Gamecocks,Big 12,0,1,0,0.73589,0.7699089129270744
2176,South Carolina Gamecocks,Oklahoma State Cowboys,SEC,1,0,0,1.1212,1.1047066986070977
2177,Central Arkansas Bears,Troy Trojans,Southland,0,1,0,1.18519,1.1782540942870474
2178,Troy Trojans,Central Arkansas Bears,Sun Belt,1,0,0,1.35302,1.1949872753536688
2179,SIU Edwardsville Cougars,Central Michigan Chippewas,OVC,0,0,1,0.97696,0.9841157039883363
2180,Central Michigan Chippewas,SIU Edwardsville Cougars,MAC,0,0,1,1.61366,1.5674620154776666
2181,Navy Midshipmen,The Citadel Bulldogs,Patriot,0,1,0,1.0622,0.8967224706776705
2182,The Citadel Bulldogs,Navy Midshipmen,Southern,1,0,0,1.23744,1.1362218785235145
2183,UMBC Retrievers,Iowa Hawkeyes,AM. EAST,0,0,1,0.67622,0.8444321081710249
2184,Iowa Hawkeyes,UMBC Retrievers,Big Ten,0,0,1,1.1048,0.9287204118791521
2185,North Carolina A&T Aggies,Howard Bison,MEAC,0,1,0,0.78661,0.8953298672705822
2186,Howard Bison,North Carolina A&T Aggies,MEAC,1,0,0,0.91019,0.8767669733462414
2187,Mississippi State Bulldogs,Tulane Green Wave,SEC,0,1,0,0.85176,0.7846048994153536
2188,Tulane Green Wave,Mississippi State Bulldogs,American,1,0,0,0.97801,1.0013518083810657
2189,UAlbany Great Danes,St. Francis (PA) Red Flash,AM. EAST,0,1,0,1.02226,1.0943717437019602
2190,St. Francis (PA) Red Flash,UAlbany Great Danes,NEC,1,0,0,1.2487,1.2433563979445696
2191,Oakland Golden Grizzlies,Morehead State Eagles,Horizon,0,1,0,1.1048,1.1233639546697267
2192,Morehead State Eagles,Oakland Golden Grizzlies,OVC,1,0,0,1.04412,0.9568063069804728
2193,Arizona State Sun Devils,Texas A&M Aggies,Pac-12,0,1,0,1.24509,1.2711923802678684
2194,Texas A&M Aggies,Arizona State Sun Devils,SEC,1,0,0,1.25167,1.1989618757031824
2195,Pennsylvania Quakers,Binghamton Bearcats,Ivy,0,0,1,1.16825,1.1174259729548337
2196,Binghamton Bearcats,Pennsylvania Quakers,AM. EAST,0,0,1,1.05007,1.071801091086357
2197,St. Francis Brooklyn Terriers,Liberty Flames,NEC,0,1,0,1.08229,1.0690549890542276
2198,Liberty Flames,St. Francis Brooklyn Terriers,Big South,1,0,0,0.90551,0.8752907498866894
2199,UNC Greensboro Spartans,Presbyterian Blue Hose,Southern,0,1,0,1.11636,0.9427543592071619
2200,Presbyterian Blue Hose,UNC Greensboro Spartans,Big South,1,0,0,1.02541,0.9714053854497235
2201,North Florida Ospreys,Purdue Boilermakers,ASUN,0,1,0,1.08631,1.2083320010928824
2202,Purdue Boilermakers,North Florida Ospreys,Big Ten,1,0,0,1.02642,0.8824855717748132
2203,St. Bonaventure Bonnies,Ohio Bobcats,A-10,0,1,0,1.23787,1.1764124377249945
2204,Ohio Bobcats,St. Bonaventure Bonnies,MAC,1,0,0,1.06169,1.0322497629106357
2205,Eastern Michigan Eagles,Dayton Flyers,MAC,0,1,0,1.00281,1.0597449709995543
2206,Dayton Flyers,Eastern Michigan Eagles,A-10,1,0,0,1.1459,1.146389789792931
2207,Chicago State Cougars,Toledo Rockets,WAC,0,1,0,0.78551,0.8956985356135274
2208,Toledo Rockets,Chicago State Cougars,MAC,1,0,0,1.17147,1.071562676610205
2209,Wagner Seahawks,Lafayette Leopards,NEC,0,1,0,1.22207,1.1579849267200655
2210,Lafayette Leopards,Wagner Seahawks,Patriot,1,0,0,1.42072,1.3405051115777566
2211,Lehigh Mountain Hawks,Long Island University Sharks,Patriot,0,0,1,1.1403,1.1277991814380621
2212,Long Island University Sharks,Lehigh Mountain Hawks,NEC,0,0,1,1.06809,1.1329760097903547
2213,Denver Pioneers,Texas A&M-Corpus Christi Islanders,Summit,0,1,0,1.21124,1.1930769457379846
2214,Texas A&M-Corpus Christi Islanders,Denver Pioneers,Southland,1,0,0,0.88215,0.8465465195037799
2215,Kansas City Roos,South Dakota State Jackrabbits,WAC,0,1,0,1.00988,1.166275150788861
2216,South Dakota State Jackrabbits,Kansas City Roos,Summit,1,0,0,1.31425,1.239318544671973
2217,UCF Knights,Florida State Seminoles,American,0,1,0,1.01065,1.0576950279547546
2218,Florida State Seminoles,UCF Knights,ACC,1,0,0,1.3369,1.134968621060121
2219,Indiana State Sycamores,Ball State Cardinals,MVC,0,1,0,0.98536,0.9303997127532079
2220,Ball State Cardinals,Indiana State Sycamores,MAC,1,0,0,1.11425,1.0637508573775472
2221,Loyola Chicago Ramblers,UIC Flames,MVC,1,0,0,1.20578,1.1060990678775406
2222,UIC Flames,Loyola Chicago Ramblers,Horizon,1,0,0,1.02816,1.0214775402841896
2223,Saint Peter's Peacocks,Boston University Terriers,MAAC,0,1,0,1.45717,1.3936298744596713
2224,Boston University Terriers,Saint Peter's Peacocks,Patriot,1,0,0,1.16398,1.171461123773696
2225,Middle Tennessee Blue Raiders,South Alabama Jaguars,CUSA,0,1,0,1.05721,1.0038473401834562
2226,South Alabama Jaguars,Middle Tennessee Blue Raiders,Sun Belt,1,0,0,1.02274,1.0400542085627502
2227,UTSA Roadrunners,Washington State Cougars,CUSA,0,1,0,1.0452,0.9918218587365405
2228,Washington State Cougars,UTSA Roadrunners,Pac-12,1,0,0,1.34266,1.1960718798888883
2229,Maine Black Bears,Dartmouth Big Green,AM. EAST,0,1,0,0.79149,0.8628008015452302
2230,Dartmouth Big Green,Maine Black Bears,Ivy,1,0,0,1.19993,1.0587173481021557
2231,South Florida Bulls,Detroit Mercy Titans,American,0,1,0,0.93064,0.9449755996073472
2232,Detroit Mercy Titans,South Florida Bulls,Horizon,1,0,0,1.07306,1.0038627620769032
2233,Canisius Golden Griffins,Niagara Purple Eagles,MAAC,0,0,1,1.25091,1.1747082665469082
2234,Niagara Purple Eagles,Canisius Golden Griffins,MAAC,0,0,1,1.00583,1.0723466771237808
2235,Weber State Wildcats,UT Arlington Mavericks,Big Sky,0,1,0,0.88491,0.8949515965855884
2236,UT Arlington Mavericks,Weber State Wildcats,Sun Belt,1,0,0,1.02092,0.9573824232193785
2237,North Dakota Fighting Hawks,Drake Bulldogs,Big Sky,0,1,0,1.05984,0.956255678804561
2238,Drake Bulldogs,North Dakota Fighting Hawks,MVC,1,0,0,1.02254,0.8992972470116704
2239,Kansas State Wildcats,Tennessee Volunteers,Big 12,0,1,0,0.97867,0.9277569577803553
2240,Tennessee Volunteers,Kansas State Wildcats,SEC,1,0,0,1.03277,0.9979040042982248
2241,Holy Cross Crusaders,Sacred Heart Pioneers,Patriot,0,1,0,0.9838,0.9512674467020195
2242,Sacred Heart Pioneers,Holy Cross Crusaders,NEC,1,0,0,1.20192,1.1822287011503894
2243,Western Michigan Broncos,Northeastern Huskies,MAC,0,1,0,1.09766,1.1048936543383805
2244,Northeastern Huskies,Western Michigan Broncos,CAA,1,0,0,1.30936,1.2554618313339643
2245,Jacksonville State Gamecocks,Alabama State Hornets,OVC,0,1,0,0.82648,0.8027965428258579
2246,Alabama State Hornets,Jacksonville State Gamecocks,SWAC,1,0,0,1.22549,1.2370269588230876
2247,VMI Keydets,Mercer Bears,Southern,0,1,0,1.1015,1.0451375915834744
2248,Mercer Bears,VMI Keydets,Southern,1,0,0,1.25468,1.1288810335800261
2249,Samford Bulldogs,Furman Paladins,Southern,0,1,0,0.9009,0.7719755264124376
2250,Furman Paladins,Samford Bulldogs,Southern,1,0,0,1.0706,0.9300780486231228
2251,Stetson Hatters,Davidson Wildcats,ASUN,0,1,0,0.8456,0.8774830462135299
2252,Davidson Wildcats,Stetson Hatters,A-10,1,0,0,1.3279,1.1518735096564672
2253,Jacksonville Dolphins,Bethune-Cookman Wildcats,ASUN,0,1,0,0.93862,0.918388852559345
2254,Bethune-Cookman Wildcats,Jacksonville Dolphins,MEAC,1,0,0,1.05301,0.9635973123927372
2255,Alabama A&M Bulldogs,Bowling Green Falcons,SWAC,0,1,0,0.90731,1.0660575239505008
2256,Bowling Green Falcons,Alabama A&M Bulldogs,MAC,1,0,0,1.22549,1.0400863330763703
2257,Stony Brook Seawolves,Princeton Tigers,AM. EAST,0,1,0,0.90728,0.9325612966961051
2258,Princeton Tigers,Stony Brook Seawolves,Ivy,1,0,0,1.14583,1.1471828269704885
2259,Colgate Raiders,Ohio State Buckeyes,Patriot,0,1,0,0.84332,0.9874550358410328
2260,Ohio State Buckeyes,Colgate Raiders,Big Ten,1,0,0,1.1985,1.0219147382862122
2261,UMass Lowell River Hawks,Cornell Big Red,AM. EAST,0,1,0,1.05219,1.121766284157764
2262,Cornell Big Red,UMass Lowell River Hawks,Ivy,1,0,0,1.14274,1.0731583319332616
2263,Prairie View A&M Panthers,Texas State Bobcats,SWAC,0,1,0,1.02651,1.2121096898184889
2264,Texas State Bobcats,Prairie View A&M Panthers,Sun Belt,1,0,0,1.2941,1.2514856174364477
2265,UT Martin Skyhawks,Longwood Lancers,OVC,0,1,0,1.29871,1.2152879030102062
2266,Longwood Lancers,UT Martin Skyhawks,Big South,1,0,0,1.14113,1.0856723357137483
2267,Tennessee State Tigers,Lipscomb Bisons,OVC,1,0,0,1.01133,0.912029233499651
2268,Lipscomb Bisons,Tennessee State Tigers,ASUN,1,0,0,1.13674,1.0997690838472678
2269,UC Davis Aggies,Idaho Vandals,Big West,0,1,0,1.04343,0.9643104445065892
2270,Idaho Vandals,UC Davis Aggies,Big Sky,1,0,0,1.16693,1.1056168880694082
2271,UT Rio Grande Valley Vaqueros,Sam Houston Bearkats,WAC,0,1,0,0.90807,1.1067246833310378
2272,Sam Houston Bearkats,UT Rio Grande Valley Vaqueros,Southland,1,0,0,1.22512,1.1323331576674787
2273,Coppin State Eagles,Hampton Pirates,MEAC,0,1,0,0.69231,0.7759386700917085
2274,Hampton Pirates,Coppin State Eagles,MEAC,1,0,0,0.95553,0.8842712693446447
2275,Florida A&M Rattlers,South Carolina State Bulldogs,MEAC,0,1,0,0.92897,0.9571031297039617
2276,South Carolina State Bulldogs,Florida A&M Rattlers,MEAC,1,0,0,1.15667,1.06850269722549
2277,Penn State Nittany Lions,Marshall Thundering Herd,Big Ten,0,1,0,1.05496,0.9558382695539833
2278,Marshall Thundering Herd,Penn State Nittany Lions,CUSA,1,0,0,0.98351,1.0490875969760767
2279,Hawai'i Rainbow Warriors,BYU Cougars,Big West,0,0,1,0.93723,0.951192819210343
2280,BYU Cougars,Hawai'i Rainbow Warriors,WCC,0,0,1,1.20378,1.177943151508923
2281,Morgan State Bears,Norfolk State Spartans,MEAC,0,1,0,0.96286,1.0148375594166978
2282,Norfolk State Spartans,Morgan State Bears,MEAC,1,0,0,1.26272,1.2359420052995267
2283,Western Kentucky Hilltoppers,Murray State Racers,CUSA,0,1,0,1.26994,1.2848543730606228
2284,Murray State Racers,Western Kentucky Hilltoppers,OVC,1,0,0,1.46514,1.4599366840964325
2285,Central Connecticut Blue Devils,Hartford Hawks,NEC,0,1,0,1.00923,1.0324544007999397
2286,Hartford Hawks,Central Connecticut Blue Devils,AM. EAST,1,0,0,0.85472,0.7792456512153609
2287,SE Louisiana Lions,Southeast Missouri State Redhawks,Southland,0,1,0,0.94843,0.9586997098705922
2288,Southeast Missouri State Redhawks,SE Louisiana Lions,OVC,1,0,0,1.03184,0.9927813412713342
2289,Harvard Crimson,Vermont Catamounts,Ivy,0,1,0,0.94967,1.0106250382296995
2290,Vermont Catamounts,Harvard Crimson,AM. EAST,1,0,0,0.7796,0.8931267590590297
2291,Jackson State Tigers,Louisiana Tech Bulldogs,SWAC,0,1,0,0.82824,1.0046841350503948
2292,Louisiana Tech Bulldogs,Jackson State Tigers,CUSA,1,0,0,1.01725,0.9677161826212712
2293,William & Mary Tribe,High Point Panthers,CAA,0,1,0,1.07653,1.0507994859462997
2294,High Point Panthers,William & Mary Tribe,Big South,1,0,0,1.1543,1.1004762392597662
2295,Mount St. Mary's Mountaineers,Loyola Maryland Greyhounds,NEC,0,1,0,1.23373,1.2612960540165463
2296,Loyola Maryland Greyhounds,Mount St. Mary's Mountaineers,Patriot,1,0,0,1.05927,1.045640084780224
2297,Bucknell Bison,Columbia Lions,Patriot,0,1,0,0.72184,0.7132562412723573
2298,Columbia Lions,Bucknell Bison,Ivy,1,0,0,1.14509,1.0860079569931387
2299,Miami (OH) RedHawks,Purdue Fort Wayne Mastodons,MAC,0,1,0,1.14955,1.078731732879365
2300,Purdue Fort Wayne Mastodons,Miami (OH) RedHawks,Summit,1,0,0,1.3315,1.2832835873126296
2301,Savannah State Tigers,Indiana Hoosiers,MEAC,0,1,0,0.76639,0.8358262366394565
2302,Indiana Hoosiers,Savannah State Tigers,Big Ten,1,0,0,1.45527,1.3054354692517056
2303,Bryant Bulldogs,Brown Bears,NEC,0,1,0,0.95707,0.9655728878846346
2304,Brown Bears,Bryant Bulldogs,Ivy,1,0,0,1.11193,0.9928343044198413
2305,Wake Forest Demon Deacons,NC State Wolfpack,ACC,0,1,0,0.93779,0.913864385981184
2306,NC State Wolfpack,Wake Forest Demon Deacons,ACC,1,0,0,1.15216,1.0672061263431276
2307,Louisiana Ragin' Cajuns,McNeese Cowboys,Sun Belt,0,1,0,0.96758,0.8967843081346386
2308,McNeese Cowboys,Louisiana Ragin' Cajuns,Southland,1,0,0,1.14532,1.1716715819055725
2309,Rhode Island Rams,Southern Miss Golden Eagles,A-10,0,1,0,1.2799,1.1894042477012166
2310,Southern Miss Golden Eagles,Rhode Island Rams,CUSA,1,0,0,0.72619,0.807198369215159
2311,Alabama Crimson Tide,Xavier Musketeers,SEC,0,1,0,1.17355,1.1724137665311951
2312,Xavier Musketeers,Alabama Crimson Tide,Big East,1,0,0,1.40648,1.3499187864502817
2313,Fairleigh Dickinson Knights,Notre Dame Fighting Irish,NEC,0,0,1,0.94127,1.039620287631467
2314,Notre Dame Fighting Irish,Fairleigh Dickinson Knights,ACC,0,0,1,1.24008,1.0702465558388392
2315,Abilene Christian Wildcats,Houston Cougars,Southland,0,1,0,0.96754,0.9867910025601471
2316,Houston Cougars,Abilene Christian Wildcats,American,1,0,0,1.19057,1.0418656085970295
2317,George Mason Patriots,Northern Iowa Panthers,A-10,0,1,0,0.91399,0.9648801418615703
2318,Northern Iowa Panthers,George Mason Patriots,MVC,1,0,0,0.99998,0.9327726002164809
2319,Portland State Vikings,UC Riverside Highlanders,Big Sky,0,1,0,0.9833,0.9887985056576288
2320,UC Riverside Highlanders,Portland State Vikings,Big West,1,0,0,1.38302,1.2944242774334538
2321,New Mexico Lobos,Valparaiso Beacons,Mountain West,0,1,0,1.03054,1.0797090865623502
2322,Valparaiso Beacons,New Mexico Lobos,Horizon,1,0,0,0.7601,0.7757781446622554
2323,IU Indianapolis Jaguars,Evansville Purple Aces,Summit,0,1,0,0.91947,0.9688048453991132
2324,Evansville Purple Aces,IU Indianapolis Jaguars,MVC,1,0,0,1.31241,1.273944594286241
2325,Austin Peay Governors,Southern Illinois Salukis,OVC,0,1,0,0.82113,0.8250546287928738
2326,Southern Illinois Salukis,Austin Peay Governors,MVC,1,0,0,1.20297,1.118334680791359
2327,Pepperdine Waves,Cal State Fullerton Titans,WCC,0,1,0,1.12432,1.0102312619604474
2328,Cal State Fullerton Titans,Pepperdine Waves,Big West,1,0,0,0.9833,1.0224996420105115
2329,UTEP Miners,New Mexico State Aggies,CUSA,0,1,0,1.00281,1.0627990228817006
2330,New Mexico State Aggies,UTEP Miners,WAC,1,0,0,1.08443,1.2319348567021144
2331,Pacific Tigers,Idaho State Bengals,WCC,0,1,0,1.07912,0.966751886880808
2332,Idaho State Bengals,Pacific Tigers,Big Sky,1,0,0,1.00409,0.9100938331942023
2333,Bradley Braves,Memphis Tigers,MVC,0,1,0,0.76945,0.8416230102230071
2334,Memphis Tigers,Bradley Braves,American,1,0,0,1.32017,1.3036619240545926
2335,Utah Valley Wolverines,Montana State Bobcats,WAC,0,1,0,0.97962,1.021181221775816
2336,Montana State Bobcats,Utah Valley Wolverines,Big Sky,1,0,0,1.19088,1.1068602089229447
2337,Santa Clara Broncos,San José State Spartans,WCC,0,1,0,1.0242,0.8912157112959478
2338,San José State Spartans,Santa Clara Broncos,Mountain West,1,0,0,0.85159,0.7855326177517172
2339,Fresno State Bulldogs,Cal State Bakersfield Roadrunners,Mountain West,0,1,0,1.11456,1.0863942220654224
2340,Cal State Bakersfield Roadrunners,Fresno State Bulldogs,WAC,1,0,0,1.07117,1.1195487685266177
2341,Oregon State Beavers,Portland Pilots,Pac-12,0,1,0,1.04488,0.9850759715133973
2342,Portland Pilots,Oregon State Beavers,WCC,1,0,0,0.95596,0.9817355871418039
2343,Eastern Washington Eagles,Seattle U Redhawks,Big Sky,0,1,0,1.27857,1.283530423672333
2344,Seattle U Redhawks,Eastern Washington Eagles,WAC,1,0,0,1.08809,1.1095393936675817
2345,Sacramento State Hornets,UC Irvine Anteaters,Big Sky,0,1,0,1.00848,1.0745553177580436
2346,UC Irvine Anteaters,Sacramento State Hornets,Big West,1,0,0,1.19472,1.0705797489037632
2347,Boise State Broncos,Saint Mary's Gaels,Mountain West,0,1,0,1.34812,1.3818139540827816
2348,Saint Mary's Gaels,Boise State Broncos,WCC,1,0,0,1.12948,1.1097354357586144
2349,Eastern Kentucky Colonels,Kentucky Wildcats,OVC,0,1,0,0.71487,0.9863465714600681
2350,Kentucky Wildcats,Eastern Kentucky Colonels,SEC,1,0,0,1.17849,1.1025945925673122
2351,East Carolina Pirates,North Carolina Tar Heels,American,0,1,0,0.89654,0.9965657608792627
2352,North Carolina Tar Heels,East Carolina Pirates,ACC,1,0,0,1.44825,1.2831656066586192
2353,San Diego State Aztecs,Washington Huskies,Mountain West,0,1,0,0.69137,0.724416163670717
2354,Washington Huskies,San Diego State Aztecs,Pac-12,1,0,0,0.94034,0.9834939070710452
2355,West Virginia Mountaineers,Northern Kentucky Norse,Big 12,0,1,0,1.02998,0.8533681536626623
2356,Northern Kentucky Norse,West Virginia Mountaineers,ASUN,1,0,0,0.64225,0.7534233659961378
2357,Arkansas Razorbacks,Clemson Tigers,SEC,0,1,0,1.06998,1.0978515100079218
2358,Clemson Tigers,Arkansas Razorbacks,ACC,1,0,0,1.15816,1.0902504021067052
2359,Delaware State Hornets,Delaware Blue Hens,MEAC,0,1,0,1.07221,1.0854405922517454
2360,Delaware Blue Hens,Delaware State Hornets,CAA,1,0,0,0.89508,0.7984664312831451
2361,Colorado Buffaloes,Georgia Bulldogs,Pac-12,0,1,0,0.94366,0.9985694064330223
2362,Georgia Bulldogs,Colorado Buffaloes,SEC,1,0,0,1.10889,1.0513984300372199
2363,Towson Tigers,Georgetown Hoyas,CAA,0,1,0,0.84005,0.9298442467484256
2364,Georgetown Hoyas,Towson Tigers,Big East,1,0,0,1.39701,1.2298484805076866
2365,Buffalo Bulls,Robert Morris Colonials,MAC,0,1,0,1.03551,0.9766563775994989
2366,Robert Morris Colonials,Buffalo Bulls,NEC,1,0,0,0.82873,0.8848189181364323
2367,Western Illinois Leathernecks,Cleveland State Vikings,Summit,0,1,0,0.87182,0.9035405041683806
2368,Cleveland State Vikings,Western Illinois Leathernecks,Horizon,1,0,0,1.19515,1.1144955852078295
2369,Fairfield Stags,Quinnipiac Bobcats,MAAC,0,1,0,0.84935,0.8800972797123516
2370,Quinnipiac Bobcats,Fairfield Stags,MAAC,1,0,0,0.82925,0.808785638853371
2371,Hofstra Pride,App State Mountaineers,CAA,0,1,0,1.1222,1.081226498524951
2372,App State Mountaineers,Hofstra Pride,Sun Belt,1,0,0,0.82956,0.7879377117511405
2373,Richmond Spiders,James Madison Dukes,A-10,0,1,0,0.82672,0.7751492980299985
2374,James Madison Dukes,Richmond Spiders,CAA,1,0,0,0.8813,0.9297867093824966
2375,Florida Gulf Coast Eagles,Massachusetts Minutemen,ASUN,0,0,1,1.19275,1.242611745313277
2376,Massachusetts Minutemen,Florida Gulf Coast Eagles,A-10,0,0,1,1.11289,1.1186581282444485
2377,Milwaukee Panthers,DePaul Blue Demons,Horizon,0,0,1,0.92626,0.909271190935085
2378,DePaul Blue Demons,Milwaukee Panthers,Big East,0,0,1,1.25084,1.132655089934068
2379,Siena Saints,Rider Broncs,MAAC,0,1,0,1.00217,1.0445550561648749
2380,Rider Broncs,Siena Saints,MAAC,1,0,0,1.13286,1.0187762293823355
2381,Marist Red Foxes,Manhattan Jaspers,MAAC,0,1,0,0.58904,0.6332491345954825
2382,Manhattan Jaspers,Marist Red Foxes,MAAC,1,0,0,0.92401,0.8779115333491139
2383,Northern Colorado Bears,Colorado State Rams,Big Sky,0,1,0,0.9012,0.9605259213450965
2384,Colorado State Rams,Northern Colorado Bears,Mountain West,1,0,0,1.03852,0.8460960792607568
2385,Charlotte 49ers,George Washington Revolutionaries,CUSA,0,1,0,1.03575,1.116437639073412
2386,George Washington Revolutionaries,Charlotte 49ers,A-10,1,0,0,1.18096,1.0983206968699968
2387,Radford Highlanders,Virginia Tech Hokies,Big South,0,1,0,1.15364,1.1572660353223911
2388,Virginia Tech Hokies,Radford Highlanders,ACC,1,0,0,1.15741,1.0025159672696318
2389,Tulsa Golden Hurricane,Little Rock Trojans,American,0,1,0,1.20764,1.1532108127168452
2390,Little Rock Trojans,Tulsa Golden Hurricane,Sun Belt,1,0,0,1.10526,1.1778619250252627
2391,Illinois State Redbirds,UAB Blazers,MVC,0,1,0,1.27752,1.314420012954172
2392,UAB Blazers,Illinois State Redbirds,CUSA,1,0,0,1.21659,1.2795592126527908
2393,Ole Miss Rebels,Oregon Ducks,SEC,0,1,0,1.19471,1.1603147299871222
2394,Oregon Ducks,Ole Miss Rebels,Pac-12,1,0,0,1.11629,1.0912329073639628
2395,California Golden Bears,Nevada Wolf Pack,Pac-12,0,1,0,1.09521,1.031218233150137
2396,Nevada Wolf Pack,California Golden Bears,Mountain West,1,0,0,0.97417,1.0032552885641242
2397,Iona Gaels,Monmouth Hawks,MAAC,0,1,0,1.20526,1.2431560972753233
2398,Monmouth Hawks,Iona Gaels,MAAC,1,0,0,1.27574,1.2273244357766335
2399,Utah State Aggies,USC Trojans,Mountain West,0,1,0,1.2248,1.2452849061712405
2400,USC Trojans,Utah State Aggies,Pac-12,1,0,0,1.28977,1.2039046038644212
2401,Houston Christian Huskies,San Francisco Dons,Southland,0,1,0,0.87617,0.9314844008474713
2402,San Francisco Dons,Houston Christian Huskies,WCC,1,0,0,1.3383,1.1399865632715813
2403,North Carolina Central Eagles,Howard Bison,MEAC,0,0,1,1.18992,1.2986398672705821
2404,Howard Bison,North Carolina Central Eagles,MEAC,0,0,1,0.77058,0.8874361936051519
2405,Creighton Bluejays,Nebraska Cornhuskers,Big East,0,1,0,1.16819,1.1843638240276346
2406,Nebraska Cornhuskers,Creighton Bluejays,Big Ten,1,0,0,0.93127,0.8080523508846269
2407,San Diego Toreros,UCLA Bruins,WCC,0,1,0,1.04474,1.0392613855238606
2408,UCLA Bruins,San Diego Toreros,Pac-12,1,0,0,1.16814,1.1446054401140497
2409,North Dakota State Bison,Montana Grizzlies,Summit,0,1,0,0.94848,0.9419436840193013
2410,Montana Grizzlies,North Dakota State Bison,Big Sky,1,0,0,1.15629,1.1335681589531736
2411,Kennesaw State Owls,Butler Bulldogs,ASUN,0,1,0,0.79102,0.986280340719943
2412,Butler Bulldogs,Kennesaw State Owls,Big East,1,0,0,1.44245,1.2241121109396471
2413,Savannah State Tigers,Miami Hurricanes,MEAC,0,1,0,0.69279,0.8454165041351741
2414,Miami Hurricanes,Savannah State Tigers,ACC,1,0,0,1.25459,1.1035477207885527
2415,Coppin State Eagles,Norfolk State Spartans,MEAC,0,1,0,0.92337,0.9753475594166979
2416,Norfolk State Spartans,Coppin State Eagles,MEAC,1,0,0,1.19171,1.1204512693446447
2417,Yale Bulldogs,Florida Gators,Ivy,0,1,0,0.84997,0.9972767154483072
2418,Florida Gators,Yale Bulldogs,SEC,1,0,0,1.50684,1.4748667324019038
2419,Boston University Terriers,Harvard Crimson,Patriot,0,1,0,1.00923,1.1093451838515342
2420,Harvard Crimson,Boston University Terriers,Ivy,1,0,0,1.27924,1.1707580562167683
2421,Sacred Heart Pioneers,Lafayette Leopards,NEC,0,1,0,1.29093,1.2268449267200654
2422,Lafayette Leopards,Sacred Heart Pioneers,Patriot,1,0,0,1.29106,1.2253492963074124
2423,UAlbany Great Danes,Bucknell Bison,AM. EAST,0,1,0,0.92099,0.9556004580018966
2424,Bucknell Bison,UAlbany Great Danes,Patriot,1,0,0,0.99908,0.9647827993132432
2425,Purdue Fort Wayne Mastodons,Purdue Boilermakers,Summit,0,1,0,0.69337,0.7990739707108084
2426,Purdue Boilermakers,Purdue Fort Wayne Mastodons,Big Ten,1,0,0,1.02796,0.8631602468378428
2427,Bethune-Cookman Wildcats,South Carolina State Bulldogs,MEAC,0,1,0,1.02612,1.0542531297039617
2428,South Carolina State Bulldogs,Bethune-Cookman Wildcats,MEAC,1,0,0,1.08826,1.0827640531580824
2429,North Carolina A&T Aggies,Maryland Eastern Shore Hawks,MEAC,0,1,0,0.96389,0.9972819184444904
2430,Maryland Eastern Shore Hawks,North Carolina A&T Aggies,MEAC,1,0,0,1.11055,1.0771269733462412
2431,Morgan State Bears,Hampton Pirates,MEAC,0,1,0,0.91874,1.0023686700917085
2432,Hampton Pirates,Morgan State Bears,MEAC,1,0,0,0.97854,0.9517620052995267
2433,UC Santa Barbara Gauchos,SMU Mustangs,Big West,0,1,0,1.09633,1.181737612263839
2434,SMU Mustangs,UC Santa Barbara Gauchos,American,1,0,0,1.22838,1.2077774469497258
2435,Incarnate Word Cardinals,UTEP Miners,Southland,0,1,0,0.92599,1.0238467542826668
2436,UTEP Miners,Incarnate Word Cardinals,CUSA,1,0,0,1.14827,1.0334506700613943
2437,Brown Bears,Providence Friars,Ivy,1,0,0,1.1699,1.2394645981643873
2438,Providence Friars,Brown Bears,Big East,1,0,0,1.00797,0.849532353512985
2439,Omaha Mavericks,Air Force Falcons,Summit,0,0,1,1.01117,0.985638820270352
2440,Air Force Falcons,Omaha Mavericks,Mountain West,0,0,1,1.30462,1.284264859694561
2441,North Dakota Fighting Hawks,Minnesota Golden Gophers,Big Sky,0,1,0,0.79171,0.8510961795019956
2442,Minnesota Golden Gophers,North Dakota Fighting Hawks,Big Ten,1,0,0,1.30421,1.1066190147591513
2443,Utah Valley Wolverines,Arizona Wildcats,WAC,0,1,0,0.8386,1.1241911271787588
2444,Arizona Wildcats,Utah Valley Wolverines,Pac-12,1,0,0,1.27497,1.1278327655172906
2445,Seton Hall Pirates,Wichita State Shockers,Big East,0,1,0,1.038,1.0573938050487444
2446,Wichita State Shockers,Seton Hall Pirates,MVC,1,0,0,1.195,1.1920685215155389
2447,Kansas City Roos,Iowa State Cyclones,WAC,0,1,0,0.88869,1.0797143764134882
2448,Iowa State Cyclones,Kansas City Roos,Big 12,1,0,0,1.16343,0.9850804071630799
2449,Mount St. Mary's Mountaineers,Notre Dame Fighting Irish,NEC,0,0,1,1.07438,1.172730287631467
2450,Notre Dame Fighting Irish,Mount St. Mary's Mountaineers,ACC,0,0,1,1.51273,1.4231795961889155
2451,New Hampshire Wildcats,Rutgers Scarlet Knights,AM. EAST,0,1,0,0.85433,0.9483744017902703
2452,Rutgers Scarlet Knights,New Hampshire Wildcats,Big Ten,1,0,0,0.90685,0.8037116405004856
2453,Long Island University Sharks,Maine Black Bears,NEC,0,0,1,1.27369,1.2085337221401375
2454,Maine Black Bears,Long Island University Sharks,AM. EAST,0,0,1,1.0531,1.0871889070401646
2455,Villanova Wildcats,Illinois Fighting Illini,Big East,0,0,1,1.18519,1.199760151143263
2456,Illinois Fighting Illini,Villanova Wildcats,Big Ten,0,0,1,0.95255,1.0176283359122547
2457,Bowling Green Falcons,Dayton Flyers,MAC,0,1,0,0.85114,0.9080749709995545
2458,Dayton Flyers,Bowling Green Falcons,A-10,1,0,0,0.92947,0.9217658457413042
2459,Loyola Maryland Greyhounds,Saint Joseph's Hawks,Patriot,0,1,0,0.74253,0.8086240075747011
2460,Saint Joseph's Hawks,Loyola Maryland Greyhounds,A-10,1,0,0,1.1612,1.087700314967291
2461,VMI Keydets,Navy Midshipmen,Southern,0,1,0,0.94127,0.8732300289181217
2462,Navy Midshipmen,VMI Keydets,Patriot,1,0,0,1.23657,1.1709209933348845
2463,Bryant Bulldogs,Army Black Knights,NEC,0,1,0,1.26033,1.2753081342332613
2464,Army Black Knights,Bryant Bulldogs,Patriot,1,0,0,1.1404,1.0352289294318895
2465,IU Indianapolis Jaguars,Xavier Musketeers,Summit,0,1,0,0.68826,0.7795212226573238
2466,Xavier Musketeers,IU Indianapolis Jaguars,Big East,1,0,0,1.07962,0.9698884672107687
2467,Hartford Hawks,Holy Cross Crusaders,AM. EAST,0,1,0,1.44473,1.4758529785157726
2468,Holy Cross Crusaders,Hartford Hawks,Patriot,1,0,0,1.04716,1.008252651774006
2469,Northwestern State Demons,UL Monroe Warhawks,Southland,0,1,0,1.12761,1.2105725615171066
2470,UL Monroe Warhawks,Northwestern State Demons,Sun Belt,1,0,0,1.2726,1.1223272413763283
2471,South Dakota State Jackrabbits,Saint Louis Billikens,Summit,0,1,0,1.05253,1.0325117807128492
2472,Saint Louis Billikens,South Dakota State Jackrabbits,A-10,1,0,0,0.87388,0.8638234725796642
2473,Evansville Purple Aces,Belmont Bruins,MVC,0,1,0,0.98758,0.9446803896183829
2474,Belmont Bruins,Evansville Purple Aces,OVC,1,0,0,0.91014,0.9189245525837911
2475,Marist Red Foxes,Pennsylvania Quakers,MAAC,0,1,0,0.62074,0.5937204083205019
2476,Pennsylvania Quakers,Marist Red Foxes,Ivy,1,0,0,0.93515,0.8772878655008182
2477,Furman Paladins,TCU Horned Frogs,Southern,0,1,0,1.19952,1.2406846216091967
2478,TCU Horned Frogs,Furman Paladins,Big 12,1,0,0,1.38982,1.1857012122871788
2479,Bradley Braves,Kansas State Wildcats,MVC,0,1,0,0.89471,0.9506249385253344
2480,Kansas State Wildcats,Bradley Braves,Big 12,1,0,0,0.94354,0.8437910063414066
2481,Alcorn State Braves,Iowa Hawkeyes,SWAC,0,0,1,0.72937,0.9453319203601901
2482,Iowa Hawkeyes,Alcorn State Braves,Big Ten,0,0,1,1.11346,0.8737572967295116
2483,Eastern Michigan Eagles,Michigan Wolverines,MAC,0,1,0,0.79074,0.8313053099167519
2484,Michigan Wolverines,Eastern Michigan Eagles,Big Ten,1,0,0,0.73259,0.6641228892934901
2485,Idaho State Bengals,Grand Canyon Lopes,Big Sky,0,1,0,1.20663,1.1274660517846344
2486,Grand Canyon Lopes,Idaho State Bengals,WAC,1,0,0,0.87665,0.8987899645330172
2487,Texas A&M Aggies,Baylor Bears,SEC,0,1,0,1.00099,1.0495826687500132
2488,Baylor Bears,Texas A&M Aggies,Big 12,1,0,0,1.195,1.1588221240298706
2489,South Dakota Coyotes,Creighton Bluejays,Summit,0,1,0,1.18005,1.1991534058253799
2490,Creighton Bluejays,South Dakota Coyotes,Big East,1,0,0,1.25718,1.0863253194705214
2491,Indiana Hoosiers,Louisville Cardinals,Big Ten,0,0,1,1.01212,1.1001909684075661
2492,Louisville Cardinals,Indiana Hoosiers,ACC,0,0,1,1.27363,1.1684842022547395
2493,Eastern Illinois Panthers,UC Davis Aggies,OVC,0,1,0,1.12874,1.1044314843031489
2494,UC Davis Aggies,Eastern Illinois Panthers,Big West,1,0,0,1.27577,1.2229692119453017
2495,Columbia Lions,Kentucky Wildcats,Ivy,0,1,0,0.94398,1.2076520748453516
2496,Kentucky Wildcats,Columbia Lions,SEC,1,0,0,1.15557,1.0226626487750043
2497,Wisconsin Badgers,Milwaukee Panthers,Big Ten,0,1,0,1.44676,1.3254929847570214
2498,Milwaukee Panthers,Wisconsin Badgers,Horizon,1,0,0,0.83358,0.9188865564095208
2499,Kansas Jayhawks,Georgetown Hoyas,Big 12,0,1,0,1.06903,1.0733781469558585
2500,Georgetown Hoyas,Kansas Jayhawks,Big East,1,0,0,0.99287,1.003625599441084
2501,High Point Panthers,Ohio State Buckeyes,Big South,0,1,0,0.65793,0.8001041365078375
2502,Ohio State Buckeyes,High Point Panthers,Big Ten,1,0,0,1.47895,1.3288704687218729
2503,Utah Utes,BYU Cougars,Pac-12,0,1,0,1.00756,0.9670209143553187
2504,BYU Cougars,Utah Utes,WCC,1,0,0,0.95695,1.008762717604731
2505,Long Beach State Beach,San Diego State Aztecs,Big West,0,1,0,1.0095,1.140333962320677
2506,San Diego State Aztecs,Long Beach State Beach,Mountain West,1,0,0,1.02459,1.0100051805416927
2507,North Carolina Central Eagles,Maryland Terrapins,MEAC,0,1,0,0.93125,1.119697092014822
2508,Maryland Terrapins,North Carolina Central Eagles,Big Ten,1,0,0,1.12785,1.0381537572889805
2509,Northern Iowa Panthers,Denver Pioneers,MVC,0,1,0,1.27463,1.2271487266509307
2510,Denver Pioneers,Northern Iowa Panthers,Summit,1,0,0,1.08179,1.139687995513668
2511,Fairleigh Dickinson Knights,St. John's Red Storm,NEC,0,1,0,0.84319,0.9761595864854722
2512,St. John's Red Storm,Fairleigh Dickinson Knights,Big East,1,0,0,1.20142,1.0026982590844316
2513,Arkansas State Red Wolves,Purdue Boilermakers,Sun Belt,0,1,0,0.71347,0.8152222016956632
2514,Purdue Boilermakers,Arkansas State Red Wolves,Big Ten,1,0,0,1.32648,1.1816513934336283
2515,UMBC Retrievers,Central Connecticut Blue Devils,AM. EAST,0,1,0,0.90387,0.861573801609968
2516,Central Connecticut Blue Devils,UMBC Retrievers,NEC,1,0,0,1.12174,1.0493267506386341
2517,Campbell Fighting Camels,Delaware State Hornets,Big South,0,1,0,1.16704,1.1183637060375
2518,Delaware State Hornets,Campbell Fighting Camels,MEAC,1,0,0,0.94416,0.9286013816661111
2519,Rhode Island Rams,Providence Friars,A-10,0,1,0,0.98147,1.059203383547721
2520,Providence Friars,Rhode Island Rams,Big East,1,0,0,1.13442,1.1251549187531036
2521,Rider Broncs,Iona Gaels,MAAC,0,1,0,0.89079,0.8755525861712407
2522,Iona Gaels,Rider Broncs,MAAC,1,0,0,1.08156,1.0907669057702678
2523,Monmouth Hawks,Fordham Rams,MAAC,0,1,0,0.87968,0.8807096153220944
2524,Fordham Rams,Monmouth Hawks,A-10,1,0,0,1.04351,1.0114549140211468
2525,Hofstra Pride,Coppin State Eagles,CAA,0,1,0,1.36719,1.2469060006475072
2526,Coppin State Eagles,Hofstra Pride,MEAC,1,0,0,0.86941,0.8959708621417043
2527,Incarnate Word Cardinals,Nebraska Cornhuskers,Southland,0,1,0,1.13894,1.2714358943505633
2528,Nebraska Cornhuskers,Incarnate Word Cardinals,Big Ten,1,0,0,1.11695,0.9087751144222926
2529,Louisiana Tech Bulldogs,Louisiana Ragin' Cajuns,CUSA,0,1,0,1.09248,1.125961112439306
2530,Louisiana Ragin' Cajuns,Louisiana Tech Bulldogs,Sun Belt,1,0,0,1.20055,1.2467766918727576
2531,Dartmouth Big Green,UMass Lowell River Hawks,Ivy,0,1,0,1.0734,1.0369964823278686
2532,UMass Lowell River Hawks,Dartmouth Big Green,AM. EAST,1,0,0,0.79923,0.837362651150623
2533,Southern Jaguars,Minnesota Golden Gophers,SWAC,0,1,0,0.8201,0.9837722915297287
2534,Minnesota Golden Gophers,Southern Jaguars,Big Ten,1,0,0,1.2169,1.0861725978390293
2535,Towson Tigers,Temple Owls,CAA,0,1,0,1.07319,1.1679232260978611
2536,Temple Owls,Towson Tigers,American,1,0,0,1.24869,1.1674120600810785
2537,Southern Illinois Salukis,Southeast Missouri State Redhawks,MVC,0,1,0,0.96517,0.9303837666231359
2538,Southeast Missouri State Redhawks,Southern Illinois Salukis,OVC,1,0,0,0.98915,0.9598964783982666
2539,Princeton Tigers,Saint Peter's Peacocks,Ivy,0,1,0,0.80505,0.831784649156255
2540,Saint Peter's Peacocks,Princeton Tigers,MAAC,1,0,0,1.03614,0.9794924635356431
2541,Colorado State Rams,Colorado Buffaloes,Mountain West,0,1,0,1.05116,1.0962552957004503
2542,Colorado Buffaloes,Colorado State Rams,Pac-12,1,0,0,1.01133,0.9743603275448355
2543,Duquesne Dukes,Penn State Nittany Lions,A-10,0,0,1,1.00534,1.0796970922310227
2544,Penn State Nittany Lions,Duquesne Dukes,Big Ten,0,0,1,1.02062,0.8331792282505445
2545,Davidson Wildcats,Montana Grizzlies,A-10,0,1,0,1.61749,1.5707676799725967
2546,Montana Grizzlies,Davidson Wildcats,Big Sky,1,0,0,1.45492,1.4261082771770004
2547,Fresno State Bulldogs,Texas Tech Red Raiders,Mountain West,0,1,0,0.8833,0.926616481836169
2548,Texas Tech Red Raiders,Fresno State Bulldogs,Big 12,1,0,0,1.17566,1.02753310724984
2549,UC Riverside Highlanders,UCLA Bruins,Big West,0,1,0,1.01701,1.0663159629923142
2550,UCLA Bruins,UC Riverside Highlanders,Pac-12,1,0,0,1.15908,1.0682829118573678
2551,Wyoming Cowboys,California Golden Bears,Mountain West,0,1,0,0.79778,0.8600434389587313
2552,California Golden Bears,Wyoming Cowboys,Pac-12,1,0,0,0.85103,0.818201298462087
2553,Washington State Cougars,Gonzaga Bulldogs,Pac-12,0,1,0,1.08851,1.1522680724722667
2554,Gonzaga Bulldogs,Washington State Cougars,WCC,1,0,0,1.29014,1.1447723529700458
2555,Chattanooga Mocs,The Citadel Bulldogs,Southern,0,1,0,1.34009,1.1144625109228121
2556,The Citadel Bulldogs,Chattanooga Mocs,Southern,1,0,0,0.95712,0.8924427361008065
2557,Elon Phoenix,Missouri Tigers,CAA,0,1,0,1.09318,1.0713962566068944
2558,Missouri Tigers,Elon Phoenix,SEC,1,0,0,1.20908,1.0960339576489564
2559,Wright State Raiders,Belmont Bruins,Horizon,0,1,0,1.28021,1.243748054825642
2560,Belmont Bruins,Wright State Raiders,OVC,1,0,0,1.14345,1.1104726100857083
2561,DePaul Blue Demons,George Washington Revolutionaries,Big East,0,1,0,0.9682,0.9586141886113569
2562,George Washington Revolutionaries,DePaul Blue Demons,A-10,1,0,0,1.19039,1.1283940435801407
2563,Maine Black Bears,Boston College Eagles,AM. EAST,0,1,0,1.14231,1.2277420534775598
2564,Boston College Eagles,Maine Black Bears,ACC,1,0,0,1.34644,1.1100533341282883
2565,Binghamton Bearcats,Colgate Raiders,AM. EAST,0,1,0,0.73216,0.7432335048056847
2566,Colgate Raiders,Binghamton Bearcats,Patriot,1,0,0,1.08856,1.018482447572275
2567,South Carolina State Bulldogs,Charleston Cougars,MEAC,0,1,0,0.8198,0.8935362695098237
2568,Charleston Cougars,South Carolina State Bulldogs,CAA,1,0,0,0.92216,0.83491156021761
2569,Idaho Vandals,Western Illinois Leathernecks,Big Sky,0,1,0,1.01991,0.9895921544289558
2570,Western Illinois Leathernecks,Idaho Vandals,Summit,1,0,0,1.09501,1.00252642092246
2571,UCF Knights,UIC Flames,American,0,1,0,0.92785,0.8759646707700671
2572,UIC Flames,UCF Knights,Horizon,1,0,0,1.11922,0.9992822669830524
2573,San Diego Toreros,UC Santa Barbara Gauchos,WCC,0,1,0,1.2842,1.2423541128611086
2574,UC Santa Barbara Gauchos,San Diego Toreros,Big West,1,0,0,1.00697,1.0379373449690743
2575,Eastern Washington Eagles,San Francisco Dons,Big Sky,0,1,0,1.19783,1.2316845416337934
2576,San Francisco Dons,Eastern Washington Eagles,WCC,1,0,0,1.1608,1.0145631656207654
2577,Cal State Fullerton Titans,Sacramento State Hornets,Big West,0,1,0,1.03118,0.9402178992983702
2578,Sacramento State Hornets,Cal State Fullerton Titans,Big Sky,1,0,0,1.2598,1.1759332275849235
2579,Iowa State Cyclones,Iowa Hawkeyes,Big 12,0,0,1,1.2717,1.2911562590834122
2580,Iowa Hawkeyes,Iowa State Cyclones,Big Ten,0,0,1,1.05975,1.0485439480994576
2581,Texas Southern Tigers,Florida Gators,SWAC,0,1,0,0.87564,1.1312108782516228
2582,Florida Gators,Texas Southern Tigers,SEC,1,0,0,1.28411,1.1002136847786432
2583,Charleston Southern Buccaneers,NC State Wolfpack,Big South,0,1,0,0.77969,0.8629021256339041
2584,NC State Wolfpack,Charleston Southern Buccaneers,ACC,1,0,0,1.3097,1.112096800269073
2585,North Carolina Tar Heels,Kentucky Wildcats,ACC,0,1,0,1.1095,1.277998060871484
2586,Kentucky Wildcats,North Carolina Tar Heels,SEC,1,0,0,1.33303,1.327657374154234
2587,Nicholls Colonels,Wisconsin Badgers,Southland,0,1,0,0.66338,0.820482984844325
2588,Wisconsin Badgers,Nicholls Colonels,Big Ten,1,0,0,1.36978,1.1965431058039675
2589,Texas State Bobcats,Texas Longhorns,Sun Belt,0,1,0,0.49867,0.6152113723566011
2590,Texas Longhorns,Texas State Bobcats,Big 12,1,0,0,1.0707,1.026615878147104
2591,Gonzaga Bulldogs,UCLA Bruins,WCC,0,1,0,1.34538,1.3399013855238606
2592,UCLA Bruins,Gonzaga Bulldogs,Pac-12,1,0,0,1.12235,1.1529299220776594
2593,Utah Utes,Kansas Jayhawks,Pac-12,0,0,1,1.00032,1.0759985175392879
2594,Kansas Jayhawks,Utah Utes,Big 12,0,0,1,1.07371,1.1298814347693764
2595,Wichita State Shockers,Detroit Mercy Titans,MVC,0,1,0,1.21528,1.2149981471094278
2596,Detroit Mercy Titans,Wichita State Shockers,Horizon,1,0,0,1.06677,1.130689446936869
2597,Morehead State Eagles,Ohio State Buckeyes,OVC,0,1,0,1.0683,1.2063149074437012
2598,Ohio State Buckeyes,Morehead State Eagles,Big Ten,1,0,0,1.31569,1.2202899068153412
2599,Oklahoma Sooners,Tulsa Golden Hurricane,Big 12,0,1,0,1.24897,1.255283706926122
2600,Tulsa Golden Hurricane,Oklahoma Sooners,American,1,0,0,1.0148,1.1349919377509115
2601,Northern Iowa Panthers,VCU Rams,MVC,0,1,0,1.16007,1.2271663035589782
2602,VCU Rams,Northern Iowa Panthers,A-10,1,0,0,1.2158,1.2335119914669632
2603,Florida State Seminoles,Notre Dame Fighting Irish,ACC,0,0,1,1.01713,0.9774280500142251
2604,Notre Dame Fighting Irish,Florida State Seminoles,ACC,0,0,1,1.33177,1.288641594741163
2605,South Carolina Upstate Spartans,Maryland Terrapins,ASUN,0,1,0,0.96014,1.1006737410214773
2606,Maryland Terrapins,South Carolina Upstate Spartans,Big Ten,1,0,0,1.1235,0.9812855837780243
2607,Stony Brook Seawolves,Providence Friars,AM. EAST,0,1,0,0.8985,1.0617570991731453
2608,Providence Friars,Stony Brook Seawolves,Big East,1,0,0,1.2224,1.1328686666368206
2609,Radford Highlanders,Georgetown Hoyas,Big South,0,1,0,0.79802,0.9025733711081733
2610,Georgetown Hoyas,Radford Highlanders,Big East,1,0,0,1.26062,1.1100158209098314
2611,La Salle Explorers,Drexel Dragons,A-10,1,0,0,1.03214,0.954119204533011
2612,Drexel Dragons,La Salle Explorers,CAA,1,0,0,0.87495,0.949463579847535
2613,Eastern Kentucky Colonels,IU Indianapolis Jaguars,OVC,0,1,0,1.08755,1.10968527455376
2614,IU Indianapolis Jaguars,Eastern Kentucky Colonels,Summit,1,0,0,0.96395,0.9804520486934408
2615,Marist Red Foxes,VMI Keydets,MAAC,0,1,0,1.00815,0.9735181865657395
2616,VMI Keydets,Marist Red Foxes,Southern,1,0,0,1.21431,1.1102225307580078
2617,Pepperdine Waves,Arizona State Sun Devils,WCC,0,1,0,1.04733,1.045598777944987
2618,Arizona State Sun Devils,Pepperdine Waves,Pac-12,1,0,0,1.18638,1.1710777371554868
2619,Norfolk State Spartans,Mount St. Mary's Mountaineers,MEAC,0,1,0,0.98039,1.0654216305736328
2620,Mount St. Mary's Mountaineers,Norfolk State Spartans,NEC,1,0,0,1.04105,1.0233196122546158
2621,Delaware State Hornets,Rhode Island Rams,MEAC,0,1,0,0.64013,0.8343352498922284
2622,Rhode Island Rams,Delaware State Hornets,A-10,1,0,0,1.20887,1.0900424649527662
2623,Dayton Flyers,Arkansas Razorbacks,A-10,0,1,0,0.87925,0.9146832014639061
2624,Arkansas Razorbacks,Dayton Flyers,SEC,1,0,0,1.11885,1.098548933378049
2625,St. Bonaventure Bonnies,Pittsburgh Panthers,A-10,0,1,0,0.88778,0.8588740601263724
2626,Pittsburgh Panthers,St. Bonaventure Bonnies,ACC,1,0,0,0.94224,0.8507886788005676
2627,Alcorn State Braves,Ohio Bobcats,SWAC,0,1,0,0.88087,0.9526859655395838
2628,Ohio Bobcats,Alcorn State Braves,MAC,1,0,0,1.06821,0.8561324819818199
2629,Indiana State Sycamores,Iona Gaels,MVC,0,1,0,1.22275,1.1761308850647494
2630,Iona Gaels,Indiana State Sycamores,MAAC,1,0,0,1.30711,1.3015374550896424
2631,Murray State Racers,Evansville Purple Aces,OVC,0,1,0,1.2207,1.262662702978398
2632,Evansville Purple Aces,Murray State Racers,MVC,1,0,0,1.161,1.1237288992794328
2633,Saint Mary's Gaels,Creighton Bluejays,WCC,0,1,0,1.09471,1.0392147015464483
2634,Creighton Bluejays,Saint Mary's Gaels,Big East,1,0,0,1.02214,0.9395837451765813
2635,Omaha Mavericks,Kansas City Roos,Summit,0,1,0,0.89971,0.8579566950665802
2636,Kansas City Roos,Omaha Mavericks,WAC,1,0,0,1.01394,1.0764829739253443
2637,Cal State Bakersfield Roadrunners,Portland State Vikings,WAC,0,1,0,0.94668,1.0041640784064234
2638,Portland State Vikings,Cal State Bakersfield Roadrunners,Big Sky,1,0,0,1.05794,1.0083862242684727
2639,Mississippi State Bulldogs,Oregon State Beavers,SEC,0,1,0,0.83895,0.8801049856892136
2640,Oregon State Beavers,Mississippi State Bulldogs,Pac-12,1,0,0,1.04663,1.0158329965112705
2641,Arkansas-Pine Bluff Golden Lions,Air Force Falcons,SWAC,0,0,1,0.89275,0.9603063440382369
2642,Air Force Falcons,Arkansas-Pine Bluff Golden Lions,Mountain West,0,0,1,1.44776,1.3678193773327985
2643,Duquesne Dukes,Robert Morris Colonials,A-10,0,1,0,0.9038,0.8530999424520246
2644,Robert Morris Colonials,Duquesne Dukes,NEC,1,0,0,1.1489,1.0651255670100264
2645,UNC Greensboro Spartans,East Tennessee State Buccaneers,Southern,0,1,0,1.23567,1.171576007624488
2646,East Tennessee State Buccaneers,UNC Greensboro Spartans,Southern,1,0,0,1.15904,1.0468463250280604
2647,Xavier Musketeers,Missouri Tigers,Big East,0,1,0,1.21048,1.1006074949541214
2648,Missouri Tigers,Xavier Musketeers,SEC,1,0,0,0.93236,0.8980456161365878
2649,Cleveland State Vikings,Bowling Green Falcons,Horizon,0,1,0,0.83439,0.8716929930962486
2650,Bowling Green Falcons,Cleveland State Vikings,MAC,1,0,0,0.99589,0.946092784874543
2651,Canisius Golden Griffins,Massachusetts Minutemen,MAAC,0,1,0,1.00028,1.0304107437440677
2652,Massachusetts Minutemen,Canisius Golden Griffins,A-10,1,0,0,1.27157,1.2681354938696043
2653,Loyola Marymount Lions,Northern Arizona Lumberjacks,WCC,0,1,0,1.07276,1.0159175905372095
2654,Northern Arizona Lumberjacks,Loyola Marymount Lions,Big Sky,1,0,0,1.07685,0.980659335450718
2655,Western Kentucky Hilltoppers,Ole Miss Rebels,CUSA,0,0,1,1.27686,1.3435097405170286
2656,Ole Miss Rebels,Western Kentucky Hilltoppers,SEC,0,0,1,1.17148,1.1144295207856256
2657,Youngstown State Penguins,Texas A&M Aggies,Horizon,0,1,0,1.04233,1.1143914048470034
2658,Texas A&M Aggies,Youngstown State Penguins,SEC,1,0,0,1.39233,1.1834343047271487
2659,Grand Canyon Lopes,Indiana Hoosiers,WAC,0,1,0,1.00219,1.1004823790319227
2660,Indiana Hoosiers,Grand Canyon Lopes,Big Ten,1,0,0,1.40121,1.1909235851037299
2661,Lipscomb Bisons,Austin Peay Governors,ASUN,0,1,0,1.05407,1.0537255338616667
2662,Austin Peay Governors,Lipscomb Bisons,OVC,1,0,0,0.91948,0.8201792334996509
2663,Idaho Vandals,South Dakota State Jackrabbits,Big Sky,0,1,0,1.30592,1.3580290387611278
2664,South Dakota State Jackrabbits,Idaho Vandals,Summit,1,0,0,1.4046,1.31211642092246
2665,James Madison Dukes,East Carolina Pirates,CAA,0,1,0,0.8631,0.823572372346199
2666,East Carolina Pirates,James Madison Dukes,American,1,0,0,1.02584,0.9610999318863891
2667,Drake Bulldogs,Green Bay Phoenix,MVC,0,0,1,0.8018,0.8757386167750241
2668,Green Bay Phoenix,Drake Bulldogs,Horizon,0,0,1,1.0502,0.929457259978042
2669,Michigan Wolverines,Arizona Wildcats,Big Ten,0,1,0,0.84005,0.9234106988647284
2670,Arizona Wildcats,Michigan Wolverines,Pac-12,1,0,0,1.26646,1.2478706967558728
2671,Howard Bison,Richmond Spiders,MEAC,0,1,0,0.71658,0.8804482788688484
2672,Richmond Spiders,Howard Bison,A-10,1,0,0,0.97724,0.9483643314538517
2673,Denver Pioneers,Stanford Cardinal,Summit,0,1,0,0.85611,0.9043744544254141
2674,Stanford Cardinal,Denver Pioneers,Pac-12,1,0,0,0.97931,0.859129216884448
2675,Northern Colorado Bears,Colorado Buffaloes,Big Sky,0,1,0,1.16656,1.2234454482981076
2676,Colorado Buffaloes,Northern Colorado Bears,Pac-12,1,0,0,1.61136,1.36760878845276
2677,Oklahoma State Cowboys,Memphis Tigers,Big 12,0,1,0,1.0888,1.0923495450077405
2678,Memphis Tigers,Oklahoma State Cowboys,American,1,0,0,0.81566,0.8713869349375194
2679,Sam Houston Bearkats,LSU Tigers,Southland,0,1,0,1.04792,1.181694885429832
2680,LSU Tigers,Sam Houston Bearkats,SEC,1,0,0,1.20976,1.189751553042417
2681,Oregon Ducks,Illinois Fighting Illini,Pac-12,0,0,1,1.1048,1.1511149188468597
2682,Illinois Fighting Illini,Oregon Ducks,Big Ten,0,0,1,1.07547,1.0243292815671052
2683,SIU Edwardsville Cougars,Saint Louis Billikens,OVC,0,1,0,0.98362,0.9562296382921344
2684,Saint Louis Billikens,SIU Edwardsville Cougars,A-10,1,0,0,1.08507,1.0138474299355853
2685,Furman Paladins,Gardner-Webb Runnin' Bulldogs,Southern,0,1,0,0.99541,0.8674608625889952
2686,Gardner-Webb Runnin' Bulldogs,Furman Paladins,Big South,1,0,0,1.06293,0.9590164364394934
2687,Middle Tennessee Blue Raiders,Akron Zips,CUSA,0,1,0,1.0902,1.1461081204205048
2688,Akron Zips,Middle Tennessee Blue Raiders,MAC,1,0,0,1.08064,1.053566408678665
2689,Arkansas State Red Wolves,Toledo Rockets,Sun Belt,0,1,0,1.10059,1.1137392428304973
2690,Toledo Rockets,Arkansas State Red Wolves,MAC,1,0,0,1.24658,1.1625547290805434
2691,Missouri State Bears,Southeast Missouri State Redhawks,MVC,0,1,0,1.15565,1.1208637666231358
2692,Southeast Missouri State Redhawks,Missouri State Bears,OVC,1,0,0,0.9383,0.8804186560964822
2693,Rider Broncs,Hartford Hawks,MAAC,0,1,0,1.06327,1.0553798450048606
2694,Hartford Hawks,Rider Broncs,AM. EAST,1,0,0,1.01764,1.0755975885361229
2695,Niagara Purple Eagles,Davidson Wildcats,MAAC,0,1,0,0.94401,0.9561620446443206
2696,Davidson Wildcats,Niagara Purple Eagles,A-10,1,0,0,1.27351,1.1273570832927318
2697,Navy Midshipmen,Maryland Eastern Shore Hawks,Patriot,0,1,0,0.83947,0.8073785230456889
2698,Maryland Eastern Shore Hawks,Navy Midshipmen,MEAC,1,0,0,0.97129,0.9957052336771745
2699,UAlbany Great Danes,Siena Saints,AM. EAST,1,0,0,1.33503,1.2696969121481905
2700,Siena Saints,UAlbany Great Danes,MAAC,0,1,0,1.16964,1.166359992544098
2701,UL Monroe Warhawks,New Mexico Lobos,Sun Belt,0,1,0,0.80236,0.8756215331280847
2702,New Mexico Lobos,UL Monroe Warhawks,Mountain West,1,0,0,0.93501,0.9515443993111641
2703,Lamar Cardinals,UT Rio Grande Valley Vaqueros,Southland,0,1,0,0.87437,0.8147613080620857
2704,UT Rio Grande Valley Vaqueros,Lamar Cardinals,WAC,1,0,0,0.98102,1.0007519595349075
2705,Ball State Cardinals,Valparaiso Beacons,MAC,0,1,0,1.00975,1.0335682585206252
2706,Valparaiso Beacons,Ball State Cardinals,Horizon,1,0,0,1.06728,0.9855792275658598
2707,Alabama State Hornets,Western Illinois Leathernecks,SWAC,0,1,0,0.9128,0.9867682664566887
2708,Western Illinois Leathernecks,Alabama State Hornets,Summit,1,0,0,1.07644,1.0269505348519659
2709,UNLV Rebels,South Dakota Coyotes,Mountain West,0,0,1,1.04781,0.9932055283767216
2710,South Dakota Coyotes,UNLV Rebels,Summit,0,0,1,0.91717,0.9894628092106442
2711,New Mexico State Aggies,Oral Roberts Golden Eagles,WAC,0,1,0,1.2552,1.3212171192634357
2712,Oral Roberts Golden Eagles,New Mexico State Aggies,Summit,1,0,0,1.32051,1.3631082213941375
2713,Florida Atlantic Owls,UCF Knights,CUSA,0,1,0,0.89914,0.8249500755569832
2714,UCF Knights,Florida Atlantic Owls,American,1,0,0,0.70522,0.6272233501712292
2715,Jackson State Tigers,Loyola Chicago Ramblers,SWAC,0,1,0,0.88277,1.0307102215330488
2716,Loyola Chicago Ramblers,Jackson State Tigers,MVC,1,0,0,1.12215,1.0536088592346884
2717,North Dakota Fighting Hawks,North Dakota State Bison,Big Sky,0,1,0,0.7697,0.7801563093477809
2718,North Dakota State Bison,North Dakota Fighting Hawks,Summit,1,0,0,1.22529,1.136841919305297
2719,McNeese Cowboys,TCU Horned Frogs,Southland,0,1,0,0.86575,0.978577866341268
2720,TCU Horned Frogs,McNeese Cowboys,Big 12,1,0,0,1.2022,0.9987597892462836
2721,Princeton Tigers,California Golden Bears,Ivy,0,1,0,0.99024,1.0603155407808058
2722,California Golden Bears,Princeton Tigers,Pac-12,1,0,0,1.13964,1.012089403057276
2723,Tennessee Tech Golden Eagles,Alabama Crimson Tide,OVC,0,1,0,0.97198,1.0472855937932732
2724,Alabama Crimson Tide,Tennessee Tech Golden Eagles,SEC,1,0,0,1.22217,1.0450693793087809
2725,Purdue Boilermakers,Vanderbilt Commodores,Big Ten,0,1,0,1.15344,1.1039263785535744
2726,Vanderbilt Commodores,Purdue Boilermakers,SEC,1,0,0,1.29568,1.2758083641900724
2727,Cincinnati Bearcats,Nebraska Cornhuskers,American,0,1,0,0.75823,0.8602874036010264
2728,Nebraska Cornhuskers,Cincinnati Bearcats,Big Ten,1,0,0,0.79778,0.8044765350605186
2729,BYU Cougars,Weber State Wildcats,WCC,0,1,0,1.26951,1.1685036383501992
2730,Weber State Wildcats,BYU Cougars,Big Sky,1,0,0,0.99904,0.9884402073663655
2731,Utah State Aggies,Utah Valley Wolverines,Mountain West,0,1,0,0.82672,0.7640882067198945
2732,Utah Valley Wolverines,Utah State Aggies,WAC,1,0,0,0.79221,0.8737481592978081
2733,UT Arlington Mavericks,UC Irvine Anteaters,Sun Belt,0,1,0,1.08057,1.1538921370027466
2734,UC Irvine Anteaters,UT Arlington Mavericks,Big West,1,0,0,0.96221,0.9304579076403517
2735,Washington State Cougars,Santa Clara Broncos,Pac-12,0,1,0,1.14338,1.059173477338328
2736,Santa Clara Broncos,Washington State Cougars,WCC,1,0,0,1.24554,1.1001723529700458
2737,Cal Poly Mustangs,Fresno State Bulldogs,Big West,0,1,0,0.95952,0.9281752683428623
2738,Fresno State Bulldogs,Cal Poly Mustangs,Mountain West,1,0,0,1.08364,1.0669156984167423
2739,Cal State Fullerton Titans,Nevada Wolf Pack,Big West,0,1,0,1.20908,1.1995901380051615
2740,Nevada Wolf Pack,Cal State Fullerton Titans,Mountain West,1,0,0,0.98304,0.887383074987266
2741,Seattle U Redhawks,San José State Spartans,WAC,0,1,0,1.05972,1.0944219393427639
2742,San José State Spartans,Seattle U Redhawks,Mountain West,1,0,0,0.75368,0.7136721206800686
2743,New Orleans Privateers,San Diego Toreros,Southland,0,1,0,0.90738,1.0016008931279887
2744,San Diego Toreros,New Orleans Privateers,WCC,1,0,0,1.35302,1.2007173209544575
2745,Army Black Knights,USC Trojans,Patriot,0,1,0,1.09311,1.135331633005363
2746,USC Trojans,Army Black Knights,Pac-12,1,0,0,0.96265,0.8424323675652085
2747,Temple Owls,Villanova Wildcats,American,0,1,0,0.96914,1.1231840206626933
2748,Villanova Wildcats,Temple Owls,Big East,1,0,0,1.32389,1.297356314050481
2749,Southern Jaguars,Iowa State Cyclones,SWAC,0,1,0,1.08739,1.278414376413488
2750,Iowa State Cyclones,Southern Jaguars,Big 12,1,0,0,1.24683,1.121827364876282
2751,Butler Bulldogs,Tennessee Volunteers,Big East,0,1,0,0.99465,0.9410942959201495
2752,Tennessee Volunteers,Butler Bulldogs,SEC,1,0,0,1.21928,1.272646703817133
2753,Eastern Washington Eagles,Washington Huskies,Big Sky,0,1,0,1.08039,1.1252263162683744
2754,Washington Huskies,Eastern Washington Eagles,Pac-12,1,0,0,1.16734,1.0213858382341945
2755,Marshall Thundering Herd,West Virginia Mountaineers,CUSA,0,0,1,1.02612,1.1383661371016272
2756,West Virginia Mountaineers,Marshall Thundering Herd,Big 12,0,0,1,1.08968,0.9962830365912361
2757,George Washington Revolutionaries,Penn State Nittany Lions,A-10,0,0,1,0.8986,0.9729570922310228
2758,Penn State Nittany Lions,George Washington Revolutionaries,Big Ten,0,0,1,1.09361,1.0809420834343102
2759,Manhattan Jaspers,Rutgers Scarlet Knights,MAAC,0,0,1,0.91579,0.9610837190244154
2760,Rutgers Scarlet Knights,Manhattan Jaspers,Big Ten,0,0,1,1.05847,0.996949201236472
2761,Saint Peter's Peacocks,Seton Hall Pirates,MAAC,0,0,1,0.92815,0.9897783730166372
2762,Seton Hall Pirates,Saint Peter's Peacocks,Big East,0,0,1,1.17179,1.107640488822587
2763,Wagner Seahawks,Vermont Catamounts,NEC,0,1,0,0.73555,0.8393832618730743
2764,Vermont Catamounts,Wagner Seahawks,AM. EAST,1,0,0,1.02223,0.9886048371798594
2765,Binghamton Bearcats,Boston College Eagles,AM. EAST,0,1,0,0.80305,0.8884820534775599
2766,Boston College Eagles,Binghamton Bearcats,ACC,1,0,0,1.04167,0.8624938085863594
2767,Colgate Raiders,New Hampshire Wildcats,Patriot,0,1,0,1.06103,1.0989606814178552
2768,New Hampshire Wildcats,Colgate Raiders,AM. EAST,1,0,0,1.1268,1.1046953544110776
2769,Quinnipiac Bobcats,Boston University Terriers,MAAC,0,1,0,1.15214,1.0885998744596712
2770,Boston University Terriers,Quinnipiac Bobcats,Patriot,1,0,0,1.23018,1.229910086481497
2771,North Carolina A&T Aggies,Old Dominion Monarchs,MEAC,0,1,0,0.80128,0.9724381994407917
2772,Old Dominion Monarchs,North Carolina A&T Aggies,CUSA,1,0,0,1.42994,1.316498243063779
2773,Campbell Fighting Camels,Charleston Cougars,Big South,0,1,0,0.83376,0.8400519747778268
2774,Charleston Cougars,Campbell Fighting Camels,CAA,1,0,0,1.04095,0.9431879625743665
2775,Florida International Panthers,Florida Gulf Coast Eagles,CUSA,0,1,0,1.12869,1.1588567833841095
2776,Florida Gulf Coast Eagles,Florida International Panthers,ASUN,1,0,0,0.99072,0.9895838851761335
2777,Montana State Bobcats,Wyoming Cowboys,Big Sky,0,1,0,1.17322,1.236686892262348
2778,Wyoming Cowboys,Montana State Bobcats,Mountain West,1,0,0,1.28014,1.1724468067558187
2779,Prairie View A&M Panthers,Texas Tech Red Raiders,SWAC,0,1,0,0.87147,1.0308627464615594
2780,Texas Tech Red Raiders,Prairie View A&M Panthers,Big 12,1,0,0,1.42275,1.2806692489426998
2781,Fordham Rams,St. John's Red Storm,A-10,0,0,1,0.84313,0.9082119978308238
2782,St. John's Red Storm,Fordham Rams,Big East,0,0,1,1.22744,1.1258217871401308
2783,Dartmouth Big Green,Jacksonville State Gamecocks,Ivy,0,1,0,1.07504,1.0114909464143789
2784,Jacksonville State Gamecocks,Dartmouth Big Green,OVC,1,0,0,1.285,1.2704227971511886
2785,Coastal Carolina Chanticleers,South Carolina State Bulldogs,Big South,0,1,0,1.00025,0.960938834971965
2786,South Carolina State Bulldogs,Coastal Carolina Chanticleers,MEAC,1,0,0,0.7897,0.8478311198483377
2787,Alabama A&M Bulldogs,Virginia Tech Hokies,SWAC,0,1,0,0.98711,1.0870364724468542
2788,Virginia Tech Hokies,Alabama A&M Bulldogs,ACC,1,0,0,1.19205,0.9446352489663025
2789,Kent State Golden Flashes,Little Rock Trojans,MAC,0,1,0,0.96749,0.8848984636133217
2790,Little Rock Trojans,Kent State Golden Flashes,Sun Belt,1,0,0,0.94728,0.9462772878384411
2791,North Texas Mean Green,Stephen F. Austin Lumberjacks,CUSA,0,1,0,0.76687,0.812284881312211
2792,Stephen F. Austin Lumberjacks,North Texas Mean Green,Southland,1,0,0,0.94726,0.9584324940691065
2793,Jacksonville Dolphins,Florida Gators,ASUN,0,1,0,0.68584,0.8646413848658121
2794,Florida Gators,Jacksonville Dolphins,SEC,1,0,0,1.55737,1.3113284748911898
2795,Wofford Terriers,NC State Wolfpack,Southern,0,1,0,0.95934,0.9843630652122412
2796,NC State Wolfpack,Wofford Terriers,ACC,1,0,0,0.95794,0.9087004072140452
2797,Auburn Tigers,Clemson Tigers,SEC,0,1,0,0.87813,0.9060015100079218
2798,Clemson Tigers,Auburn Tigers,ACC,1,0,0,1.05042,0.9419290511977444
2799,Louisiana Tech Bulldogs,Syracuse Orange,CUSA,0,1,0,1.03986,1.1766541931374133
2800,Syracuse Orange,Louisiana Tech Bulldogs,ACC,1,0,0,1.09796,1.0377878078786043
2801,Coppin State Eagles,UConn Huskies,MEAC,0,0,1,1.08348,1.2341925535589147
2802,UConn Huskies,Coppin State Eagles,American,0,0,1,1.35447,1.2319808185681262
2803,Illinois State Redbirds,DePaul Blue Demons,MVC,0,0,1,1.05849,1.0350635257278258
2804,DePaul Blue Demons,Illinois State Redbirds,Big East,0,0,1,0.99681,1.0026839125853426
2805,Chicago State Cougars,Southern Illinois Salukis,WAC,0,1,0,0.80674,0.9111242949814734
2806,Southern Illinois Salukis,Chicago State Cougars,MVC,1,0,0,1.02838,0.9420175732158093
2807,Longwood Lancers,UMBC Retrievers,Big South,0,1,0,0.80808,0.7379304030687195
2808,UMBC Retrievers,Longwood Lancers,AM. EAST,1,0,0,0.94224,0.8783496066150333
2809,Miami (OH) RedHawks,Wright State Raiders,MAC,0,1,0,0.90915,0.8683833340017998
2810,Wright State Raiders,Miami (OH) RedHawks,Horizon,1,0,0,1.03983,0.9632565802262623
2811,Mississippi Valley State Delta Devils,Northwestern Wildcats,SWAC,0,1,0,0.67838,0.8011351496412527
2812,Northwestern Wildcats,Mississippi Valley State Delta Devils,Big Ten,1,0,0,1.37204,1.0914072115560565
2813,Samford Bulldogs,Wake Forest Demon Deacons,Southern,0,1,0,1.01422,1.0113929559687918
2814,Wake Forest Demon Deacons,Samford Bulldogs,ACC,1,0,0,1.29681,1.1073393693920657
2815,UNC Wilmington Seahawks,Louisville Cardinals,CAA,0,1,0,0.84196,1.021201835237386
2816,Louisville Cardinals,UNC Wilmington Seahawks,ACC,1,0,0,0.99709,0.8938274096749175
2817,Montana Grizzlies,Milwaukee Panthers,Big Sky,0,1,0,0.99697,0.9736473010433188
2818,Milwaukee Panthers,Montana Grizzlies,Horizon,1,0,0,1.2793,1.211228526538327
2819,Savannah State Tigers,Kansas State Wildcats,MEAC,0,1,0,0.88362,1.0385609921943793
2820,Kansas State Wildcats,Savannah State Tigers,Big 12,1,0,0,1.24008,1.0959702362889583
2821,Southern Utah Thunderbirds,Boise State Broncos,Big Sky,0,1,0,0.96451,1.0413437021723047
2822,Boise State Broncos,Southern Utah Thunderbirds,Mountain West,1,0,0,1.24684,1.103190389234864
2823,Oakland Golden Grizzlies,Michigan State Spartans,Horizon,0,1,0,0.91191,1.0387468425272943
2824,Michigan State Spartans,Oakland Golden Grizzlies,Big Ten,1,0,0,1.3257,1.1366155448550421
2825,UNC Asheville Bulldogs,UAB Blazers,Big South,0,1,0,1.01257,1.0810517718912205
2826,UAB Blazers,UNC Asheville Bulldogs,CUSA,1,0,0,1.15254,1.089721357617473
2827,Western Michigan Broncos,Pacific Tigers,MAC,0,1,0,1.21761,1.1196510029494273
2828,Pacific Tigers,Western Michigan Broncos,WCC,1,0,0,1.08507,0.9745451647713588
2829,Portland Pilots,Sacramento State Hornets,WCC,0,1,0,1.17902,1.0332733218299166
2830,Sacramento State Hornets,Portland Pilots,Big Sky,1,0,0,1.08146,1.0515952645244442
2831,Elon Phoenix,Duke Blue Devils,CAA,0,1,0,0.87845,1.0109770456121916
2832,Duke Blue Devils,Elon Phoenix,ACC,1,0,0,1.08688,0.9558807607657868
2833,Texas Southern Tigers,Gonzaga Bulldogs,SWAC,0,1,0,0.87236,1.1035216279056537
2834,Gonzaga Bulldogs,Texas Southern Tigers,WCC,1,0,0,1.58134,1.4152424366258405
2835,IU Indianapolis Jaguars,Howard Bison,Summit,0,1,0,0.76354,0.8080284858951636
2836,Howard Bison,IU Indianapolis Jaguars,MEAC,1,0,0,0.89962,0.9601806479552862
2837,Tennessee Tech Golden Eagles,North Florida Ospreys,OVC,0,1,0,1.1013,1.0923144842948511
2838,North Florida Ospreys,Tennessee Tech Golden Eagles,ASUN,1,0,0,1.12734,1.0589548658169836
2839,App State Mountaineers,Georgia Tech Yellow Jackets,Sun Belt,0,1,0,0.89259,0.9967290140292591
2840,Georgia Tech Yellow Jackets,App State Mountaineers,ACC,1,0,0,1.09222,0.9256897328373711
2841,Georgia Southern Eagles,South Florida Bulls,Sun Belt,0,1,0,1.05721,1.0455961505427325
2842,South Florida Bulls,Georgia Southern Eagles,American,1,0,0,0.98241,0.9978075098809486
2843,Missouri State Bears,Oral Roberts Golden Eagles,MVC,0,1,0,0.96217,0.9003049232019243
2844,Oral Roberts Golden Eagles,Missouri State Bears,Summit,1,0,0,1.22693,1.176420798517197
2845,North Carolina Central Eagles,Memphis Tigers,MEAC,0,1,0,0.72595,0.8971490638920522
2846,Memphis Tigers,North Carolina Central Eagles,American,1,0,0,1.24668,1.245949442039419
2847,UT Martin Skyhawks,UIC Flames,OVC,0,1,0,1.18305,1.1439697481450595
2848,UIC Flames,UT Martin Skyhawks,Horizon,1,0,0,1.13162,1.0510182419839593
2849,Troy Trojans,Austin Peay Governors,Sun Belt,0,1,0,1.03693,1.0163157344644473
2850,Austin Peay Governors,Troy Trojans,OVC,1,0,0,1.14245,1.084702530517896
2851,Jackson State Tigers,Drake Bulldogs,SWAC,0,1,0,1.03602,1.036721790832294
2852,Drake Bulldogs,Jackson State Tigers,MVC,1,0,0,1.2172,1.1486588592346885
2853,UTSA Roadrunners,Texas A&M-Corpus Christi Islanders,CUSA,0,1,0,1.19864,1.1646895968309405
2854,Texas A&M-Corpus Christi Islanders,UTSA Roadrunners,Southland,1,0,0,0.94354,0.8815291825082204
2855,Bethune-Cookman Wildcats,Grand Canyon Lopes,MEAC,0,1,0,0.87564,0.8719060214199011
2856,Grand Canyon Lopes,Bethune-Cookman Wildcats,WAC,1,0,0,1.05361,1.0769701955505486
2857,Grambling Tigers,Oregon State Beavers,SWAC,0,1,0,0.70739,0.934029965583227
2858,Oregon State Beavers,Grambling Tigers,Pac-12,1,0,0,1.18069,0.9261283274432067
2859,South Alabama Jaguars,Pepperdine Waves,Sun Belt,0,1,0,1.04845,1.1366901502004512
2860,Pepperdine Waves,South Alabama Jaguars,WCC,1,0,0,1.2005,1.0551478344169614
2861,Cal Poly Mustangs,San Francisco Dons,Big West,0,1,0,1.1721,1.1973390030831639
2862,San Francisco Dons,Cal Poly Mustangs,WCC,1,0,0,1.01147,0.9431357349953167
2863,Lipscomb Bisons,Texas Longhorns,ASUN,0,1,0,0.88105,1.0178611717538202
2864,Texas Longhorns,Lipscomb Bisons,Big 12,1,0,0,1.54906,1.353713238411473
2865,Alabama Crimson Tide,Wichita State Shockers,SEC,0,1,0,1.01664,1.0496971482917146
2866,Wichita State Shockers,Alabama Crimson Tide,MVC,1,0,0,1.01337,1.0280749135257543
2867,Oral Roberts Golden Eagles,Oklahoma Sooners,Summit,0,1,0,0.81911,0.9926573079412259
2868,Oklahoma Sooners,Oral Roberts Golden Eagles,Big 12,1,0,0,1.28769,1.1240233075920507
2869,North Carolina Tar Heels,UNC Greensboro Spartans,ACC,0,1,0,1.20804,1.0800757961916103
2870,UNC Greensboro Spartans,North Carolina Tar Heels,Southern,1,0,0,0.82813,0.8537528565021214
2871,UC Irvine Anteaters,Morgan State Bears,Big West,0,1,0,1.09612,1.0184746475082376
2872,Morgan State Bears,UC Irvine Anteaters,MEAC,1,0,0,1.188,1.296327136998703
2873,Belmont Bruins,VCU Rams,OVC,0,1,0,0.82801,0.9225288334318902
2874,VCU Rams,Belmont Bruins,A-10,1,0,0,1.24923,1.1677609074706976
2875,Samford Bulldogs,Presbyterian Blue Hose,Southern,0,1,0,1.32001,1.1464043592071618
2876,Presbyterian Blue Hose,Samford Bulldogs,Big South,1,0,0,1.09471,1.012377109044786
2877,East Tennessee State Buccaneers,Eastern Kentucky Colonels,Southern,0,1,0,1.03314,1.0214182253098065
2878,Eastern Kentucky Colonels,East Tennessee State Buccaneers,OVC,1,0,0,1.01593,0.9726876885874076
2879,Northern Kentucky Norse,Chattanooga Mocs,ASUN,0,1,0,1.28074,1.326960890655729
2880,Chattanooga Mocs,Northern Kentucky Norse,Southern,1,0,0,1.53089,1.3631161669987069
2881,Stetson Hatters,Florida Atlantic Owls,ASUN,0,1,0,1.09699,1.0886667507436174
2882,Florida Atlantic Owls,Stetson Hatters,CUSA,1,0,0,1.26993,1.118302164796128
2883,Drexel Dragons,Buffalo Bulls,CAA,0,1,0,1.05128,1.09487344620677
2884,Buffalo Bulls,Drexel Dragons,MAC,1,0,0,1.20146,1.115285639680485
2885,American University Eagles,La Salle Explorers,Patriot,0,1,0,1.02479,1.1492017539350854
2886,La Salle Explorers,American University Eagles,A-10,1,0,0,0.97823,0.9392187020153613
2887,Dartmouth Big Green,Mercer Bears,Ivy,0,1,0,1.32081,1.3106729263262848
2888,Mercer Bears,Dartmouth Big Green,Southern,1,0,0,1.02479,0.9561829657936621
2889,Eastern Washington Eagles,Sam Houston Bearkats,Big Sky,0,1,0,0.86694,0.9613085713033048
2890,Sam Houston Bearkats,Eastern Washington Eagles,Southland,1,0,0,1.25184,1.1904631408535264
2891,Savannah State Tigers,Tulane Green Wave,MEAC,0,1,0,0.99816,1.087633736916901
2892,Tulane Green Wave,Savannah State Tigers,American,1,0,0,1.15161,1.090741154002144
2893,Charleston Cougars,Charlotte 49ers,CAA,0,1,0,1.17742,1.1501728135949825
2894,Charlotte 49ers,Charleston Cougars,CUSA,1,0,0,1.32715,1.2876893888327543
2895,UNC Asheville Bulldogs,Jacksonville State Gamecocks,Big South,0,1,0,0.85154,0.7999546720932317
2896,Jacksonville State Gamecocks,UNC Asheville Bulldogs,OVC,1,0,0,1.01071,0.956306564103802
2897,Mississippi Valley State Delta Devils,Northern Illinois Huskies,SWAC,0,1,0,1.00644,1.1195763320465417
2898,Northern Illinois Huskies,Mississippi Valley State Delta Devils,MAC,1,0,0,1.11383,0.8940005472029718
2899,Akron Zips,North Dakota State Bison,MAC,0,1,0,0.85995,0.8332653287083986
2900,North Dakota State Bison,Akron Zips,Summit,1,0,0,1.02673,1.0652473189329414
2901,Houston Christian Huskies,Houston Cougars,Southland,1,0,0,1.12709,1.11316285216554
2902,Houston Cougars,Houston Christian Huskies,American,1,0,0,1.20215,1.0582580477548056
2903,Tennessee State Tigers,Southern Illinois Salukis,OVC,0,1,0,0.96822,0.9721446287928738
2904,Southern Illinois Salukis,Tennessee State Tigers,MVC,1,0,0,1.0956,1.007516381171567
2905,Oakland Golden Grizzlies,Arizona Wildcats,Horizon,0,1,0,0.87581,1.0399565963245068
2906,Arizona Wildcats,Oakland Golden Grizzlies,Pac-12,1,0,0,1.40428,1.2500224177356853
2907,SE Louisiana Lions,UTEP Miners,Southland,0,1,0,0.96163,1.0594867542826667
2908,UTEP Miners,SE Louisiana Lions,CUSA,1,0,0,1.24304,1.195566134785005
2909,Western Carolina Catamounts,Vanderbilt Commodores,Southern,0,1,0,1.16759,1.1658173093214785
2910,Vanderbilt Commodores,Western Carolina Catamounts,SEC,1,0,0,1.4541,1.308201039533233
2911,Arizona State Sun Devils,Marquette Golden Eagles,Pac-12,0,1,0,0.98875,1.006966235893327
2912,Marquette Golden Eagles,Arizona State Sun Devils,Big East,1,0,0,1.1118,1.045428532460212
2913,Middle Tennessee Blue Raiders,Oklahoma State Cowboys,CUSA,0,1,0,0.76085,0.8541449562207899
2914,Oklahoma State Cowboys,Middle Tennessee Blue Raiders,Big 12,1,0,0,1.1845,1.1023478400690025
2915,Northern Arizona Lumberjacks,Saint Mary's Gaels,Big Sky,0,1,0,1.18151,1.226994106680439
2916,Saint Mary's Gaels,Northern Arizona Lumberjacks,WCC,1,0,0,1.15705,1.0670294401426024
2917,San Diego State Aztecs,Cincinnati Bearcats,Mountain West,0,1,0,0.9398,1.0658288491437657
2918,Cincinnati Bearcats,San Diego State Aztecs,American,1,0,0,1.11652,1.2138127189408403
2919,Eastern Michigan Eagles,Michigan State Spartans,MAC,0,1,0,0.70095,0.807804280714431
2920,Michigan State Spartans,Eastern Michigan Eagles,Big Ten,1,0,0,1.05769,0.98922288929349
2921,Delaware State Hornets,St. Francis Brooklyn Terriers,MEAC,0,1,0,1.22629,1.2966931950132934
2922,St. Francis Brooklyn Terriers,Delaware State Hornets,NEC,1,0,0,1.08436,1.0334200536074147
2923,Hampton Pirates,Illinois Fighting Illini,MEAC,0,1,0,0.85561,1.0404723318877804
2924,Illinois Fighting Illini,Hampton Pirates,Big Ten,1,0,0,1.09507,0.9721462337755371
2925,North Carolina A&T Aggies,Ohio State Buckeyes,MEAC,0,1,0,0.76634,0.9759584312398344
2926,Ohio State Buckeyes,North Carolina A&T Aggies,Big Ten,1,0,0,1.33512,1.1283226874246772
2927,Arkansas State Red Wolves,Mississippi State Bulldogs,Sun Belt,0,0,1,1.11331,1.1860554095562348
2928,Mississippi State Bulldogs,Arkansas State Red Wolves,SEC,0,0,1,0.85154,0.7566349922482523
2929,St. Francis (PA) Red Flash,Duquesne Dukes,NEC,0,1,0,1.11846,1.0678637174046335
2930,Duquesne Dukes,St. Francis (PA) Red Flash,A-10,1,0,0,0.87478,0.8281898776819288
2931,SIU Edwardsville Cougars,Campbell Fighting Camels,OVC,0,1,0,1.04682,0.992836008264585
2932,Campbell Fighting Camels,SIU Edwardsville Cougars,Big South,1,0,0,1.16555,1.1313005206257118
2933,Gardner-Webb Runnin' Bulldogs,Jacksonville Dolphins,Big South,0,1,0,1.04103,0.9173511680553473
2934,Jacksonville Dolphins,Gardner-Webb Runnin' Bulldogs,ASUN,1,0,0,1.05219,0.9687827163547034
2935,Charleston Southern Buccaneers,Wofford Terriers,Big South,0,1,0,0.8911,0.9821762972613726
2936,Wofford Terriers,Charleston Southern Buccaneers,Southern,1,0,0,1.01133,0.8626754795001302
2937,Kennesaw State Owls,Youngstown State Penguins,ASUN,0,1,0,1.33016,1.2631579416299585
2938,Youngstown State Penguins,Kennesaw State Owls,Horizon,1,0,0,1.28224,1.1416059032223789
2939,North Florida Ospreys,Florida State Seminoles,ASUN,0,1,0,1.0482,1.1317402781325356
2940,Florida State Seminoles,North Florida Ospreys,ACC,1,0,0,1.24582,1.10067782331166
2941,Tennessee Volunteers,NC State Wolfpack,SEC,0,1,0,1.18972,1.1837475828643538
2942,NC State Wolfpack,Tennessee Volunteers,ACC,1,0,0,1.39539,1.3043662918853425
2943,Longwood Lancers,Miami (OH) RedHawks,Big South,0,1,0,0.92675,0.9084988243506584
2944,Miami (OH) RedHawks,Longwood Lancers,MAC,1,0,0,1.08762,0.9300523261370832
2945,James Madison Dukes,Ball State Cardinals,CAA,0,1,0,1.14539,1.1072523473305083
2946,Ball State Cardinals,James Madison Dukes,MAC,1,0,0,0.79751,0.7046075827828657
2947,Robert Morris Colonials,Toledo Rockets,NEC,0,1,0,0.82972,0.8745225964535861
2948,Toledo Rockets,Robert Morris Colonials,MAC,1,0,0,1.26475,1.1727182272048917
2949,Manhattan Jaspers,Pittsburgh Panthers,MAAC,0,1,0,0.89854,0.9064070929859418
2950,Pittsburgh Panthers,Manhattan Jaspers,ACC,1,0,0,1.04167,0.9457633023787121
2951,Liberty Flames,UNC Wilmington Seahawks,Big South,0,1,0,0.95792,0.9949732997222448
2952,UNC Wilmington Seahawks,Liberty Flames,CAA,1,0,0,1.00905,0.9169632163353509
2953,Detroit Mercy Titans,UCF Knights,Horizon,0,1,0,1.14218,1.0554204173776596
2954,UCF Knights,Detroit Mercy Titans,American,1,0,0,1.23851,1.2196674492127402
2955,Morehead State Eagles,Green Bay Phoenix,OVC,0,0,1,0.83681,0.9381711466479359
2956,Green Bay Phoenix,Morehead State Eagles,Horizon,0,0,1,1.11971,1.1382739546697267
2957,Texas State Bobcats,Stephen F. Austin Lumberjacks,Sun Belt,0,1,0,0.99649,1.0537404612041095
2958,Stephen F. Austin Lumberjacks,Texas State Bobcats,Southland,1,0,0,1.10247,1.172065286609827
2959,Georgia State Panthers,Old Dominion Monarchs,Sun Belt,0,1,0,0.89856,1.001535049050228
2960,Old Dominion Monarchs,Georgia State Panthers,CUSA,1,0,0,0.9272,0.9650856841271644
2961,Alcorn State Braves,Murray State Racers,SWAC,0,1,0,0.90299,1.0267792457355513
2962,Murray State Racers,Alcorn State Braves,OVC,1,0,0,1.53282,1.3617099084603355
2963,Chicago State Cougars,Western Kentucky Hilltoppers,WAC,0,1,0,1.06004,1.1884745006796391
2964,Western Kentucky Hilltoppers,Chicago State Cougars,CUSA,1,0,0,1.34698,1.279624896602392
2965,UT Rio Grande Valley Vaqueros,Saint Louis Billikens,WAC,0,1,0,1.1489,1.2219693044807338
2966,Saint Louis Billikens,UT Rio Grande Valley Vaqueros,A-10,1,0,0,1.26744,1.124205882666944
2967,Central Michigan Chippewas,Northwestern Wildcats,MAC,0,1,0,1.40103,1.3823580569741372
2968,Northwestern Wildcats,Central Michigan Chippewas,Big Ten,1,0,0,1.12858,1.000786791468298
2969,Texas A&M-Corpus Christi Islanders,Denver Pioneers,Southland,0,1,0,1.12222,1.1197946698983872
2970,Denver Pioneers,Texas A&M-Corpus Christi Islanders,Summit,1,0,0,1.36542,1.3140787953433775
2971,UIC Flames,SMU Mustangs,Horizon,0,1,0,0.67412,0.7509847319879493
2972,SMU Mustangs,UIC Flames,American,1,0,0,1.015,0.9299365203754599
2973,South Carolina Upstate Spartans,Memphis Tigers,ASUN,0,1,0,1.02372,1.1470057128987075
2974,Memphis Tigers,South Carolina Upstate Spartans,American,1,0,0,1.16962,1.116371268528463
2975,Arkansas-Pine Bluff Golden Lions,Houston Cougars,SWAC,0,1,0,0.86901,0.9710872553742022
2976,Houston Cougars,Arkansas-Pine Bluff Golden Lions,American,1,0,0,0.77986,0.6695527479999899
2977,Missouri State Bears,Tulsa Golden Hurricane,MVC,0,1,0,1.14218,1.2171171721413885
2978,Tulsa Golden Hurricane,Missouri State Bears,American,1,0,0,1.22277,1.1520835787214896
2979,Abilene Christian Wildcats,Loyola Chicago Ramblers,Southland,0,1,0,0.73592,0.8010339687189937
2980,Loyola Chicago Ramblers,Abilene Christian Wildcats,MVC,1,0,0,1.43048,1.26715815609911
2981,UT Martin Skyhawks,Illinois State Redbirds,OVC,0,1,0,0.91972,1.024282569533727
2982,Illinois State Redbirds,UT Martin Skyhawks,MVC,1,0,0,1.09433,1.0072905767767
2983,Northern Colorado Bears,Omaha Mavericks,Big Sky,0,1,0,1.21815,1.2095850122922185
2984,Omaha Mavericks,Northern Colorado Bears,Summit,1,0,0,1.39374,1.2243048201182625
2985,South Carolina State Bulldogs,Texas Tech Red Raiders,MEAC,0,1,0,0.54225,0.6727866040690933
2986,Texas Tech Red Raiders,South Carolina State Bulldogs,Big 12,1,0,0,1.36634,1.193645460425043
2987,Incarnate Word Cardinals,Grand Canyon Lopes,Southland,0,1,0,1.32965,1.2719459109983124
2988,Grand Canyon Lopes,Incarnate Word Cardinals,WAC,1,0,0,1.26033,1.2543855427363229
2989,Winthrop Eagles,Auburn Tigers,Big South,0,1,0,0.92104,0.9528649412450718
2990,Auburn Tigers,Winthrop Eagles,SEC,1,0,0,1.15805,1.043784163365339
2991,Loyola Marymount Lions,Stanford Cardinal,WCC,0,1,0,0.93466,0.9083257501464826
2992,Stanford Cardinal,Loyola Marymount Lions,Pac-12,1,0,0,1.08845,0.9291418920450639
2993,New Mexico State Aggies,Baylor Bears,WAC,0,1,0,0.91345,1.1475276486440265
2994,Baylor Bears,New Mexico State Aggies,Big 12,1,0,0,1.1046,1.0437800838852442
2995,Northeastern Huskies,Cal Poly Mustangs,CAA,0,0,1,1.06894,1.0904105519525291
2996,Cal Poly Mustangs,Northeastern Huskies,Big West,0,0,1,1.1019,1.1376590964271334
2997,Central Arkansas Bears,New Mexico Lobos,Southland,0,1,0,0.89128,0.9787545730970596
2998,New Mexico Lobos,Central Arkansas Bears,Mountain West,1,0,0,1.24398,1.0669103035113086
2999,Howard Bison,Pepperdine Waves,MEAC,0,1,0,0.84126,0.997683300591015
3000,Pepperdine Waves,Howard Bison,WCC,1,0,0,1.01561,0.9523216312216249
3001,Portland Pilots,UNLV Rebels,WCC,0,1,0,1.15706,1.1547541049317127
3002,UNLV Rebels,Portland Pilots,Mountain West,1,0,0,1.1557,1.1140451119267867
3003,Grambling Tigers,Washington Huskies,SWAC,0,1,0,0.55439,0.7035124282961076
3004,Washington Huskies,Grambling Tigers,Pac-12,1,0,0,1.27177,1.0172083274432067
3005,Cal State Northridge Matadors,Oregon Ducks,Big West,0,1,0,0.86343,0.9016180593027732
3006,Oregon Ducks,Cal State Northridge Matadors,Pac-12,1,0,0,1.2038,1.057118136539144
3007,UConn Huskies,Duke Blue Devils,American,0,0,1,0.8876,1.0179218635328104
3008,Duke Blue Devils,UConn Huskies,ACC,0,0,1,1.01162,0.9877505191741976
3009,Cleveland State Vikings,Virginia Cavaliers,Horizon,0,1,0,1.00383,1.200841310010944
3010,Virginia Cavaliers,Cleveland State Vikings,ACC,1,0,0,1.34235,1.2305417007644746
3011,Florida International Panthers,Long Island University Sharks,CUSA,0,0,1,0.91596,0.8889238465544012
3012,Long Island University Sharks,Florida International Panthers,NEC,0,0,1,1.09632,1.13974558979661
3013,Yale Bulldogs,Vermont Catamounts,Ivy,0,1,0,1.0679,1.1288550382296996
3014,Vermont Catamounts,Yale Bulldogs,AM. EAST,1,0,0,1.00092,1.1066819001067523
3015,South Alabama Jaguars,Richmond Spiders,Sun Belt,0,1,0,0.81427,0.9099551284782846
3016,Richmond Spiders,South Alabama Jaguars,A-10,1,0,0,1.07201,0.961070534649188
3017,Wright State Raiders,Western Carolina Catamounts,Horizon,0,1,0,1.10509,1.0564096389676016
3018,Western Carolina Catamounts,Wright State Raiders,Southern,1,0,0,0.91719,0.8301827787281817
3019,Georgia Southern Eagles,Stetson Hatters,Sun Belt,0,1,0,1.31681,1.2101958950826337
3020,Stetson Hatters,Georgia Southern Eagles,ASUN,1,0,0,1.15549,1.2073827600587295
3021,Temple Owls,Delaware Blue Hens,American,0,1,0,1.26506,1.1938819910806198
3022,Delaware Blue Hens,Temple Owls,CAA,1,0,0,0.95256,1.014115075703254
3023,Seton Hall Pirates,South Florida Bulls,Big East,0,1,0,1.27627,1.1625471201887787
3024,South Florida Bulls,Seton Hall Pirates,American,1,0,0,0.9671,0.9787859740134581
3025,Stony Brook Seawolves,Canisius Golden Griffins,AM. EAST,0,1,0,0.91729,1.0325573598896358
3026,Canisius Golden Griffins,Stony Brook Seawolves,MAAC,1,0,0,0.94354,0.9566564948187843
3027,Lehigh Mountain Hawks,Quinnipiac Bobcats,Patriot,0,1,0,1.06527,1.098178236876104
3028,Quinnipiac Bobcats,Lehigh Mountain Hawks,MAAC,1,0,0,1.25805,1.2586433036006686
3029,Nicholls Colonels,Louisiana Tech Bulldogs,Southland,0,1,0,0.80819,0.9018078822363397
3030,Louisiana Tech Bulldogs,Nicholls Colonels,CUSA,1,0,0,1.18781,1.1079286614430695
3031,Morgan State Bears,Rider Broncs,MEAC,0,1,0,0.7793,0.8893294087274288
3032,Rider Broncs,Morgan State Bears,MAAC,1,0,0,1.01228,0.917857652736973
3033,Idaho State Bengals,South Dakota State Jackrabbits,Big Sky,0,0,1,1.04225,1.0943590387611277
3034,South Dakota State Jackrabbits,Idaho State Bengals,Summit,0,0,1,1.1148,1.0770305911597395
3035,App State Mountaineers,Charlotte 49ers,Sun Belt,0,1,0,1.04877,1.0355430822961633
3036,Charlotte 49ers,App State Mountaineers,CUSA,1,0,0,1.17871,1.1067430369396258
3037,Southern Miss Golden Eagles,Jackson State Tigers,CUSA,0,1,0,0.77837,0.7620143330158784
3038,Jackson State Tigers,Southern Miss Golden Eagles,SWAC,1,0,0,1.0649,1.0744996251211987
3039,Coastal Carolina Chanticleers,Ole Miss Rebels,Big South,0,0,1,1.1484,1.2276241760674942
3040,Ole Miss Rebels,Coastal Carolina Chanticleers,SEC,0,0,1,1.24593,1.1806104327413975
3041,Montana State Bobcats,South Dakota Coyotes,Big Sky,0,1,0,0.85462,0.8118056809743792
3042,South Dakota Coyotes,Montana State Bobcats,Summit,1,0,0,0.89018,0.8054755476133242
3043,LSU Tigers,UAB Blazers,SEC,0,1,0,1.17694,1.15623722912167
3044,UAB Blazers,LSU Tigers,CUSA,1,0,0,1.04525,1.1197981151743515
3045,Ohio Bobcats,Evansville Purple Aces,MAC,0,1,0,1.00778,1.0087752764998823
3046,Evansville Purple Aces,Ohio Bobcats,MVC,1,0,0,1.16669,1.0774456190834654
3047,DePaul Blue Demons,Oregon State Beavers,Big East,0,1,0,0.91893,0.9464216424462434
3048,Oregon State Beavers,DePaul Blue Demons,Pac-12,1,0,0,1.41105,1.314924015961343
3049,Nevada Wolf Pack,Pacific Tigers,Mountain West,0,1,0,1.08437,1.0117618309911522
3050,Pacific Tigers,Nevada Wolf Pack,WCC,1,0,0,1.14378,1.0463274101421007
3051,Portland State Vikings,San Francisco Dons,Big Sky,0,1,0,0.63439,0.6682445416337933
3052,San Francisco Dons,Portland State Vikings,WCC,1,0,0,1.27234,1.1289596999650002
3053,Cal State Bakersfield Roadrunners,Utah State Aggies,WAC,0,1,0,0.96323,1.0779463096924153
3054,Utah State Aggies,Cal State Bakersfield Roadrunners,Mountain West,1,0,0,0.99891,0.9375660716708151
3055,Eastern Kentucky Colonels,Miami Hurricanes,OVC,0,1,0,1.36961,1.4506329803390408
3056,Miami Hurricanes,Eastern Kentucky Colonels,ACC,1,0,0,0.83455,0.7407013956841423
3057,Saint Mary's Gaels,St. John's Red Storm,WCC,0,1,0,0.8095,0.8401692975985972
3058,St. John's Red Storm,Saint Mary's Gaels,Big East,1,0,0,0.89974,0.8171837451765811
3059,Jackson State Tigers,Tulane Green Wave,SWAC,0,1,0,0.80254,0.9208698793093673
3060,Tulane Green Wave,Jackson State Tigers,American,1,0,0,0.92008,0.8661563117326079
3061,Siena Saints,Radford Highlanders,MAAC,0,1,0,1.05251,1.0377317994864022
3062,Radford Highlanders,Siena Saints,Big South,1,0,0,1.18371,1.0698262872128927
3063,Tennessee Tech Golden Eagles,Tennessee Volunteers,OVC,0,1,0,1.0303,1.0754329528685336
3064,Tennessee Volunteers,Tennessee Tech Golden Eagles,SEC,1,0,0,1.09706,0.9199593793087808
3065,Tennessee State Tigers,Hampton Pirates,OVC,0,1,0,0.80128,0.8133051462955752
3066,Hampton Pirates,Tennessee State Tigers,MEAC,1,0,0,0.98665,0.9975924348406123
3067,Maryland Eastern Shore Hawks,Old Dominion Monarchs,MEAC,0,1,0,0.80387,0.9750281994407916
3068,Old Dominion Monarchs,Maryland Eastern Shore Hawks,CUSA,1,0,0,1.17836,1.0985550377674211
3069,Northern Kentucky Norse,Morehead State Eagles,ASUN,0,1,0,1.32768,1.390918992138168
3070,Morehead State Eagles,Northern Kentucky Norse,OVC,1,0,0,0.98209,0.8683459983562335
3071,North Florida Ospreys,Florida A&M Rattlers,ASUN,0,1,0,1.18827,1.0853674966267526
3072,Florida A&M Rattlers,North Florida Ospreys,MEAC,1,0,0,0.94936,0.9787998576963773
3073,Clemson Tigers,South Carolina Gamecocks,ACC,0,1,0,0.72923,0.7563163974266689
3074,South Carolina Gamecocks,Clemson Tigers,SEC,1,0,0,1.12792,1.1226133596133148
3075,Northern Illinois Huskies,Dartmouth Big Green,MAC,0,1,0,0.91345,0.8910835210672801
3076,Dartmouth Big Green,Northern Illinois Huskies,Ivy,1,0,0,1.00293,0.974624018848619
3077,North Carolina A&T Aggies,Kent State Golden Flashes,MEAC,0,1,0,0.85211,0.9524685886236121
3078,Kent State Golden Flashes,North Carolina A&T Aggies,MAC,1,0,0,1.19519,1.0491960230715922
3079,Niagara Purple Eagles,Buffalo Bulls,MAAC,0,1,0,0.91116,0.9693125127359606
3080,Buffalo Bulls,Niagara Purple Eagles,MAC,1,0,0,1.294,1.139693518440206
3081,Northern Arizona Lumberjacks,Norfolk State Spartans,Big Sky,0,1,0,0.95425,0.9307975897814311
3082,Norfolk State Spartans,Northern Arizona Lumberjacks,MEAC,1,0,0,1.26234,1.3111495257969523
3083,Bethune-Cookman Wildcats,Mercer Bears,MEAC,0,1,0,0.79808,0.8673509467371344
3084,Mercer Bears,Bethune-Cookman Wildcats,Southern,1,0,0,1.22442,1.0932906980044224
3085,Furman Paladins,Florida Gulf Coast Eagles,Southern,0,1,0,1.10816,1.0927121585129118
3086,Florida Gulf Coast Eagles,Furman Paladins,ASUN,1,0,0,1.19154,1.1071573801781458
3087,South Dakota State Jackrabbits,Cal State Bakersfield Roadrunners,Summit,0,0,1,0.98657,0.981392962922928
3088,Cal State Bakersfield Roadrunners,South Dakota State Jackrabbits,WAC,0,0,1,0.87281,1.0292051507888609
3089,Seattle U Redhawks,Minnesota Golden Gophers,WAC,0,1,0,0.84676,1.0104322915297286
3090,Minnesota Golden Gophers,Seattle U Redhawks,Big Ten,1,0,0,1.34749,1.2213279569914286
3091,Winthrop Eagles,SE Louisiana Lions,Big South,0,1,0,1.11049,1.1087687207300778
3092,SE Louisiana Lions,Winthrop Eagles,Southland,1,0,0,1.27147,1.2598628904452975
3093,Chattanooga Mocs,Middle Tennessee Blue Raiders,Southern,0,1,0,0.98914,0.9821821541942614
3094,Middle Tennessee Blue Raiders,Chattanooga Mocs,CUSA,1,0,0,1.23231,1.2132473609720043
3095,Lipscomb Bisons,Princeton Tigers,ASUN,0,1,0,0.89462,0.8908816154994594
3096,Princeton Tigers,Lipscomb Bisons,Ivy,1,0,0,1.25247,1.1453647368849347
3097,Southern Utah Thunderbirds,Loyola Chicago Ramblers,Big Sky,0,1,0,0.96138,1.0050341095053157
3098,Loyola Chicago Ramblers,Southern Utah Thunderbirds,MVC,1,0,0,1.22175,1.066294457798743
3099,New Orleans Privateers,Southern Illinois Salukis,Southland,0,1,0,1.02053,1.0420880421674181
3100,Southern Illinois Salukis,New Orleans Privateers,MVC,1,0,0,0.95163,0.8391313529397624
3101,UT Rio Grande Valley Vaqueros,Creighton Bluejays,WAC,0,1,0,1.01329,1.1254809295932644
3102,Creighton Bluejays,UT Rio Grande Valley Vaqueros,Big East,1,0,0,1.20937,1.0002610873445499
3103,Alabama A&M Bulldogs,Marquette Golden Eagles,SWAC,0,1,0,0.76777,0.9533897913267141
3104,Marquette Golden Eagles,Alabama A&M Bulldogs,Big East,1,0,0,1.36715,1.124025102606502
3105,Colorado State Rams,Denver Pioneers,Mountain West,0,1,0,1.61572,1.5800446580870517
3106,Denver Pioneers,Colorado State Rams,Summit,1,0,0,1.5886,1.6259463592103378
3107,Arkansas-Pine Bluff Golden Lions,Texas Tech Red Raiders,SWAC,0,1,0,0.79672,0.9561127464615595
3108,Texas Tech Red Raiders,Arkansas-Pine Bluff Golden Lions,Big 12,1,0,0,1.11078,0.9172318302868041
3109,Eastern Washington Eagles,California Golden Bears,Big Sky,0,1,0,1.06977,1.1438235915563888
3110,California Golden Bears,Eastern Washington Eagles,Pac-12,1,0,0,1.27192,1.1259658382341944
3111,Idaho State Bengals,Utah State Aggies,Big Sky,0,1,0,0.95067,0.9611001976646822
3112,Utah State Aggies,Idaho State Bengals,Mountain West,1,0,0,1.13082,1.0368836999076265
3113,Arizona Wildcats,UTEP Miners,Pac-12,0,1,0,0.98518,0.9984594516633346
3114,UTEP Miners,Arizona Wildcats,CUSA,1,0,0,0.85612,0.9996581041092232
3115,Louisville Cardinals,Western Kentucky Hilltoppers,ACC,0,1,0,1.12773,1.0527263239024556
3116,Western Kentucky Hilltoppers,Louisville Cardinals,CUSA,1,0,0,0.95605,1.104298373652061
3117,Syracuse Orange,Villanova Wildcats,ACC,0,0,1,0.99121,1.0550805874491018
3118,Villanova Wildcats,Syracuse Orange,Big East,0,0,1,1.08013,1.126650742675358
3119,Long Beach State Beach,Texas Longhorns,Big West,0,1,0,1.06229,1.1629690145612686
3120,Texas Longhorns,Long Beach State Beach,Big 12,1,0,0,1.25386,1.1588457838903055
3121,Lafayette Leopards,Kansas Jayhawks,Patriot,0,1,0,1.12164,1.270382535181407
3122,Kansas Jayhawks,Lafayette Leopards,Big 12,1,0,0,1.51883,1.2904470542086217
3123,Ball State Cardinals,San Diego State Aztecs,MAC,0,1,0,0.85752,0.959828520231924
3124,San Diego State Aztecs,Ball State Cardinals,Mountain West,1,0,0,1.0761,0.9997674937947215
3125,Texas Southern Tigers,Michigan State Spartans,SWAC,0,1,0,1.14771,1.395991373381546
3126,Michigan State Spartans,Texas Southern Tigers,Big Ten,1,0,0,1.02187,0.8212282363586263
3127,Charlotte 49ers,Georgetown Hoyas,CUSA,0,1,0,1.20335,1.2953289355577078
3128,Georgetown Hoyas,Charlotte 49ers,Big East,1,0,0,1.23717,1.0886559015476025
3129,SMU Mustangs,Michigan Wolverines,American,0,1,0,0.95878,1.0275076590202752
3130,Michigan Wolverines,SMU Mustangs,Big Ten,1,0,0,0.80298,0.7658806841335639
3131,VCU Rams,Cincinnati Bearcats,A-10,0,1,0,1.17196,1.2807915859545667
3132,Cincinnati Bearcats,VCU Rams,American,1,0,0,0.81815,0.8666856056622907
3133,Abilene Christian Wildcats,Boise State Broncos,Southland,0,1,0,0.61781,0.7161035613859827
3134,Boise State Broncos,Abilene Christian Wildcats,Mountain West,1,0,0,1.39154,1.240024087535231
3135,UMass Lowell River Hawks,Duquesne Dukes,AM. EAST,0,1,0,0.97251,0.9395498443754097
3136,Duquesne Dukes,UMass Lowell River Hawks,A-10,1,0,0,1.24383,1.149238966921988
3137,Massachusetts Minutemen,Providence Friars,A-10,0,1,0,0.94936,1.027093383547721
3138,Providence Friars,Massachusetts Minutemen,Big East,1,0,0,1.24426,1.1385647651674968
3139,The Citadel Bulldogs,Virginia Tech Hokies,Southern,0,1,0,1.03286,0.9782969749007279
3140,Virginia Tech Hokies,The Citadel Bulldogs,ACC,1,0,0,1.07527,0.7675156812971478
3141,Ohio State Buckeyes,North Carolina Tar Heels,Big Ten,0,0,1,1.01532,1.0263800761288242
3142,North Carolina Tar Heels,Ohio State Buckeyes,ACC,0,0,1,1.11627,1.1513063968551174
3143,Mount St. Mary's Mountaineers,American University Eagles,NEC,0,1,0,0.9443,1.0063544410646168
3144,American University Eagles,Mount St. Mary's Mountaineers,Patriot,1,0,0,0.96296,0.9493300847802242
3145,South Alabama Jaguars,IU Indianapolis Jaguars,Sun Belt,0,1,0,0.94989,0.9754456479593296
3146,IU Indianapolis Jaguars,South Alabama Jaguars,Summit,1,0,0,1.04049,0.9697365386958928
3147,Belmont Bruins,Fairfield Stags,OVC,0,0,1,1.15145,1.1602046180143986
3148,Fairfield Stags,Belmont Bruins,MAAC,0,0,1,0.97337,0.961852090724874
3149,St. Francis (PA) Red Flash,Rutgers Scarlet Knights,NEC,0,1,0,1.12888,1.2052882748194942
3150,Rutgers Scarlet Knights,St. Francis (PA) Red Flash,Big Ten,1,0,0,1.05658,0.9410329771824879
3151,Drexel Dragons,Penn State Nittany Lions,CAA,0,0,1,1.05156,1.1481310585614015
3152,Penn State Nittany Lions,Drexel Dragons,Big Ten,0,0,1,1.15425,1.0404504544281772
3153,Missouri Tigers,Illinois Fighting Illini,SEC,0,0,1,0.97988,1.0081134943862333
3154,Illinois Fighting Illini,Missouri Tigers,Big Ten,0,0,1,1.05597,0.9430153897770748
3155,Delaware Blue Hens,Fairleigh Dickinson Knights,CAA,0,0,1,1.03218,0.9547251711318118
3156,Fairleigh Dickinson Knights,Delaware Blue Hens,NEC,0,0,1,1.07798,1.0546807954842703
3157,UAlbany Great Danes,Yale Bulldogs,AM. EAST,0,1,0,1.13148,1.2704200505013594
3158,Yale Bulldogs,UAlbany Great Danes,Ivy,1,0,0,1.07241,1.0241881743011951
3159,St. Bonaventure Bonnies,Binghamton Bearcats,A-10,0,0,1,1.00384,0.9280066079435603
3160,Binghamton Bearcats,St. Bonaventure Bonnies,AM. EAST,0,0,1,0.72934,0.826755193783193
3161,Elon Phoenix,UNC Greensboro Spartans,CAA,0,1,0,1.0148,0.979214411484583
3162,UNC Greensboro Spartans,Elon Phoenix,Southern,1,0,0,0.92336,0.8413094399968437
3163,Vanderbilt Commodores,Georgia Tech Yellow Jackets,SEC,0,1,0,1.06293,1.0786233269182754
3164,Georgia Tech Yellow Jackets,Vanderbilt Commodores,ACC,1,0,0,1.13376,1.0498604796958144
3165,Toledo Rockets,McNeese Cowboys,MAC,0,1,0,1.38644,1.2712565082505531
3166,McNeese Cowboys,Toledo Rockets,Southland,1,0,0,1.20192,1.1961041324048654
3167,South Florida Bulls,Florida State Seminoles,American,0,0,1,0.90758,0.9546250279547546
3168,Florida State Seminoles,South Florida Bulls,ACC,0,0,1,1.12507,1.007057266548579
3169,South Carolina State Bulldogs,Houston Cougars,MEAC,0,1,0,1.11652,1.1897411129817357
3170,Houston Cougars,South Carolina State Bulldogs,American,1,0,0,0.98595,0.8964963781382289
3171,Eastern Illinois Panthers,Indiana State Sycamores,OVC,0,1,0,0.92565,0.9492964342506701
3172,Indiana State Sycamores,Eastern Illinois Panthers,MVC,1,0,0,0.89854,0.8307586664621529
3173,Indiana Hoosiers,Butler Bulldogs,Big Ten,0,1,0,1.13345,1.2032494057917233
3174,Butler Bulldogs,Indiana Hoosiers,Big East,1,0,0,0.99897,0.864935905500332
3175,Western Michigan Broncos,Northwestern Wildcats,MAC,0,1,0,1.13225,1.1135780569741371
3176,Northwestern Wildcats,Western Michigan Broncos,Big Ten,1,0,0,1.22184,1.0767709645041446
3177,Delaware State Hornets,Oregon Ducks,MEAC,0,1,0,1.06666,1.1888935674886694
3178,Oregon Ducks,Delaware State Hornets,Pac-12,1,0,0,1.20752,1.0545624373339686
3179,Marshall Thundering Herd,Arkansas State Red Wolves,CUSA,0,1,0,0.84475,0.8264550994673373
3180,Arkansas State Red Wolves,Marshall Thundering Herd,Sun Belt,1,0,0,0.98632,0.9592112546903766
3181,Florida Atlantic Owls,St. Francis Brooklyn Terriers,CUSA,0,1,0,0.94513,0.9355144647308311
3182,St. Francis Brooklyn Terriers,Florida Atlantic Owls,NEC,1,0,0,1.06901,1.03889215457488
3183,UMBC Retrievers,Kennesaw State Owls,AM. EAST,0,1,0,1.14736,1.1135987722820728
3184,Kennesaw State Owls,UMBC Retrievers,ASUN,1,0,0,0.89392,0.8101231964127646
3185,Oral Roberts Golden Eagles,Memphis Tigers,Summit,0,1,0,0.92118,1.0281476825166338
3186,Memphis Tigers,Oral Roberts Golden Eagles,American,1,0,0,1.17754,1.0971142253052366
3187,Eastern Michigan Eagles,Missouri State Bears,MAC,0,1,0,1.195,1.1293293800125734
3188,Missouri State Bears,Eastern Michigan Eagles,MVC,1,0,0,1.05203,1.057911121546009
3189,UCLA Bruins,Kentucky Wildcats,Pac-12,0,0,1,0.67641,0.8809426822152806
3190,Kentucky Wildcats,UCLA Bruins,SEC,0,0,1,1.26623,1.2429526336766632
3191,North Carolina Central Eagles,Mississippi Valley State Delta Devils,MEAC,0,1,0,1.42652,1.3524396478722278
3192,Mississippi Valley State Delta Devils,North Carolina Central Eagles,SWAC,1,0,0,0.92183,1.034364185603011
3193,Houston Christian Huskies,UC Riverside Highlanders,Southland,0,1,0,1.06066,1.087618364871307
3194,UC Riverside Highlanders,Houston Christian Huskies,Big West,1,0,0,1.27431,1.130781140740035
3195,Louisiana Ragin' Cajuns,Northwestern State Demons,Sun Belt,0,1,0,1.11965,1.0025553917709356
3196,Northwestern State Demons,Louisiana Ragin' Cajuns,Southland,1,0,0,1.14285,1.1692015819055723
3197,UC Davis Aggies,Air Force Falcons,Big West,0,0,1,1.33252,1.2871746934598742
3198,Air Force Falcons,UC Davis Aggies,Mountain West,0,0,1,1.16188,1.121954885866358
3199,Detroit Mercy Titans,Rhode Island Rams,Horizon,0,1,0,0.8208,0.9224168614304424
3200,Rhode Island Rams,Detroit Mercy Titans,A-10,1,0,0,1.04227,1.0034186649617427
3201,Davidson Wildcats,Charleston Cougars,A-10,0,1,0,1.14093,1.1102488840877005
3202,Charleston Cougars,Davidson Wildcats,CAA,1,0,0,0.98544,0.9498548277205228
3203,Southern Jaguars,Wyoming Cowboys,SWAC,0,1,0,0.69947,0.8672230042900813
3204,Wyoming Cowboys,Southern Jaguars,Mountain West,1,0,0,1.02371,0.979136761527669
3205,Presbyterian Blue Hose,UT Martin Skyhawks,Big South,0,1,0,1.14218,1.1199004861083555
3206,UT Martin Skyhawks,Presbyterian Blue Hose,OVC,1,0,0,1.59905,1.4462960401700815
3207,South Carolina Upstate Spartans,Mississippi State Bulldogs,ASUN,0,0,1,0.98096,1.073975208953454
3208,Mississippi State Bulldogs,South Carolina Upstate Spartans,SEC,0,0,1,0.94461,0.8523191825926485
3209,Oakland Golden Grizzlies,Pittsburgh Panthers,Horizon,0,1,0,1.26992,1.2528430570867097
3210,Pittsburgh Panthers,Oakland Golden Grizzlies,ACC,1,0,0,1.32332,1.133027796391889
3211,Monmouth Hawks,Wagner Seahawks,MAAC,0,1,0,1.14707,1.0978723048086114
3212,Wagner Seahawks,Monmouth Hawks,NEC,1,0,0,1.01761,1.053442502675795
3213,Illinois State Redbirds,Murray State Racers,MVC,0,1,0,1.1103,1.10620704967404
3214,Murray State Racers,Illinois State Redbirds,OVC,1,0,0,1.27207,1.3434544191391198
3215,Northeastern Huskies,Santa Clara Broncos,CAA,0,1,0,1.2454,1.2175374712875042
3216,Santa Clara Broncos,Northeastern Huskies,WCC,1,0,0,1.14749,1.0952863685640724
3217,New Hampshire Wildcats,Sacred Heart Pioneers,AM. EAST,0,1,0,0.9262,0.9402571723041221
3218,Sacred Heart Pioneers,New Hampshire Wildcats,NEC,1,0,0,1.13835,1.1720561296545746
3219,High Point Panthers,James Madison Dukes,Big South,0,1,0,1.37152,1.3569223887201252
3220,James Madison Dukes,High Point Panthers,CAA,1,0,0,1.20768,1.1487713355516926
3221,Wake Forest Demon Deacons,Florida Gators,ACC,0,0,1,0.7619,0.8140327014744396
3222,Florida Gators,Wake Forest Demon Deacons,SEC,0,0,1,0.96337,0.9295474736209044
3223,Iowa State Cyclones,Drake Bulldogs,Big 12,0,1,0,1.29817,1.1023661295555163
3224,Drake Bulldogs,Iowa State Cyclones,MVC,1,0,0,0.82965,0.8596140299573698
3225,Purdue Boilermakers,Notre Dame Fighting Irish,Big Ten,0,0,1,0.87969,0.8411957984773778
3226,Notre Dame Fighting Irish,Purdue Boilermakers,ACC,0,0,1,1.30001,1.2953633177015098
3227,Prairie View A&M Panthers,Sam Houston Bearkats,SWAC,0,1,0,0.78482,0.9834746833310378
3228,Sam Houston Bearkats,Prairie View A&M Panthers,Southland,1,0,0,1.12983,1.1014286574054224
3229,Xavier Musketeers,Auburn Tigers,Big East,0,1,0,1.11952,1.0484970552325512
3230,Auburn Tigers,Xavier Musketeers,SEC,1,0,0,1.08102,1.046705616136588
3231,Hofstra Pride,Columbia Lions,CAA,0,1,0,1.114,1.0886962175794144
3232,Columbia Lions,Hofstra Pride,Ivy,1,0,0,1.20509,1.1522428417308546
3233,La Salle Explorers,Towson Tigers,A-10,0,1,0,1.17891,1.110801426224688
3234,Towson Tigers,La Salle Explorers,CAA,1,0,0,0.95781,1.0323235798475352
3235,Incarnate Word Cardinals,Kansas City Roos,Southland,0,1,0,1.26808,1.23658796602041
3236,Kansas City Roos,Incarnate Word Cardinals,WAC,1,0,0,1.17142,1.1654755427363228
3237,Richmond Spiders,Pepperdine Waves,A-10,0,0,1,1.12847,1.1804759151688917
3238,Pepperdine Waves,Richmond Spiders,WCC,0,0,1,1.13538,1.1604181932144986
3239,Boston University Terriers,Dayton Flyers,Patriot,0,1,0,1.00534,1.1093625258754019
3240,Dayton Flyers,Boston University Terriers,A-10,1,0,0,1.25,1.116508691205495
3241,Valparaiso Beacons,Purdue Fort Wayne Mastodons,Horizon,0,1,0,1.20045,1.1496142946922283
3242,Purdue Fort Wayne Mastodons,Valparaiso Beacons,Summit,1,0,0,1.16099,1.1999696770252488
3243,East Carolina Pirates,UNC Wilmington Seahawks,American,0,1,0,0.89742,0.917508993283116
3244,UNC Wilmington Seahawks,East Carolina Pirates,CAA,1,0,0,1.08575,1.0130442219515918
3245,Morgan State Bears,Manhattan Jaspers,MEAC,0,1,0,1.04288,1.1547334871580361
3246,Manhattan Jaspers,Morgan State Bears,MAAC,1,0,0,1.15006,1.0556376527369729
3247,Iona Gaels,George Mason Patriots,MAAC,0,1,0,1.10035,1.097702451717579
3248,George Mason Patriots,Iona Gaels,A-10,1,0,0,1.2449,1.159711402917064
3249,Saint Joseph's Hawks,Marist Red Foxes,A-10,0,1,0,1.25281,1.2031166508841518
3250,Marist Red Foxes,Saint Joseph's Hawks,MAAC,1,0,0,0.96884,0.9995949000163417
3251,Texas A&M Aggies,Kansas State Wildcats,SEC,0,0,1,1.20163,1.199942154692832
3252,Kansas State Wildcats,Texas A&M Aggies,Big 12,0,0,1,1.20847,1.2054702744244776
3253,Milwaukee Panthers,SIU Edwardsville Cougars,Horizon,0,1,0,0.82113,0.7949145772905297
3254,SIU Edwardsville Cougars,Milwaukee Panthers,OVC,1,0,0,0.90361,0.8509355964878451
3255,Iowa Hawkeyes,Northern Iowa Panthers,Big Ten,0,0,1,0.79132,0.7732532413621295
3256,Northern Iowa Panthers,Iowa Hawkeyes,MVC,0,0,1,1.01273,1.1008097242986785
3257,Cal State Bakersfield Roadrunners,Idaho State Bengals,WAC,0,0,1,1.13727,1.192588114927624
3258,Idaho State Bengals,Cal State Bakersfield Roadrunners,Big Sky,0,0,1,0.94422,0.9278443746630797
3259,UTSA Roadrunners,TCU Horned Frogs,CUSA,0,1,0,0.8942,0.9809792464803945
3260,TCU Horned Frogs,UTSA Roadrunners,Big 12,1,0,0,1.34804,1.1723497740454976
3261,Southeast Missouri State Redhawks,Arkansas Razorbacks,OVC,0,1,0,0.94723,1.0154770630898962
3262,Arkansas Razorbacks,Southeast Missouri State Redhawks,SEC,1,0,0,1.18628,1.0607128323960264
3263,New Mexico Lobos,New Mexico State Aggies,Mountain West,0,1,0,1.12235,1.1751376309312387
3264,New Mexico State Aggies,New Mexico Lobos,WAC,1,0,0,1.07836,1.2154826755165076
3265,Lehigh Mountain Hawks,Arizona State Sun Devils,Patriot,0,1,0,0.94985,1.021465468200535
3266,Arizona State Sun Devils,Lehigh Mountain Hawks,Pac-12,1,0,0,0.92965,0.8593402431223018
3267,Jacksonville State Gamecocks,Northern Colorado Bears,OVC,0,1,0,1.09572,0.9520908280921548
3268,Northern Colorado Bears,Jacksonville State Gamecocks,Big Sky,1,0,0,1.19314,1.1003908467953547
3269,Utah Valley Wolverines,Weber State Wildcats,WAC,0,1,0,0.97278,1.0394598663970156
3270,Weber State Wildcats,Utah Valley Wolverines,Big Sky,1,0,0,1.15354,1.0695202089229447
3271,Oklahoma Sooners,Washington Huskies,Big 12,0,0,1,1.07836,1.0309767670193297
3272,Washington Huskies,Oklahoma Sooners,Pac-12,0,0,1,1.11124,1.2104712762757235
3273,NC State Wolfpack,West Virginia Mountaineers,ACC,0,0,1,1.06639,1.0840728329993723
3274,West Virginia Mountaineers,NC State Wolfpack,Big 12,0,0,1,1.24868,1.2316869014815894
3275,Cal Poly Mustangs,Gonzaga Bulldogs,Big West,0,0,1,0.85607,0.9743299773272911
3276,Gonzaga Bulldogs,Cal Poly Mustangs,WCC,0,0,1,1.07936,1.0442038853899238
3277,Texas A&M-Corpus Christi Islanders,Cal State Northridge Matadors,Southland,0,1,0,1.18587,1.1569435895530833
3278,Cal State Northridge Matadors,Texas A&M-Corpus Christi Islanders,Big West,1,0,0,1.06999,0.9988346685328994
3279,Fresno State Bulldogs,Pacific Tigers,Mountain West,0,1,0,1.13807,1.065461830991152
3280,Pacific Tigers,Fresno State Bulldogs,WCC,1,0,0,1.18523,1.0659225404798016
3281,South Dakota State Jackrabbits,Utah State Aggies,Summit,0,1,0,1.01133,1.0329587859245308
3282,Utah State Aggies,South Dakota State Jackrabbits,Mountain West,1,0,0,0.98643,0.9935707357688632
3283,Montana State Bobcats,Portland Pilots,Big Sky,0,1,0,0.96809,0.9714034149190512
3284,Portland Pilots,Montana State Bobcats,WCC,1,0,0,1.30208,1.1427768433343928
3285,Stanford Cardinal,BYU Cougars,Pac-12,0,1,0,1.09276,1.0522209143553185
3286,BYU Cougars,Stanford Cardinal,WCC,1,0,0,1.16297,1.1034575997518756
3287,Utah Utes,UNLV Rebels,Pac-12,0,1,0,0.90062,0.8985967775451419
3288,UNLV Rebels,Utah Utes,Mountain West,1,0,0,0.70342,0.8068426810261566
3289,Harvard Crimson,Virginia Cavaliers,Ivy,0,1,0,0.47929,0.6894816780618803
3290,Virginia Cavaliers,Harvard Crimson,ACC,1,0,0,1.34546,1.3032983944710117
3291,Maryland Terrapins,Oklahoma State Cowboys,Big Ten,0,1,0,1.13631,1.1362494005816879
3292,Oklahoma State Cowboys,Maryland Terrapins,Big 12,1,0,0,0.98097,0.9685894227359033
3293,San Francisco Dons,Cleveland State Vikings,WCC,0,1,0,1.10562,1.062741799889449
3294,Cleveland State Vikings,San Francisco Dons,Horizon,1,0,0,1.13798,1.1214979724126672
3295,Maine Black Bears,Army Black Knights,AM. EAST,0,1,0,0.92337,0.9559842612040375
3296,Army Black Knights,Maine Black Bears,Patriot,1,0,0,0.93098,0.8036919731142039
3297,Oregon State Beavers,Quinnipiac Bobcats,Pac-12,0,1,0,0.94896,0.9088042192339847
3298,Quinnipiac Bobcats,Oregon State Beavers,MAAC,1,0,0,1.10894,1.2059013202335997
3299,Coastal Carolina Chanticleers,Central Arkansas Bears,Big South,0,1,0,1.12275,0.9986342814068428
3300,Central Arkansas Bears,Coastal Carolina Chanticleers,Southland,1,0,0,0.87925,0.8834110094267489
3301,Little Rock Trojans,Green Bay Phoenix,Sun Belt,0,0,1,0.76398,0.8687615200535054
3302,Green Bay Phoenix,Little Rock Trojans,Horizon,0,0,1,1.10673,1.044121025426185
3303,Southern Miss Golden Eagles,Georgia State Panthers,CUSA,0,1,0,0.87441,0.9454738345217716
3304,Georgia State Panthers,Southern Miss Golden Eagles,Sun Belt,1,0,0,1.14766,1.0602203323381687
3305,Vermont Catamounts,Saint Louis Billikens,AM. EAST,0,1,0,0.97767,1.0029894922915688
3306,Saint Louis Billikens,Vermont Catamounts,A-10,1,0,0,1.0388,1.0415675228238188
3307,Cornell Big Red,Radford Highlanders,Ivy,0,1,0,0.94052,0.9139781316381066
3308,Radford Highlanders,Cornell Big Red,Big South,1,0,0,1.11199,1.0998375088278591
3309,Western Carolina Catamounts,UNC Asheville Bulldogs,Southern,0,1,0,1.06887,0.9936148831408825
3310,UNC Asheville Bulldogs,Western Carolina Catamounts,Big South,1,0,0,0.93545,0.8787355823027836
3311,Creighton Bluejays,North Texas Mean Green,Big East,0,1,0,0.84334,0.771368574140785
3312,North Texas Mean Green,Creighton Bluejays,CUSA,1,0,0,0.94808,0.9182179065237288
3313,Loyola Maryland Greyhounds,Stony Brook Seawolves,Patriot,0,1,0,0.95566,1.0041156023771438
3314,Stony Brook Seawolves,Loyola Maryland Greyhounds,AM. EAST,1,0,0,1.21758,1.2296040305927154
3315,UT Rio Grande Valley Vaqueros,Omaha Mavericks,WAC,0,1,0,1.02236,1.1180811243199513
3316,Omaha Mavericks,UT Rio Grande Valley Vaqueros,Summit,1,0,0,1.11898,1.015931886713649
3317,Holy Cross Crusaders,Canisius Golden Griffins,Patriot,0,1,0,0.77113,0.8398076342875331
3318,Canisius Golden Griffins,Holy Cross Crusaders,MAAC,1,0,0,1.08574,1.0349341453553103
3319,Alabama State Hornets,Evansville Purple Aces,SWAC,0,1,0,0.93112,1.0735423691669979
3320,Evansville Purple Aces,Alabama State Hornets,MVC,1,0,0,1.22852,1.144235862558339
3321,Florida International Panthers,Hartford Hawks,CUSA,0,1,0,1.10509,1.0848254672849522
3322,Hartford Hawks,Florida International Panthers,AM. EAST,1,0,0,1.31816,1.346043566372779
3323,Tennessee State Tigers,Middle Tennessee Blue Raiders,OVC,0,1,0,0.73555,0.782621985551788
3324,Middle Tennessee Blue Raiders,Tennessee State Tigers,CUSA,1,0,0,1.00997,0.94089370455815
3325,Austin Peay Governors,Lipscomb Bisons,OVC,0,1,0,0.98124,0.9151173838942581
3326,Lipscomb Bisons,Austin Peay Governors,ASUN,1,0,0,1.10577,1.0722473834670594
3327,Bryant Bulldogs,Denver Pioneers,NEC,0,1,0,0.84517,0.8601849835525008
3328,Denver Pioneers,Bryant Bulldogs,Summit,1,0,0,0.82105,0.7171309434552723
3329,South Dakota Coyotes,Montana Grizzlies,Summit,0,1,0,1.14563,1.1390936840193013
3330,Montana Grizzlies,South Dakota Coyotes,Big Sky,1,0,0,1.05253,0.976537530579772
3331,UL Monroe Warhawks,Samford Bulldogs,Sun Belt,0,0,1,0.87038,0.8204864037808262
3332,Samford Bulldogs,UL Monroe Warhawks,Southern,0,0,1,1.12689,1.1381893167850354
3333,USC Trojans,Boston College Eagles,Pac-12,0,1,0,1.12637,1.092148310233338
3334,Boston College Eagles,USC Trojans,ACC,1,0,0,1.05776,0.9577048436248404
3335,Northern Arizona Lumberjacks,Hampton Pirates,Big Sky,0,1,0,0.90747,0.9156687004564417
3336,Hampton Pirates,Northern Arizona Lumberjacks,MEAC,1,0,0,1.05975,1.1085595257969523
3337,Troy Trojans,Nicholls Colonels,Sun Belt,0,1,0,0.97338,0.9385123917295751
3338,Nicholls Colonels,Troy Trojans,Southland,1,0,0,0.99621,0.9560959438924405
3339,UC Irvine Anteaters,Bradley Braves,Big West,0,0,1,0.94044,0.9574731674344289
3340,Bradley Braves,UC Irvine Anteaters,MVC,0,0,1,0.80365,0.8461292337242654
3341,Seton Hall Pirates,Georgia Bulldogs,Big East,0,1,0,0.71744,0.7406046387294256
3342,Georgia Bulldogs,Seton Hall Pirates,SEC,1,0,0,1.00398,0.9434457376830367
3343,App State Mountaineers,Alabama Crimson Tide,Sun Belt,0,1,0,0.97244,1.0511659671988427
3344,Alabama Crimson Tide,App State Mountaineers,SEC,1,0,0,1.02392,0.8753429297205407
3345,San José State Spartans,Washington State Cougars,Mountain West,0,1,0,0.81141,0.7508304667860786
3346,Washington State Cougars,San José State Spartans,Pac-12,1,0,0,1.26581,1.0999302335147698
3347,North Dakota State Bison,Kent State Golden Flashes,Summit,0,0,1,0.91436,0.9504872072481935
3348,Kent State Golden Flashes,North Dakota State Bison,MAC,0,0,1,0.95121,0.9245253287083987
3349,Alcorn State Braves,UTEP Miners,SWAC,0,1,0,0.7585,0.9391830070967218
3350,UTEP Miners,Alcorn State Braves,CUSA,1,0,0,1.26637,1.0868447019740064
3351,Sacramento State Hornets,Seattle U Redhawks,Big Sky,0,1,0,0.83661,0.8415704236723331
3352,Seattle U Redhawks,Sacramento State Hornets,WAC,1,0,0,1.18371,1.1724713994821256
3353,Wisconsin Badgers,California Golden Bears,Big Ten,0,1,0,1.16273,1.1388392752700913
3354,California Golden Bears,Wisconsin Badgers,Pac-12,1,0,0,0.96069,1.0000375318303858
3355,Kansas Jayhawks,Temple Owls,Big 12,0,1,0,0.82571,0.8349971263052941
3356,Temple Owls,Kansas Jayhawks,American,1,0,0,1.28621,1.382849179014476
3357,Northern Illinois Huskies,Notre Dame Fighting Irish,MAC,0,0,1,1.0892,1.1115091341242929
3358,Notre Dame Fighting Irish,Northern Illinois Huskies,ACC,0,0,1,1.42845,1.3381481552693584
3359,Long Beach State Beach,St. John's Red Storm,Big West,0,0,1,0.76593,0.8513838750670507
3360,St. John's Red Storm,Long Beach State Beach,Big East,0,0,1,1.07355,1.0090712724247066
3361,Wofford Terriers,West Virginia Mountaineers,Southern,0,1,0,0.71481,0.7814415122304296
3362,West Virginia Mountaineers,Wofford Terriers,Big 12,1,0,0,1.195,1.152692922714451
3363,Weber State Wildcats,Oklahoma Sooners,Big Sky,0,1,0,0.76993,0.9322787196813775
3364,Oklahoma Sooners,Weber State Wildcats,Big 12,1,0,0,1.25413,1.0911260547256305
3365,Miami (OH) RedHawks,Ohio State Buckeyes,MAC,0,1,0,0.76105,0.8580974809651853
3366,Ohio State Buckeyes,Miami (OH) RedHawks,Big Ten,1,0,0,1.31481,1.1574506827664839
3367,Southern Jaguars,Baylor Bears,SWAC,0,1,0,1.08302,1.3170976486440267
3368,Baylor Bears,Southern Jaguars,Big 12,1,0,0,1.17229,1.047287364876282
3369,Charleston Southern Buccaneers,Colorado State Rams,Big South,0,1,0,0.82818,0.8954915962483664
3370,Colorado State Rams,Charleston Southern Buccaneers,Mountain West,1,0,0,1.21614,1.105898712420866
3371,Grambling Tigers,TCU Horned Frogs,SWAC,0,1,0,0.59359,0.789244119155323
3372,TCU Horned Frogs,Grambling Tigers,Big 12,1,0,0,1.17371,0.890046221599816
3373,Bradley Braves,Little Rock Trojans,MVC,0,0,1,0.95859,0.8895433602189258
3374,Little Rock Trojans,Bradley Braves,Sun Belt,0,0,1,1.14155,1.1744455252297616
3375,UIC Flames,Northwestern Wildcats,Horizon,0,1,0,0.81769,0.8190006187870005
3376,Northwestern Wildcats,UIC Flames,Big Ten,1,0,0,1.15537,0.9813408356250215
3377,Brown Bears,Central Connecticut Blue Devils,Ivy,0,1,0,1.04105,0.9382394509958174
3378,Central Connecticut Blue Devils,Brown Bears,NEC,1,0,0,0.86024,0.8355647374900275
3379,Stetson Hatters,Florida State Seminoles,ASUN,0,1,0,0.91022,0.9937602781325356
3380,Florida State Seminoles,Stetson Hatters,ACC,1,0,0,0.97309,0.7268988606938733
3381,Ohio Bobcats,George Washington Revolutionaries,MAC,0,0,1,0.80609,0.8542254190812254
3382,George Washington Revolutionaries,Ohio Bobcats,A-10,0,0,1,1.25482,1.1933624377249945
3383,Elon Phoenix,Kennesaw State Owls,CAA,0,1,0,1.04981,0.9527390229870273
3384,Kennesaw State Owls,Elon Phoenix,ASUN,1,0,0,1.01603,1.011699444157159
3385,Southern Utah Thunderbirds,Arkansas-Pine Bluff Golden Lions,Big Sky,0,0,1,1.01375,0.9455995299304558
3386,Arkansas-Pine Bluff Golden Lions,Southern Utah Thunderbirds,SWAC,0,0,1,1.15594,1.1615448042548615
3387,Dartmouth Big Green,Penn State Nittany Lions,Ivy,0,0,1,0.79703,0.8963964572422966
3388,Penn State Nittany Lions,Dartmouth Big Green,Big Ten,0,0,1,1.1489,1.065730185420365
3389,UC Irvine Anteaters,Green Bay Phoenix,Big West,0,0,1,1.13225,1.2211691622581728
3390,Green Bay Phoenix,UC Irvine Anteaters,Horizon,0,0,1,1.02411,1.0730268989315246
3391,DePaul Blue Demons,Colorado Buffaloes,Big East,0,0,1,0.94849,0.910513237188857
3392,Colorado Buffaloes,DePaul Blue Demons,Pac-12,0,0,1,1.15866,1.0957121663559501
3393,South Carolina State Bulldogs,Abilene Christian Wildcats,MEAC,0,0,1,0.89642,0.8653023601627625
3394,Abilene Christian Wildcats,South Carolina State Bulldogs,Southland,0,0,1,0.98242,0.9565830192823729
3395,Gardner-Webb Runnin' Bulldogs,Purdue Boilermakers,Big South,0,1,0,1.30355,1.4060410573542301
3396,Purdue Boilermakers,Gardner-Webb Runnin' Bulldogs,Big Ten,1,0,0,1.22824,1.0193717814264838
3397,The Citadel Bulldogs,Michigan State Spartans,Southern,0,1,0,0.90132,0.9951118758354202
3398,Michigan State Spartans,The Citadel Bulldogs,Big Ten,1,0,0,1.34812,1.0415734297603008
3399,Manhattan Jaspers,Fordham Rams,MAAC,0,0,1,1.13782,1.1388496153220944
3400,Fordham Rams,Manhattan Jaspers,A-10,0,0,1,0.91346,0.9208961017359131
3401,Idaho Vandals,Northern Kentucky Norse,Big Sky,0,1,0,1.05344,0.969047702911707
3402,Northern Kentucky Norse,Idaho Vandals,ASUN,1,0,0,1.26689,1.1907244513045339
3403,North Dakota State Bison,Alcorn State Braves,Summit,0,0,1,1.04923,0.9186702012756576
3404,Alcorn State Braves,North Dakota State Bison,SWAC,0,0,1,0.82358,0.9383224213755139
3405,Alabama A&M Bulldogs,Western Michigan Broncos,SWAC,0,1,0,1.04775,1.138089543212782
3406,Western Michigan Broncos,Alabama A&M Bulldogs,MAC,1,0,0,1.20375,1.0183463330763705
3407,Norfolk State Spartans,James Madison Dukes,MEAC,0,1,0,1.11199,1.1648366834521218
3408,James Madison Dukes,Norfolk State Spartans,CAA,1,0,0,1.05174,0.9883359899303461
3409,New Orleans Privateers,Indiana Hoosiers,Southland,0,1,0,0.90009,0.9155561262178676
3410,Indiana Hoosiers,New Orleans Privateers,Big Ten,1,0,0,1.23635,1.0495031206872432
3411,Delaware Blue Hens,Robert Morris Colonials,CAA,0,1,0,1.09921,1.0707239087824032
3412,Robert Morris Colonials,Delaware Blue Hens,NEC,1,0,0,1.15741,1.1009326450896633
3413,Binghamton Bearcats,Mount St. Mary's Mountaineers,AM. EAST,0,1,0,1.10058,1.1667179607769338
3414,Mount St. Mary's Mountaineers,Binghamton Bearcats,NEC,1,0,0,1.14816,1.1070360462036013
3415,Long Island University Sharks,New Hampshire Wildcats,NEC,0,1,0,0.98602,1.052904280049182
3416,New Hampshire Wildcats,Long Island University Sharks,AM. EAST,1,0,0,0.9655,0.9664107566455574
3417,William & Mary Tribe,Old Dominion Monarchs,CAA,0,1,0,1.07999,1.1689447803490471
3418,Old Dominion Monarchs,William & Mary Tribe,CUSA,1,0,0,1.18215,1.1157518037093006
3419,Eastern Kentucky Colonels,Florida Atlantic Owls,OVC,0,1,0,1.08644,1.0544265779408288
3420,Florida Atlantic Owls,Eastern Kentucky Colonels,CUSA,1,0,0,1.1752,1.1759146997863972
3421,Maryland Eastern Shore Hawks,St. Bonaventure Bonnies,MEAC,0,1,0,1.29813,1.414438863579892
3422,St. Bonaventure Bonnies,Maryland Eastern Shore Hawks,A-10,1,0,0,1.29722,1.1930163826277602
3423,Liberty Flames,Princeton Tigers,Big South,0,1,0,0.76212,0.7388506717608072
3424,Princeton Tigers,Liberty Flames,Ivy,1,0,0,1.05203,0.9627386150162459
3425,Mercer Bears,Tennessee Volunteers,Southern,0,1,0,0.94633,0.937433121511007
3426,Tennessee Volunteers,Mercer Bears,SEC,1,0,0,1.13148,1.01094395884098
3427,East Tennessee State Buccaneers,VCU Rams,Southern,0,1,0,0.93675,0.9772390020743634
3428,VCU Rams,East Tennessee State Buccaneers,A-10,1,0,0,1.30753,1.2314738269614178
3429,UT Martin Skyhawks,Butler Bulldogs,OVC,0,1,0,0.64754,0.8191101679171543
3430,Butler Bulldogs,UT Martin Skyhawks,Big East,1,0,0,1.10595,0.9476444497012276
3431,VMI Keydets,Virginia Tech Hokies,Southern,0,1,0,0.99232,0.9377569749007281
3432,Virginia Tech Hokies,VMI Keydets,ACC,1,0,0,1.18371,1.008962354348969
3433,Oakland Golden Grizzlies,Clemson Tigers,Horizon,0,1,0,0.93117,1.0230819590476834
3434,Clemson Tigers,Oakland Golden Grizzlies,ACC,1,0,0,1.11767,0.9273777963918891
3435,Towson Tigers,Navy Midshipmen,CAA,0,1,0,0.98937,0.964759964980037
3436,Navy Midshipmen,Towson Tigers,Patriot,1,0,0,1.16037,1.0980172658534024
3437,Colgate Raiders,Syracuse Orange,Patriot,0,1,0,0.68573,0.8370595280210739
3438,Syracuse Orange,Colgate Raiders,ACC,1,0,0,1.28479,1.1069969898230594
3439,Bucknell Bison,Wake Forest Demon Deacons,Patriot,0,1,0,0.87024,0.9275629157236502
3440,Wake Forest Demon Deacons,Bucknell Bison,ACC,1,0,0,1.03477,0.8805139430192713
3441,SE Louisiana Lions,UCF Knights,Southland,0,1,0,1.0353,0.9871586954178567
3442,UCF Knights,SE Louisiana Lions,American,1,0,0,1.12665,1.0747862638963417
3443,Florida A&M Rattlers,East Carolina Pirates,MEAC,0,1,0,0.83863,0.8813057914379435
3444,East Carolina Pirates,Florida A&M Rattlers,American,1,0,0,1.08447,0.9118940960543643
3445,Purdue Fort Wayne Mastodons,Illinois State Redbirds,Summit,0,1,0,0.71874,0.8306747119544419
3446,Illinois State Redbirds,Purdue Fort Wayne Mastodons,MVC,1,0,0,1.10608,1.0156284790903618
3447,Fairfield Stags,UAlbany Great Danes,MAAC,0,1,0,1.23385,1.2305699925440978
3448,UAlbany Great Danes,Fairfield Stags,AM. EAST,1,0,0,1.44885,1.4771363216192257
3449,Columbia Lions,UConn Huskies,Ivy,0,0,1,1.10852,1.1798245331480648
3450,UConn Huskies,Columbia Lions,American,0,0,1,1.37787,1.350361035500033
3451,Southeast Missouri State Redhawks,Ole Miss Rebels,OVC,0,0,1,0.84702,0.9220849470033576
3452,Ole Miss Rebels,Southeast Missouri State Redhawks,SEC,0,0,1,1.34219,1.2498009827906336
3453,Coppin State Eagles,Michigan Wolverines,MEAC,0,1,0,0.86241,1.015546260191401
3454,Michigan Wolverines,Coppin State Eagles,Big Ten,1,0,0,1.1121,0.8674669834230806
3455,Rice Owls,Lamar Cardinals,CUSA,0,1,0,1.02571,0.9697452372545861
3456,Lamar Cardinals,Rice Owls,Southland,1,0,0,1.10311,1.097975031420531
3457,Pennsylvania Quakers,Vanderbilt Commodores,Ivy,0,1,0,0.7691,0.8135526440642891
3458,Vanderbilt Commodores,Pennsylvania Quakers,SEC,1,0,0,1.24684,1.0976577729869013
3459,North Carolina Central Eagles,Jackson State Tigers,MEAC,0,1,0,1.05171,1.1153730632983405
3460,Jackson State Tigers,North Carolina Central Eagles,SWAC,1,0,0,0.98795,1.100484185603011
3461,Chicago State Cougars,SIU Edwardsville Cougars,WAC,0,1,0,0.56387,0.6590991081447819
3462,SIU Edwardsville Cougars,Chicago State Cougars,OVC,1,0,0,0.97366,0.9147201030887209
3463,Furman Paladins,Minnesota Golden Gophers,Southern,0,1,0,1.08686,1.0960427939836024
3464,Minnesota Golden Gophers,Furman Paladins,Big Ten,1,0,0,1.25397,1.0441264452499261
3465,UAB Blazers,Chattanooga Mocs,CUSA,0,1,0,1.01324,1.0273555113666113
3466,Chattanooga Mocs,UAB Blazers,Southern,1,0,0,1.22601,1.2031245610749501
3467,North Florida Ospreys,Iowa Hawkeyes,ASUN,0,0,1,0.9843,1.1234924269743791
3468,Iowa Hawkeyes,North Florida Ospreys,Big Ten,0,0,1,1.16844,1.0576837221694202
3469,Central Michigan Chippewas,McNeese Cowboys,MAC,0,1,0,1.41073,1.2955465082505533
3470,McNeese Cowboys,Central Michigan Chippewas,Southland,1,0,0,0.96021,0.9518209669682736
3471,Incarnate Word Cardinals,Tulsa Golden Hurricane,Southland,0,1,0,0.6476,0.7675931153888447
3472,Tulsa Golden Hurricane,Incarnate Word Cardinals,American,1,0,0,1.04002,0.920810799172731
3473,Loyola Chicago Ramblers,Texas Tech Red Raiders,MVC,0,0,1,1.03832,1.069830550400048
3474,Texas Tech Red Raiders,Loyola Chicago Ramblers,Big 12,0,0,1,0.76491,0.7163445602562709
3475,Tennessee Tech Golden Eagles,Kansas City Roos,OVC,0,1,0,1.19987,1.1507445526458653
3476,Kansas City Roos,Tennessee Tech Golden Eagles,WAC,1,0,0,0.89593,0.9043143592027945
3477,Murray State Racers,Southern Illinois Salukis,OVC,0,1,0,1.41272,1.4166446287928738
3478,Southern Illinois Salukis,Murray State Racers,MVC,1,0,0,1.18675,1.1494788992794327
3479,Oral Roberts Golden Eagles,Missouri State Bears,Summit,0,1,0,0.79991,0.7825789489118041
3480,Missouri State Bears,Oral Roberts Golden Eagles,MVC,1,0,0,0.93326,0.8382167728073172
3481,Kent State Golden Flashes,UTEP Miners,MAC,0,1,0,1.11226,1.1515159144296063
3482,UTEP Miners,Kent State Golden Flashes,CUSA,1,0,0,1.15085,1.1380117079465424
3483,Northeastern Huskies,Saint Mary's Gaels,CAA,0,1,0,1.06934,1.1080506572239612
3484,Saint Mary's Gaels,Northeastern Huskies,WCC,1,0,0,1.1241,1.0718963685640726
3485,Charleston Cougars,LSU Tigers,CAA,0,1,0,0.6681,0.7736415767596764
3486,LSU Tigers,Charleston Cougars,SEC,1,0,0,1.01647,0.9003992816136692
3487,Milwaukee Panthers,Arkansas Razorbacks,Horizon,0,1,0,0.75,0.7972621984242435
3488,Arkansas Razorbacks,Milwaukee Panthers,SEC,1,0,0,1.19666,1.0589602827824312
3489,UC Santa Barbara Gauchos,Oregon Ducks,Big West,0,1,0,1.12286,1.1610480593027732
3490,Oregon Ducks,UC Santa Barbara Gauchos,Pac-12,1,0,0,1.19497,1.1202286350799306
3491,Jacksonville State Gamecocks,Air Force Falcons,OVC,0,0,1,1.04039,1.0074866778496372
3492,Air Force Falcons,Jacksonville State Gamecocks,Mountain West,0,0,1,1.1103,1.0389388445923045
3493,Miami Hurricanes,Providence Friars,ACC,0,0,1,0.95087,0.9584387345851272
3494,Providence Friars,Miami Hurricanes,Big East,0,0,1,1.183,1.1653343233906566
3495,UC Davis Aggies,Northern Colorado Bears,Big West,0,1,0,1.27672,1.1206488437023918
3496,Northern Colorado Bears,UC Davis Aggies,Big Sky,1,0,0,1.09741,1.0360968880694081
3497,North Dakota Fighting Hawks,Marquette Golden Eagles,Big Sky,0,1,0,0.88111,0.962443679298981
3498,Marquette Golden Eagles,North Dakota Fighting Hawks,Big East,1,0,0,1.08104,0.8865311199361979
3499,Texas A&M-Corpus Christi Islanders,Cal State Fullerton Titans,Southland,0,1,0,1.19358,1.1643512371932085
3500,Cal State Fullerton Titans,Texas A&M-Corpus Christi Islanders,Big West,1,0,0,1.22444,1.1532846685328995
3501,Marshall Thundering Herd,Nevada Wolf Pack,CUSA,0,1,0,0.76511,0.7596469159085953
3502,Nevada Wolf Pack,Marshall Thundering Herd,Mountain West,1,0,0,1.13941,1.0932642828480164
3503,Boise State Broncos,Houston Cougars,Mountain West,0,0,1,1.0609,1.0469009907488116
3504,Houston Cougars,Boise State Broncos,American,0,0,1,0.96549,1.0333450706364458
3505,Tulane Green Wave,Washington Huskies,American,0,1,0,0.88885,0.9247076847325156
3506,Washington Huskies,Tulane Green Wave,Pac-12,1,0,0,1.02246,0.940208173481373
3507,UC Riverside Highlanders,San Diego State Aztecs,Big West,0,1,0,0.57637,0.7072039623206768
3508,San Diego State Aztecs,UC Riverside Highlanders,Mountain West,1,0,0,1.04716,1.0076902026653645
3509,Loyola Marymount Lions,Wichita State Shockers,WCC,0,0,1,0.99153,1.042385900138912
3510,Wichita State Shockers,Loyola Marymount Lions,MVC,0,0,1,1.42304,1.3364314018115468
3511,Nebraska Cornhuskers,Hawai'i Rainbow Warriors,Big Ten,0,1,0,0.95717,0.8967889512417085
3512,Hawai'i Rainbow Warriors,Nebraska Cornhuskers,Big West,1,0,0,1.02064,1.0898823461916487
3513,Arizona Wildcats,UNLV Rebels,Pac-12,0,1,0,0.94466,0.942636777545142
3514,UNLV Rebels,Arizona Wildcats,Mountain West,1,0,0,1.04816,1.1844967121587613
3515,Cal State Northridge Matadors,Louisville Cardinals,Big West,0,1,0,0.77631,0.9537097461432341
3516,Louisville Cardinals,Cal State Northridge Matadors,ACC,1,0,0,1.16779,0.9850735151953479
3517,Stanford Cardinal,Texas Longhorns,Pac-12,0,1,0,1.16089,1.207067109706244
3518,Texas Longhorns,Stanford Cardinal,Big 12,1,0,0,1.12948,1.041148166521914
3519,South Dakota State Jackrabbits,Utah Utes,Summit,0,1,0,0.97823,1.1378195722782696
3520,Utah Utes,South Dakota State Jackrabbits,Pac-12,1,0,0,1.18439,1.1402034449608667
3521,IU Indianapolis Jaguars,Richmond Spiders,Summit,0,1,0,1.08082,1.18045689749343
3522,Richmond Spiders,IU Indianapolis Jaguars,A-10,1,0,0,1.16513,1.121273262533163
3523,SE Louisiana Lions,South Florida Bulls,Southland,0,1,0,1.05371,1.0563091905117075
3524,South Florida Bulls,SE Louisiana Lions,American,1,0,0,1.30964,1.2577762638963417
3525,Eastern Illinois Panthers,Cleveland State Vikings,OVC,0,1,0,1.13151,1.1558583617476657
3526,Cleveland State Vikings,Eastern Illinois Panthers,Horizon,1,0,0,1.11289,1.051546331669412
3527,UNC Wilmington Seahawks,Campbell Fighting Camels,CAA,0,1,0,1.01587,0.9512861129689737
3528,Campbell Fighting Camels,UNC Wilmington Seahawks,Big South,1,0,0,1.12657,1.130445149327638
3529,Florida Gulf Coast Eagles,Iona Gaels,ASUN,0,1,0,1.04792,1.05241358774045
3530,Iona Gaels,Florida Gulf Coast Eagles,MAAC,1,0,0,1.37905,1.3884130107094108
3531,Massachusetts Minutemen,BYU Cougars,A-10,0,1,0,1.00651,1.0001009419741163
3532,BYU Cougars,Massachusetts Minutemen,WCC,1,0,0,1.11277,1.0385368602576646
3533,Ohio Bobcats,DePaul Blue Demons,MAC,0,0,1,1.4541,1.4171286291222218
3534,DePaul Blue Demons,Ohio Bobcats,Big East,0,0,1,1.06126,0.9339276424026003
3535,Detroit Mercy Titans,Arizona State Sun Devils,Horizon,0,1,0,0.75201,0.7965204751375506
3536,Arizona State Sun Devils,Detroit Mercy Titans,Pac-12,1,0,0,1.25356,1.180578637342945
3537,South Carolina State Bulldogs,Southern Utah Thunderbirds,MEAC,0,0,1,0.89578,0.8725286618623954
3538,Southern Utah Thunderbirds,South Carolina State Bulldogs,Big Sky,0,0,1,1.08166,1.0343631600686949
3539,La Salle Explorers,Hofstra Pride,A-10,0,1,0,1.2767,1.2320216271141882
3540,Hofstra Pride,La Salle Explorers,CAA,1,0,0,1.1165,1.1910135798475352
3541,Fairleigh Dickinson Knights,Saint Peter's Peacocks,NEC,0,1,0,0.89644,0.9660528727996296
3542,Saint Peter's Peacocks,Fairleigh Dickinson Knights,MAAC,1,0,0,1.06766,0.9715860872663953
3543,George Washington Revolutionaries,Colorado Buffaloes,A-10,0,0,1,1.00379,1.0316880325112512
3544,Colorado Buffaloes,George Washington Revolutionaries,Pac-12,0,0,1,0.87564,0.8977989563149537
3545,Cal Poly Mustangs,Santa Clara Broncos,Big West,0,1,0,1.22654,1.1968353821933524
3546,Santa Clara Broncos,Cal Poly Mustangs,WCC,1,0,0,1.04095,0.9726157349953166
3547,Abilene Christian Wildcats,Arkansas-Pine Bluff Golden Lions,Southland,0,0,1,1.12235,1.0756593891441337
3548,Arkansas-Pine Bluff Golden Lions,Abilene Christian Wildcats,SWAC,0,0,1,0.99595,0.9936885025552288
3549,Coppin State Eagles,Eastern Michigan Eagles,MEAC,0,1,0,0.87306,1.0111453256096614
3550,Eastern Michigan Eagles,Coppin State Eagles,MAC,1,0,0,1.22136,1.0375303190699956
3551,Sacred Heart Pioneers,Rutgers Scarlet Knights,NEC,0,1,0,0.80773,0.8841382748194941
3552,Rutgers Scarlet Knights,Sacred Heart Pioneers,Big Ten,1,0,0,1.17158,0.9979784057846497
3553,George Mason Patriots,Wright State Raiders,A-10,0,1,0,1.1337,1.1010868988543254
3554,Wright State Raiders,George Mason Patriots,Horizon,1,0,0,0.99332,0.93255026542374
3555,Louisiana Tech Bulldogs,NC State Wolfpack,CUSA,0,1,0,1.02775,1.0983876900834386
3556,NC State Wolfpack,Louisiana Tech Bulldogs,ACC,1,0,0,1.17204,1.1118678078786042
3557,Holy Cross Crusaders,Pittsburgh Panthers,Patriot,0,1,0,0.69947,0.7094980501496941
3558,Pittsburgh Panthers,Holy Cross Crusaders,ACC,1,0,0,1.00227,0.8445264635331472
3559,American University Eagles,Stony Brook Seawolves,Patriot,0,1,0,0.97294,1.0213956023771438
3560,Stony Brook Seawolves,American University Eagles,AM. EAST,1,0,0,1.27085,1.3173624176407857
3561,Wagner Seahawks,Cincinnati Bearcats,NEC,0,1,0,0.81593,0.992649174609215
3562,Cincinnati Bearcats,Wagner Seahawks,American,1,0,0,1.16027,1.0611299058054324
3563,Cornell Big Red,Siena Saints,Ivy,0,0,1,1.11099,1.0183207119286468
3564,Siena Saints,Cornell Big Red,MAAC,0,0,1,0.89528,0.916105601391909
3565,St. Francis Brooklyn Terriers,Monmouth Hawks,NEC,0,1,0,1.18599,1.2550006530704023
3566,Monmouth Hawks,St. Francis Brooklyn Terriers,MAAC,1,0,0,0.74917,0.7187506920561324
3567,Arkansas State Red Wolves,Niagara Purple Eagles,Sun Belt,0,0,1,1.18153,1.1047894687188984
3568,Niagara Purple Eagles,Arkansas State Red Wolves,MAAC,0,0,1,1.08311,1.0771894771872457
3569,Texas Southern Tigers,Auburn Tigers,SWAC,0,1,0,0.92292,1.0510453783695348
3570,Auburn Tigers,Texas Southern Tigers,SEC,1,0,0,0.93279,0.7488936847786432
3571,Prairie View A&M Panthers,North Texas Mean Green,SWAC,0,1,0,1.05984,1.1870168972777686
3572,North Texas Mean Green,Prairie View A&M Panthers,CUSA,1,0,0,0.98576,0.931310037544549
3573,Jacksonville Dolphins,Mississippi State Bulldogs,ASUN,0,0,1,0.77368,0.866695208953454
3574,Mississippi State Bulldogs,Jacksonville Dolphins,SEC,0,0,1,1.17532,0.9624566252857969
3575,Georgia Tech Yellow Jackets,Dayton Flyers,ACC,0,1,0,0.95695,0.9518738868894864
3576,Dayton Flyers,Georgia Tech Yellow Jackets,A-10,1,0,0,1.24721,1.2819366286030924
3577,Western Illinois Leathernecks,Memphis Tigers,Summit,0,1,0,0.73867,0.8456376825166337
3578,Memphis Tigers,Western Illinois Leathernecks,American,1,0,0,1.13859,1.0661153724984898
3579,Howard Bison,South Alabama Jaguars,MEAC,0,1,0,1.19638,1.2230360704659184
3580,South Alabama Jaguars,Howard Bison,Sun Belt,1,0,0,0.9651,0.9724585664854112
3581,Wichita State Shockers,Hawai'i Rainbow Warriors,MVC,0,1,0,1.12857,1.1425371834942277
3582,Hawai'i Rainbow Warriors,Wichita State Shockers,Big West,1,0,0,1.09547,1.1679323272127584
3583,Houston Cougars,Texas Tech Red Raiders,American,0,0,1,1.35582,1.4019480028979676
3584,Texas Tech Red Raiders,Houston Cougars,Big 12,0,0,1,1.13511,1.0406815940974243
3585,New Mexico Lobos,Grand Canyon Lopes,Mountain West,0,1,0,1.04488,0.9539258991869769
3586,Grand Canyon Lopes,New Mexico Lobos,WAC,1,0,0,1.08242,1.2195426755165075
3587,Idaho State Bengals,Utah Valley Wolverines,Big Sky,0,1,0,0.76593,0.715088359317552
3588,Utah Valley Wolverines,Idaho State Bengals,WAC,1,0,0,0.88957,0.9117099645330171
3589,Wyoming Cowboys,Montana State Bobcats,Mountain West,0,1,0,1.04785,0.9733349571504255
3590,Montana State Bobcats,Wyoming Cowboys,Big Sky,1,0,0,0.90472,0.935008741867741
3591,Boise State Broncos,Loyola Chicago Ramblers,Mountain West,0,0,1,0.83765,0.8695139569076582
3592,Loyola Chicago Ramblers,Boise State Broncos,MVC,0,0,1,0.91709,0.9703276181385265
3593,Loyola Marymount Lions,Nebraska Cornhuskers,WCC,0,0,1,0.74354,0.7911759191178022
3594,Nebraska Cornhuskers,Loyola Marymount Lions,Big Ten,0,0,1,0.90801,0.7470531695590277
3595,DePaul Blue Demons,Loyola Marymount Lions,Big East,0,0,1,1.0545,0.8966252747360745
3596,Loyola Marymount Lions,DePaul Blue Demons,WCC,0,0,1,1.13362,1.0703894937425211
3597,Ohio Bobcats,Nebraska Cornhuskers,MAC,0,0,1,0.85576,0.9296550544975031
3598,Nebraska Cornhuskers,Ohio Bobcats,Big Ten,0,0,1,1.08955,0.9591355372255534
3599,Colorado Buffaloes,Hawai'i Rainbow Warriors,Pac-12,0,1,0,1.07087,1.045315824122352
3600,Hawai'i Rainbow Warriors,Colorado Buffaloes,Big West,1,0,0,1.10305,1.118141759352871
3601,George Washington Revolutionaries,Wichita State Shockers,A-10,0,0,1,1.04795,1.1332186003711386
3602,Wichita State Shockers,George Washington Revolutionaries,MVC,0,0,1,0.92395,0.9856303156868295
3603,DePaul Blue Demons,Loyola Marymount Lions,Big East,0,0,1,1.0545,0.8966252747360745
3604,Loyola Marymount Lions,DePaul Blue Demons,WCC,0,0,1,1.13362,1.0703894937425211
3605,Ohio Bobcats,Nebraska Cornhuskers,MAC,0,0,1,0.85576,0.9296550544975031
3606,Nebraska Cornhuskers,Ohio Bobcats,Big Ten,0,0,1,1.08955,0.9591355372255534
3607,Colorado Buffaloes,Hawai'i Rainbow Warriors,Pac-12,0,1,0,1.07087,1.045315824122352
3608,Hawai'i Rainbow Warriors,Colorado Buffaloes,Big West,1,0,0,1.10305,1.118141759352871
3609,George Washington Revolutionaries,Wichita State Shockers,A-10,0,0,1,1.04795,1.1332186003711386
3610,Wichita State Shockers,George Washington Revolutionaries,MVC,0,0,1,0.92395,0.9856303156868295
3611,Kentucky Wildcats,Louisville Cardinals,SEC,0,1,0,1.05697,1.161786416827583
3612,Louisville Cardinals,Kentucky Wildcats,ACC,1,0,0,0.87447,1.009789910476877
3613,Gonzaga Bulldogs,BYU Cougars,WCC,0,1,0,1.2207,1.1798782417418894
3614,BYU Cougars,Gonzaga Bulldogs,WCC,1,0,0,1.10171,1.1320072494642304
3615,Oakland Golden Grizzlies,Maryland Terrapins,Horizon,0,1,0,0.91835,1.0142087035530363
3616,Maryland Terrapins,Oakland Golden Grizzlies,Big Ten,1,0,0,1.18972,1.0006355448550421
3617,UAB Blazers,North Carolina Tar Heels,CUSA,0,1,0,0.81293,0.9173456317679262
3618,North Carolina Tar Heels,UAB Blazers,ACC,1,0,0,1.20966,1.1378258818438929
3619,Wright State Raiders,Ohio State Buckeyes,Horizon,0,1,0,0.79483,0.9118600427780484
3620,Ohio State Buckeyes,Wright State Raiders,Big Ten,1,0,0,1.4246,1.2898518479602774
3621,Colorado State Rams,New Mexico State Aggies,Mountain West,0,1,0,0.92324,0.9760276309312386
3622,New Mexico State Aggies,Colorado State Rams,WAC,1,0,0,0.87729,1.0077238829782222
3623,Maine Black Bears,Seton Hall Pirates,AM. EAST,0,0,1,0.66338,0.773759055782492
3624,Seton Hall Pirates,Maine Black Bears,Big East,0,0,1,1.17776,0.978841338163095
3625,Georgetown Hoyas,Indiana Hoosiers,Big East,0,0,1,1.20846,1.1076040558949392
3626,Indiana Hoosiers,Georgetown Hoyas,Big Ten,0,0,1,1.19748,1.196103379918606
3627,UNC Wilmington Seahawks,Minnesota Golden Gophers,CAA,0,1,0,1.14993,1.2025427300455178
3628,Minnesota Golden Gophers,UNC Wilmington Seahawks,Big Ten,1,0,0,1.4756,1.3735451581380704
3629,Georgia State Panthers,Green Bay Phoenix,Sun Belt,0,0,1,1.00604,1.1108215200535054
3630,Green Bay Phoenix,Georgia State Panthers,Horizon,0,0,1,1.27591,1.3344041763424481
3631,Jacksonville State Gamecocks,Jacksonville Dolphins,OVC,0,1,0,0.9704,0.842561938991211
3632,Jacksonville Dolphins,Jacksonville State Gamecocks,ASUN,1,0,0,1.24562,1.1803874654372768
3633,Northern Kentucky Norse,Northwestern Wildcats,ASUN,0,1,0,0.91872,0.9647056562554418
3634,Northwestern Wildcats,Northern Kentucky Norse,Big Ten,1,0,0,1.23853,1.0230152362308025
3635,Santa Clara Broncos,Saint Mary's Gaels,WCC,0,1,0,0.95274,0.9348239906613558
3636,Saint Mary's Gaels,Santa Clara Broncos,WCC,1,0,0,1.18151,1.0638426543302917
3637,IU Indianapolis Jaguars,Pepperdine Waves,Summit,0,1,0,0.88852,0.9807119192155964
3638,Pepperdine Waves,IU Indianapolis Jaguars,WCC,1,0,0,0.84884,0.7705705623009363
3639,Mercer Bears,Georgia Bulldogs,Southern,0,1,0,1.02359,1.091413464320283
3640,Georgia Bulldogs,Mercer Bears,SEC,1,0,0,1.12996,1.0094239588409801
3641,San Francisco Dons,Pacific Tigers,WCC,0,1,0,1.2772,1.1529818675697263
3642,Pacific Tigers,San Francisco Dons,WCC,1,0,0,1.16287,1.1001462752201032
3643,Presbyterian Blue Hose,Virginia Tech Hokies,Big South,0,1,0,0.95796,0.9615860353223912
3644,Virginia Tech Hokies,Presbyterian Blue Hose,ACC,1,0,0,1.29687,1.0411375295814975
3645,Tennessee State Tigers,Tennessee Volunteers,OVC,0,1,0,0.85261,0.8977429528685336
3646,Tennessee Volunteers,Tennessee State Tigers,SEC,1,0,0,1.26251,1.116823597339065
3647,Kennesaw State Owls,Illinois Fighting Illini,ASUN,0,1,0,0.67003,0.806978980894436
3648,Illinois Fighting Illini,Kennesaw State Owls,Big Ten,1,0,0,1.34698,1.1255600057626005
3649,Portland Pilots,San Diego Toreros,WCC,0,1,0,0.92789,0.9372509178952277
3650,San Diego Toreros,Portland Pilots,WCC,1,0,0,0.90067,0.8074051485053609
3651,Sacramento State Hornets,Utah Valley Wolverines,Big Sky,0,1,0,1.29857,1.2477283593175519
3652,Utah Valley Wolverines,Sacramento State Hornets,WAC,1,0,0,0.83895,0.8277113994821257
3653,Southern Utah Thunderbirds,UNLV Rebels,Big Sky,0,1,0,0.68893,0.7500242209507959
3654,UNLV Rebels,Southern Utah Thunderbirds,Mountain West,1,0,0,1.25292,1.109270389234864
3655,Buffalo Bulls,Wisconsin Badgers,MAC,0,1,0,0.95754,1.0560421449912647
3656,Wisconsin Badgers,Buffalo Bulls,Big Ten,1,0,0,1.16656,1.0858044289823432
3657,Stony Brook Seawolves,Washington Huskies,AM. EAST,0,1,0,0.92792,1.0292926161069424
3658,Washington Huskies,Stony Brook Seawolves,Pac-12,1,0,0,0.84101,0.7832234343404174
3659,South Dakota State Jackrabbits,Northern Iowa Panthers,Summit,0,1,0,1.11531,1.2063861459082752
3660,Northern Iowa Panthers,South Dakota State Jackrabbits,MVC,1,0,0,1.32355,1.3188848043327424
3661,Tulane Green Wave,St. John's Red Storm,American,0,0,1,0.80673,0.8918207820818214
3662,St. John's Red Storm,Tulane Green Wave,Big East,0,0,1,1.18044,1.0996215561723834
3663,Iona Gaels,Drexel Dragons,MAAC,0,1,0,1.2526,1.2445303877871874
3664,Drexel Dragons,Iona Gaels,CAA,1,0,0,0.96972,0.9067453692474429
3665,Central Connecticut Blue Devils,UConn Huskies,NEC,0,0,1,0.76359,0.8777727567914397
3666,UConn Huskies,Central Connecticut Blue Devils,American,0,0,1,1.30369,1.1958788702355414
3667,Marist Red Foxes,Elon Phoenix,MAAC,0,1,0,0.87581,0.8849265929825569
3668,Elon Phoenix,Marist Red Foxes,CAA,1,0,0,0.98029,0.9196324668199232
3669,Harvard Crimson,Arizona State Sun Devils,Ivy,0,1,0,0.80397,0.861660843188487
3670,Arizona State Sun Devils,Harvard Crimson,Pac-12,1,0,0,0.97482,0.9686930158148078
3671,Sacred Heart Pioneers,Brown Bears,NEC,0,1,0,1.07388,1.0823828878846344
3672,Brown Bears,Sacred Heart Pioneers,Ivy,1,0,0,1.09898,1.0193446712953642
3673,Maryland Eastern Shore Hawks,Duquesne Dukes,MEAC,0,1,0,1.30292,1.2888535141721085
3674,Duquesne Dukes,Maryland Eastern Shore Hawks,A-10,1,0,0,1.15778,1.0535763826277602
3675,Campbell Fighting Camels,Samford Bulldogs,Big South,0,0,1,0.96196,0.9128052594393931
3676,Samford Bulldogs,Campbell Fighting Camels,Southern,0,0,1,1.18123,1.073216176907058
3677,Morgan State Bears,Marquette Golden Eagles,MEAC,0,1,0,0.89566,1.0524236489342478
3678,Marquette Golden Eagles,Morgan State Bears,Big East,1,0,0,1.35738,1.1603098245550092
3679,Long Beach State Beach,Syracuse Orange,Big West,0,1,0,1.03364,1.1664074152339792
3680,Syracuse Orange,Long Beach State Beach,ACC,1,0,0,1.33025,1.2283032683898998
3681,Longwood Lancers,Ball State Cardinals,Big South,0,1,0,0.98736,0.963981471690256
3682,Ball State Cardinals,Longwood Lancers,MAC,1,0,0,1.0508,0.8932323261370831
3683,Colgate Raiders,Columbia Lions,Patriot,0,1,0,1.16387,1.1552862412723572
3684,Columbia Lions,Colgate Raiders,Ivy,1,0,0,1.2548,1.1721810037969267
3685,UNC Greensboro Spartans,East Carolina Pirates,Southern,0,1,0,0.80875,0.7257924362842836
3686,East Carolina Pirates,UNC Greensboro Spartans,American,1,0,0,1.18447,1.1135010790105946
3687,Bucknell Bison,Siena Saints,Patriot,0,0,1,1.14063,1.061885336940695
3688,Siena Saints,Bucknell Bison,MAAC,0,0,1,1.22648,1.2123397752360416
3689,Kansas City Roos,Indiana State Sycamores,WAC,0,1,0,1.05263,1.1767361004392696
3690,Indiana State Sycamores,Kansas City Roos,MVC,1,0,0,1.03516,0.9254338723783466
3691,Coppin State Eagles,Evansville Purple Aces,MEAC,0,1,0,1.05432,1.1678862267745314
3692,Evansville Purple Aces,Coppin State Eagles,MVC,1,0,0,1.10236,0.9320752156755997
3693,Milwaukee Panthers,South Dakota Coyotes,Horizon,0,1,0,0.91696,0.85698726214786
3694,South Dakota Coyotes,Milwaukee Panthers,Summit,1,0,0,1.29438,1.24907773890856
3695,Bowling Green Falcons,South Florida Bulls,MAC,0,1,0,1.38725,1.3312483506586472
3696,South Florida Bulls,Bowling Green Falcons,American,1,0,0,1.21285,1.2251546299923017
3697,Rutgers Scarlet Knights,Monmouth Hawks,Big Ten,0,1,0,1.10696,1.039126163916313
3698,Monmouth Hawks,Rutgers Scarlet Knights,MAAC,1,0,0,1.08429,1.096405568629808
3699,Texas Southern Tigers,Kansas State Wildcats,SWAC,0,1,0,0.98079,1.1645871345868455
3700,Kansas State Wildcats,Texas Southern Tigers,Big 12,1,0,0,0.97547,0.7805530033958789
3701,Northwestern State Demons,Arkansas Razorbacks,Southland,0,1,0,1.31423,1.4001104764644405
3702,Arkansas Razorbacks,Northwestern State Demons,SEC,1,0,0,1.44435,1.2056315542653449
3703,Florida Gulf Coast Eagles,Xavier Musketeers,ASUN,0,1,0,0.88408,0.9916592530393977
3704,Xavier Musketeers,Florida Gulf Coast Eagles,Big East,1,0,0,1.096,1.0027151825274472
3705,Wake Forest Demon Deacons,Richmond Spiders,ACC,0,1,0,1.05333,1.0426162444841314
3706,Richmond Spiders,Wake Forest Demon Deacons,A-10,1,0,0,1.0299,1.0151107753057216
3707,Saint Peter's Peacocks,Cornell Big Red,MAAC,0,1,0,0.91293,0.933755601391909
3708,Cornell Big Red,Saint Peter's Peacocks,Ivy,1,0,0,0.77736,0.7709164987616479
3709,Lehigh Mountain Hawks,UMBC Retrievers,Patriot,0,1,0,0.92892,0.8607313024019148
3710,UMBC Retrievers,Lehigh Mountain Hawks,AM. EAST,1,0,0,0.84751,0.8968539863665237
3711,Delaware State Hornets,Temple Owls,MEAC,0,1,0,0.88652,1.0634566451896055
3712,Temple Owls,Delaware State Hornets,American,1,0,0,1.02003,0.921211249203764
3713,Mississippi Valley State Delta Devils,Houston Cougars,SWAC,0,1,0,0.88645,0.9885272553742022
3714,Houston Cougars,Mississippi Valley State Delta Devils,American,1,0,0,1.2948,1.103132896306495
3715,UIC Flames,Bradley Braves,Horizon,0,1,0,0.9651,0.9735902871585392
3716,Bradley Braves,UIC Flames,MVC,1,0,0,1.18848,1.0887990678775405
3717,Loyola Maryland Greyhounds,Fairfield Stags,Patriot,0,0,1,0.97937,0.9942447464117303
3718,Fairfield Stags,Loyola Maryland Greyhounds,MAAC,0,0,1,0.91893,0.9153814982214675
3719,UC Davis Aggies,Washington State Cougars,Big West,0,1,0,1.17984,1.1224350808331065
3720,Washington State Cougars,UC Davis Aggies,Pac-12,1,0,0,1.22261,1.098179444663754
3721,Howard Bison,Fordham Rams,MEAC,0,1,0,0.95314,1.021813967884648
3722,Fordham Rams,Howard Bison,A-10,1,0,0,1.29075,1.2618743314538519
3723,Abilene Christian Wildcats,Grand Canyon Lopes,Southland,0,1,0,1.15519,1.0974859109983122
3724,Grand Canyon Lopes,Abilene Christian Wildcats,WAC,1,0,0,1.17791,1.1424703521606214
3725,Belmont Bruins,Butler Bulldogs,OVC,0,1,0,0.93125,1.1028201679171543
3726,Butler Bulldogs,Belmont Bruins,Big East,1,0,0,1.13964,0.9922961121483033
3727,UCLA Bruins,Alabama Crimson Tide,Pac-12,0,1,0,0.75091,0.7592717045484857
3728,Alabama Crimson Tide,UCLA Bruins,SEC,1,0,0,0.85533,0.7988744832820562
3729,Cal State Bakersfield Roadrunners,California Golden Bears,WAC,0,1,0,0.94603,1.1243697035841216
3730,California Golden Bears,Cal State Bakersfield Roadrunners,Pac-12,1,0,0,0.83333,0.7206587808628186
3731,Toledo Rockets,Duke Blue Devils,MAC,0,1,0,1.03566,1.137819514429287
3732,Duke Blue Devils,Toledo Rockets,ACC,1,0,0,1.31354,1.1871122084417367
3733,Rice Owls,Texas Longhorns,CUSA,0,1,0,0.94478,1.0494857924647025
3734,Texas Longhorns,Rice Owls,Big 12,1,0,0,1.09335,0.9745356229578084
3735,UMass Lowell River Hawks,Boston College Eagles,AM. EAST,0,1,0,0.7546,0.8400320534775599
3736,Boston College Eagles,UMass Lowell River Hawks,ACC,1,0,0,1.16704,1.002284317959394
3737,Valparaiso Beacons,James Madison Dukes,Horizon,0,1,0,1.24383,1.204088294990336
3738,James Madison Dukes,Valparaiso Beacons,CAA,1,0,0,0.8138,0.8348076393089225
3739,Fairleigh Dickinson Knights,Towson Tigers,NEC,0,1,0,1.24077,1.240549014879336
3740,Towson Tigers,Fairleigh Dickinson Knights,CAA,1,0,0,1.21595,1.1053170207372047
3741,Southern Miss Golden Eagles,LSU Tigers,CUSA,0,1,0,0.95868,1.0664062655689586
3742,LSU Tigers,Southern Miss Golden Eagles,SEC,1,0,0,1.24076,1.0648746452271853
3743,Florida International Panthers,Florida A&M Rattlers,CUSA,0,1,0,1.24008,1.105072117337635
3744,Florida A&M Rattlers,Florida International Panthers,MEAC,1,0,0,0.91579,0.962567236169478
3745,Cleveland State Vikings,VCU Rams,Horizon,0,1,0,1.08078,1.1543139687662376
3746,VCU Rams,Cleveland State Vikings,A-10,1,0,0,1.24502,1.2033763497270686
3747,North Florida Ospreys,Tennessee Tech Golden Eagles,ASUN,0,1,0,1.29056,1.2553530162115907
3748,Tennessee Tech Golden Eagles,North Florida Ospreys,OVC,1,0,0,1.30059,1.258426333900244
3749,Lipscomb Bisons,Chattanooga Mocs,ASUN,0,1,0,0.94927,0.9954908906557289
3750,Chattanooga Mocs,Lipscomb Bisons,Southern,1,0,0,1.28479,1.1314594021421243
3751,IU Indianapolis Jaguars,North Carolina Central Eagles,Summit,0,1,0,0.76045,0.8130748122297333
3752,North Carolina Central Eagles,IU Indianapolis Jaguars,MEAC,1,0,0,1.11835,1.178910647955286
3753,Rider Broncs,Wagner Seahawks,MAAC,0,1,0,1.21198,1.1627823048086114
3754,Wagner Seahawks,Rider Broncs,NEC,1,0,0,1.18447,1.2247914615653466
3755,Maine Black Bears,Quinnipiac Bobcats,AM. EAST,0,1,0,1.0175,1.0969979624782067
3756,Quinnipiac Bobcats,Maine Black Bears,MAAC,1,0,0,1.24008,1.1106310159504516
3757,Morehead State Eagles,Central Arkansas Bears,OVC,0,1,0,1.39614,1.2678650523427064
3758,Central Arkansas Bears,Morehead State Eagles,Southland,1,0,0,0.88078,0.9047840823153167
3759,Mount St. Mary's Mountaineers,Old Dominion Monarchs,NEC,0,1,0,0.62946,0.7640884026733166
3760,Old Dominion Monarchs,Mount St. Mary's Mountaineers,CUSA,1,0,0,1.17289,1.1447247498965634
3761,Hampton Pirates,Northern Illinois Huskies,MEAC,0,1,0,0.76241,0.8466901896540757
3762,Northern Illinois Huskies,Hampton Pirates,MAC,1,0,0,1.2302,1.1680795694224522
3763,Tennessee State Tigers,TCU Horned Frogs,OVC,0,1,0,0.69677,0.7919644529667235
3764,TCU Horned Frogs,Tennessee State Tigers,Big 12,1,0,0,1.07907,0.9223629159563007
3765,North Texas Mean Green,Texas Tech Red Raiders,CUSA,0,1,0,0.74358,0.794097873786631
3766,Texas Tech Red Raiders,North Texas Mean Green,Big 12,1,0,0,0.97656,0.8740530856063837
3767,Omaha Mavericks,Chicago State Cougars,Summit,0,1,0,1.00044,0.9820503959040429
3768,Chicago State Cougars,Omaha Mavericks,WAC,1,0,0,1.00272,1.0652629739253443
3769,Middle Tennessee Blue Raiders,Auburn Tigers,CUSA,0,1,0,0.78864,0.8078905056946064
3770,Auburn Tigers,Middle Tennessee Blue Raiders,SEC,1,0,0,1.08295,1.0118185214517668
3771,Portland Pilots,BYU Cougars,WCC,0,1,0,1.21832,1.1774982417418896
3772,BYU Cougars,Portland Pilots,WCC,1,0,0,1.33582,1.242555148505361
3773,Pepperdine Waves,Loyola Marymount Lions,WCC,0,1,0,1.14378,1.017367369826242
3774,Loyola Marymount Lions,Pepperdine Waves,WCC,1,0,0,0.96451,0.9489250645420577
3775,San Francisco Dons,Saint Mary's Gaels,WCC,0,1,0,0.95005,0.9321339906613557
3776,Saint Mary's Gaels,San Francisco Dons,WCC,1,0,0,1.23581,1.1730862752201032
3777,Saint Joseph's Hawks,Denver Pioneers,A-10,0,1,0,1.19864,1.1457673948978526
3778,Denver Pioneers,Saint Joseph's Hawks,Summit,1,0,0,1.25013,1.2842978712034772
3779,Stephen F. Austin Lumberjacks,Cal State Northridge Matadors,Southland,0,1,0,1.14779,1.1188635895530834
3780,Cal State Northridge Matadors,Stephen F. Austin Lumberjacks,Big West,1,0,0,1.04533,1.0535399530141698
3781,Santa Clara Broncos,Pacific Tigers,WCC,0,1,0,1.13052,1.0063018675697264
3782,Pacific Tigers,Santa Clara Broncos,WCC,1,0,0,0.82541,0.7077426543302916
3783,Gonzaga Bulldogs,San Diego Toreros,WCC,0,1,0,0.97595,0.9853109178952277
3784,San Diego Toreros,Gonzaga Bulldogs,WCC,1,0,0,0.7716,0.8018972494642304
3785,UC Irvine Anteaters,Oregon Ducks,Big West,0,1,0,0.97912,1.0173080593027732
3786,Oregon Ducks,UC Irvine Anteaters,Pac-12,1,0,0,0.96192,0.9316997239577826
3787,Arkansas-Pine Bluff Golden Lions,Stanford Cardinal,SWAC,0,1,0,0.62654,0.7678919781932988
3788,Stanford Cardinal,Arkansas-Pine Bluff Golden Lions,Pac-12,1,0,0,1.2361,1.0716539361301947
3789,Southern Jaguars,Hawai'i Rainbow Warriors,SWAC,0,1,0,0.78538,0.927229379555739
3790,Hawai'i Rainbow Warriors,Southern Jaguars,Big West,1,0,0,0.95111,0.9097113755746971
3791,Davidson Wildcats,Virginia Cavaliers,A-10,0,1,0,1.20424,1.3894223130506067
3792,Virginia Cavaliers,Davidson Wildcats,ACC,1,0,0,1.39991,1.27194621242755
3793,Long Beach State Beach,Louisville Cardinals,Big West,0,1,0,0.76313,0.9405297461432341
3794,Louisville Cardinals,Long Beach State Beach,ACC,1,0,0,1.03771,0.9357632683898999
3795,Maryland Terrapins,Michigan State Spartans,Big Ten,0,1,0,0.88453,0.930580945067516
3796,Michigan State Spartans,Maryland Terrapins,Big Ten,1,0,0,0.83516,0.8170546556986507
3797,Kent State Golden Flashes,Kansas Jayhawks,MAC,0,1,0,0.94753,1.0491849803055595
3798,Kansas Jayhawks,Kent State Golden Flashes,Big 12,1,0,0,1.14955,1.0490809193446933
3799,Hartford Hawks,Notre Dame Fighting Irish,AM. EAST,0,0,1,0.90738,1.0233664146022432
3800,Notre Dame Fighting Irish,Hartford Hawks,ACC,0,0,1,1.28729,1.1724621631826975
3801,Virginia Tech Hokies,West Virginia Mountaineers,ACC,0,1,0,0.77805,0.7957328329993725
3802,West Virginia Mountaineers,Virginia Tech Hokies,Big 12,1,0,0,1.24152,1.1117626607754691
3803,William & Mary Tribe,North Carolina Tar Heels,CAA,0,1,0,0.95841,1.0606409429586439
3804,North Carolina Tar Heels,William & Mary Tribe,ACC,1,0,0,1.25961,1.0986484996070456
3805,Iowa Hawkeyes,Ohio State Buckeyes,Big Ten,0,1,0,1.25099,1.2872341453182703
3806,Ohio State Buckeyes,Iowa Hawkeyes,Big Ten,1,0,0,1.1173,1.0978533416515524
3807,Norfolk State Spartans,Baylor Bears,MEAC,0,1,0,0.82956,1.0347815062515602
3808,Baylor Bears,Norfolk State Spartans,Big 12,1,0,0,1.46177,1.3129198901377792
3809,Northwestern Wildcats,Rutgers Scarlet Knights,Big Ten,0,1,0,0.87205,0.811613785665405
3810,Rutgers Scarlet Knights,Northwestern Wildcats,Big Ten,1,0,0,0.80207,0.689416570932615
3811,Eastern Kentucky Colonels,Coppin State Eagles,OVC,0,1,0,0.98327,0.8735858959431185
3812,Coppin State Eagles,Eastern Kentucky Colonels,MEAC,1,0,0,0.94452,1.0252534300688594
3813,Yale Bulldogs,Sacred Heart Pioneers,Ivy,0,1,0,1.15888,1.1124228216899712
3814,Sacred Heart Pioneers,Yale Bulldogs,NEC,1,0,0,1.04428,1.1324057731359762
3815,Illinois Fighting Illini,Michigan Wolverines,Big Ten,0,1,0,0.97901,0.9587719742698366
3816,Michigan Wolverines,Illinois Fighting Illini,Big Ten,1,0,0,1.14936,1.1276698955716091
3817,Cincinnati Bearcats,NC State Wolfpack,American,0,1,0,1.29781,1.3640578191947752
3818,NC State Wolfpack,Cincinnati Bearcats,ACC,1,0,0,1.03959,1.0450787865973656
3819,New Hampshire Wildcats,Western Michigan Broncos,AM. EAST,0,1,0,0.99004,1.032629731023617
3820,Western Michigan Broncos,New Hampshire Wildcats,MAC,1,0,0,1.14938,1.1070449761474006
3821,North Carolina A&T Aggies,South Carolina Gamecocks,MEAC,0,1,0,0.78561,0.987278431811386
3822,South Carolina Gamecocks,North Carolina A&T Aggies,SEC,1,0,0,1.31728,1.127228135844694
3823,Columbia Lions,St. Francis Brooklyn Terriers,Ivy,0,1,0,1.05552,1.0465151746024437
3824,St. Francis Brooklyn Terriers,Columbia Lions,NEC,1,0,0,1.20115,1.1883416895090766
3825,Pennsylvania Quakers,La Salle Explorers,Ivy,1,0,0,1.02574,1.10304897852843
3826,La Salle Explorers,Pennsylvania Quakers,A-10,1,0,0,1.27551,1.1785392250663254
3827,St. Bonaventure Bonnies,Delaware Blue Hens,A-10,0,1,0,1.07807,0.9868832068296222
3828,Delaware Blue Hens,St. Bonaventure Bonnies,CAA,1,0,0,1.18044,1.1813672940935402
3829,VMI Keydets,George Washington Revolutionaries,Southern,0,1,0,0.79964,0.8347130142022146
3830,George Washington Revolutionaries,VMI Keydets,A-10,1,0,0,1.07945,0.9748670033115628
3831,UT Rio Grande Valley Vaqueros,Duquesne Dukes,WAC,0,1,0,1.08696,1.1017496565645748
3832,Duquesne Dukes,UT Rio Grande Valley Vaqueros,A-10,1,0,0,1.16271,1.019475882666944
3833,Bethune-Cookman Wildcats,The Citadel Bulldogs,MEAC,0,1,0,0.87928,0.779285866076472
3834,The Citadel Bulldogs,Bethune-Cookman Wildcats,Southern,1,0,0,0.9956,0.8644706980044226
3835,Florida Atlantic Owls,Jacksonville Dolphins,CUSA,0,1,0,1.06356,0.927306732504882
3836,Jacksonville Dolphins,Florida Atlantic Owls,ASUN,1,0,0,0.8138,0.7722986003490103
3837,Charleston Cougars,Miami Hurricanes,CAA,0,1,0,0.68351,0.7539330850434295
3838,Miami Hurricanes,Charleston Cougars,ACC,1,0,0,1.16553,1.0315060847304993
3839,Charlotte 49ers,Georgia Tech Yellow Jackets,CUSA,0,1,0,1.06954,1.1618434341373605
3840,Georgia Tech Yellow Jackets,Charlotte 49ers,ACC,1,0,0,1.08981,0.9370060479074028
3841,Florida Gators,Florida State Seminoles,SEC,0,1,0,0.89019,0.8650147916243329
3842,Florida State Seminoles,Florida Gators,ACC,1,0,0,0.9375,0.9564545510798325
3843,Robert Morris Colonials,Clemson Tigers,NEC,0,1,0,0.90456,1.0525305507419942
3844,Clemson Tigers,Robert Morris Colonials,ACC,1,0,0,0.99443,0.8403871430948237
3845,Marshall Thundering Herd,Akron Zips,CUSA,0,1,0,0.94127,0.9971781204205048
3846,Akron Zips,Marshall Thundering Herd,MAC,1,0,0,0.99995,0.9284534548062914
3847,UNC Wilmington Seahawks,Ohio Bobcats,CAA,0,1,0,0.78824,0.748996404055373
3848,Ohio Bobcats,UNC Wilmington Seahawks,MAC,1,0,0,1.05634,1.0150884937849856
3849,Buffalo Bulls,Binghamton Bearcats,MAC,0,0,1,1.27033,1.1863430430910342
3850,Binghamton Bearcats,Buffalo Bulls,AM. EAST,0,0,1,0.82463,0.9315331955018156
3851,Oral Roberts Golden Eagles,Detroit Mercy Titans,Summit,0,1,0,1.06096,1.0954728194030545
3852,Detroit Mercy Titans,Oral Roberts Golden Eagles,Horizon,1,0,0,0.98398,0.8953744380145763
3853,Iona Gaels,Massachusetts Minutemen,MAAC,0,1,0,1.14684,1.1769707437440677
3854,Massachusetts Minutemen,Iona Gaels,A-10,1,0,0,1.22798,1.1427914029170643
3855,Kansas City Roos,Canisius Golden Griffins,WAC,0,1,0,0.87122,1.0342371720788008
3856,Canisius Golden Griffins,Kansas City Roos,MAAC,1,0,0,1.06585,0.9875055734848377
3857,UAlbany Great Danes,Niagara Purple Eagles,AM. EAST,0,0,1,0.85591,0.8284589493127632
3858,Niagara Purple Eagles,UAlbany Great Danes,MAAC,0,0,1,1.20821,1.204929992544098
3859,Maryland Eastern Shore Hawks,UT Martin Skyhawks,MEAC,0,1,0,1.13069,1.175854780840352
3860,UT Martin Skyhawks,Maryland Eastern Shore Hawks,OVC,1,0,0,1.07241,1.0010202442537501
3861,UL Monroe Warhawks,Georgia State Panthers,Sun Belt,0,1,0,0.77505,0.8579494144136701
3862,Georgia State Panthers,UL Monroe Warhawks,Sun Belt,1,0,0,1.14682,1.1823913711535246
3863,Florida Gulf Coast Eagles,Pittsburgh Panthers,ASUN,0,1,0,0.94506,0.9726580945551511
3864,Pittsburgh Panthers,Florida Gulf Coast Eagles,ACC,1,0,0,1.26468,1.1671053288872475
3865,Mercer Bears,Texas A&M Aggies,Southern,0,1,0,0.92346,0.9624764381551293
3866,Texas A&M Aggies,Mercer Bears,SEC,1,0,0,1.20392,1.0833839588409802
3867,McNeese Cowboys,Mississippi State Bulldogs,Southland,0,0,1,1.30903,1.3959884495252095
3868,Mississippi State Bulldogs,McNeese Cowboys,SEC,0,0,1,0.95473,0.795488621023655
3869,Ole Miss Rebels,Dayton Flyers,SEC,0,1,0,1.0519,1.0647770837726562
3870,Dayton Flyers,Ole Miss Rebels,A-10,1,0,0,1.13414,1.1432129349827604
3871,Harvard Crimson,Grand Canyon Lopes,Ivy,0,1,0,1.16387,1.0807280010090514
3872,Grand Canyon Lopes,Harvard Crimson,WAC,1,0,0,0.93858,1.099856571248195
3873,Cal Poly Mustangs,Purdue Fort Wayne Mastodons,Big West,0,1,0,1.21562,1.1733271749681178
3874,Purdue Fort Wayne Mastodons,Cal Poly Mustangs,Summit,1,0,0,1.00772,1.013984439274248
3875,Alabama A&M Bulldogs,Murray State Racers,SWAC,0,1,0,0.7014,0.8251892457355514
3876,Murray State Racers,Alabama A&M Bulldogs,OVC,1,0,0,1.41268,1.268243759554886
3877,Georgia Southern Eagles,UT Arlington Mavericks,Sun Belt,0,1,0,0.97397,0.9912584158302915
3878,UT Arlington Mavericks,Georgia Southern Eagles,Sun Belt,1,0,0,1.00723,1.0388529606615104
3879,Arkansas State Red Wolves,South Alabama Jaguars,Sun Belt,0,1,0,0.95054,0.9090129200753548
3880,South Alabama Jaguars,Arkansas State Red Wolves,Sun Belt,1,0,0,0.90214,0.8625025289646288
3881,Texas State Bobcats,Troy Trojans,Sun Belt,0,1,0,0.96014,0.9389910543180726
3882,Troy Trojans,Texas State Bobcats,Sun Belt,1,0,0,0.76447,0.8198522466408518
3883,Louisiana Ragin' Cajuns,Little Rock Trojans,Sun Belt,0,1,0,1.21022,1.1720162634974072
3884,Little Rock Trojans,Louisiana Ragin' Cajuns,Sun Belt,1,0,0,1.14421,1.1563485419365975
3885,Texas Southern Tigers,New Mexico State Aggies,SWAC,0,1,0,1.02511,1.193973895556629
3886,New Mexico State Aggies,Texas Southern Tigers,WAC,1,0,0,1.08591,1.0874986646726565
3887,Oklahoma State Cowboys,Missouri Tigers,Big 12,0,0,1,1.13625,1.0290201568143273
3888,Missouri Tigers,Oklahoma State Cowboys,SEC,0,0,1,1.1121,1.128784849001705
3889,UC Santa Barbara Gauchos,Oregon State Beavers,Big West,0,1,0,1.01999,1.1337283150048645
3890,Oregon State Beavers,UC Santa Barbara Gauchos,Pac-12,1,0,0,1.2393,1.1645586350799306
3891,Morgan State Bears,UC Riverside Highlanders,MEAC,0,1,0,1.01148,1.0924084752928955
3892,UC Riverside Highlanders,Morgan State Bears,Big West,1,0,0,1.06934,0.9585164971136303
3893,UC Davis Aggies,Seattle U Redhawks,Big West,0,1,0,1.05108,1.0474248851217036
3894,Seattle U Redhawks,UC Davis Aggies,WAC,1,0,0,1.2202,1.263173000097141
3895,Vermont Catamounts,USC Trojans,AM. EAST,0,1,0,0.81471,0.9035213586074656
3896,USC Trojans,Vermont Catamounts,Pac-12,1,0,0,0.95238,0.9210174952050213
3897,Prairie View A&M Panthers,Hawai'i Rainbow Warriors,SWAC,0,1,0,1.04783,1.189679379555739
3898,Hawai'i Rainbow Warriors,Prairie View A&M Panthers,Big West,1,0,0,1.15202,1.0935432596411152
3899,Wofford Terriers,Duke Blue Devils,Southern,0,1,0,0.91171,1.0008071095502762
3900,Duke Blue Devils,Wofford Terriers,ACC,1,0,0,1.36719,1.317950407214045
3901,Penn State Nittany Lions,Wisconsin Badgers,Big Ten,0,1,0,1.20656,1.2442588093443496
3902,Wisconsin Badgers,Penn State Nittany Lions,Big Ten,1,0,0,1.46412,1.4363420413369747
3903,Butler Bulldogs,Villanova Wildcats,Big East,0,1,0,0.91637,0.9845304410893015
3904,Villanova Wildcats,Butler Bulldogs,Big East,1,0,0,1.08305,1.1227533605741629
3905,Mississippi Valley State Delta Devils,Iowa State Cyclones,SWAC,0,1,0,0.49675,0.6877743764134883
3906,Iowa State Cyclones,Mississippi Valley State Delta Devils,Big 12,1,0,0,1.2191,0.9441919785933093
3907,St. John's Red Storm,Seton Hall Pirates,Big East,0,0,1,1.12495,1.0839305448346734
3908,Seton Hall Pirates,St. John's Red Storm,Big East,0,0,1,1.36234,1.3615472025084296
3909,Wichita State Shockers,Drake Bulldogs,MVC,0,1,0,1.1829,1.0557195947707827
3910,Drake Bulldogs,Wichita State Shockers,MVC,1,0,0,1.03595,1.0934317817296095
3911,George Mason Patriots,Oklahoma Sooners,A-10,0,1,0,0.67255,0.805911303894521
3912,Oklahoma Sooners,George Mason Patriots,Big 12,1,0,0,0.95122,0.8153891350012143
3913,Boise State Broncos,Colorado State Rams,Mountain West,0,1,0,1.11952,1.1670557687474392
3914,Colorado State Rams,Boise State Broncos,Mountain West,1,0,0,1.2014,1.2332653991800402
3915,Georgetown Hoyas,Xavier Musketeers,Big East,0,1,0,0.87632,0.8615204232882249
3916,Xavier Musketeers,Georgetown Hoyas,Big East,1,0,0,1.18065,1.1491773347010454
3917,South Carolina State Bulldogs,Fordham Rams,MEAC,0,1,0,0.83705,0.9057239678846482
3918,Fordham Rams,South Carolina State Bulldogs,A-10,1,0,0,1.16722,1.0577575938872312
3919,Tulsa Golden Hurricane,UCF Knights,American,0,1,0,0.98204,0.9034602046683198
3920,UCF Knights,Tulsa Golden Hurricane,American,1,0,0,0.93315,0.9895264742447007
3921,Tulane Green Wave,East Carolina Pirates,American,0,1,0,1.28011,1.238377190266818
3922,East Carolina Pirates,Tulane Green Wave,American,1,0,0,1.09434,1.0662269853511683
3923,Dartmouth Big Green,Bryant Bulldogs,Ivy,0,1,0,1.24164,1.1557224548144485
3924,Bryant Bulldogs,Dartmouth Big Green,NEC,1,0,0,0.94493,0.965426524179847
3925,Chicago State Cougars,Green Bay Phoenix,WAC,0,0,1,0.8949,1.0967208128365353
3926,Green Bay Phoenix,Chicago State Cougars,Horizon,0,0,1,0.97386,0.9271133888176754
3927,Longwood Lancers,Winthrop Eagles,Big South,0,1,0,0.96401,0.9721068565294967
3928,Winthrop Eagles,Longwood Lancers,Big South,1,0,0,1.09509,0.9826489816797352
3929,East Tennessee State Buccaneers,Tennessee Volunteers,Southern,0,1,0,1.02553,1.016633121511007
3930,Tennessee Volunteers,East Tennessee State Buccaneers,SEC,1,0,0,1.18828,1.0600123748819936
3931,Northern Kentucky Norse,Youngstown State Penguins,ASUN,0,1,0,1.15533,1.0883279416299585
3932,Youngstown State Penguins,Northern Kentucky Norse,Horizon,1,0,0,1.24617,1.111441133690581
3933,Princeton Tigers,Wake Forest Demon Deacons,Ivy,0,1,0,1.00688,1.0502782907116022
3934,Wake Forest Demon Deacons,Princeton Tigers,ACC,1,0,0,1.19801,1.0344247817134797
3935,Temple Owls,UConn Huskies,American,0,0,1,0.88303,0.949333952387789
3936,UConn Huskies,Temple Owls,American,0,0,1,0.79597,0.8884980440184799
3937,Vanderbilt Commodores,Saint Louis Billikens,SEC,0,1,0,1.21934,1.1069243245867204
3938,Saint Louis Billikens,Vanderbilt Commodores,A-10,1,0,0,0.95422,0.9404851286584082
3939,Liberty Flames,Campbell Fighting Camels,Big South,0,1,0,0.77235,0.7225252373287213
3940,Campbell Fighting Camels,Liberty Flames,Big South,1,0,0,0.90684,0.8295123406950987
3941,Colgate Raiders,Lehigh Mountain Hawks,Patriot,0,1,0,1.18134,1.2172724111590283
3942,Lehigh Mountain Hawks,Colgate Raiders,Patriot,1,0,0,1.00223,0.9335356288089749
3943,Houston Cougars,Memphis Tigers,American,0,1,0,0.84308,0.9298704627209265
3944,Memphis Tigers,Houston Cougars,American,1,0,0,1.1336,1.089234361416003
3945,Bradley Braves,Loyola Chicago Ramblers,MVC,0,1,0,0.86865,0.8887080254715375
3946,Loyola Chicago Ramblers,Bradley Braves,MVC,1,0,0,1.11259,1.081464471556673
3947,Boston University Terriers,Holy Cross Crusaders,Patriot,0,1,0,1.12637,1.11090325291367
3948,Holy Cross Crusaders,Boston University Terriers,Patriot,1,0,0,1.08382,0.9892626812288166
3949,American University Eagles,Bucknell Bison,Patriot,0,1,0,0.93432,0.9223407323997941
3950,Bucknell Bison,American University Eagles,Patriot,1,0,0,1.09954,1.099462692038683
3951,Kennesaw State Owls,Tennessee State Tigers,ASUN,0,1,0,1.00036,0.9965672342418748
3952,Tennessee State Tigers,Kennesaw State Owls,OVC,1,0,0,1.17858,1.0589307678880313
3953,North Florida Ospreys,Austin Peay Governors,ASUN,0,1,0,0.97231,0.9719655338616666
3954,Austin Peay Governors,North Florida Ospreys,OVC,1,0,0,1.02713,0.9849663339002441
3955,Lafayette Leopards,Army Black Knights,Patriot,0,1,0,1.38648,1.3725045356019347
3956,Army Black Knights,Lafayette Leopards,Patriot,1,0,0,1.18995,1.063733177694132
3957,Minnesota Golden Gophers,Purdue Boilermakers,Big Ten,0,1,0,1.11024,1.1068010661646626
3958,Purdue Boilermakers,Minnesota Golden Gophers,Big Ten,1,0,0,1.15598,1.084243712821091
3959,Hofstra Pride,Central Connecticut Blue Devils,CAA,0,1,0,1.27551,1.1699040523149224
3960,Central Connecticut Blue Devils,Hofstra Pride,NEC,1,0,0,0.84199,0.8320210653742293
3961,Northeastern Huskies,Richmond Spiders,CAA,0,1,0,1.05846,1.1401248597771039
3962,Richmond Spiders,Northeastern Huskies,A-10,1,0,0,1.05876,1.0409690687962991
3963,Brown Bears,Rhode Island Rams,Ivy,0,1,0,0.98892,1.1037172294813786
3964,Rhode Island Rams,Brown Bears,A-10,1,0,0,1.3111,1.2185371488353791
3965,UNC Asheville Bulldogs,Radford Highlanders,Big South,0,1,0,1.07783,1.0632518573169594
3966,Radford Highlanders,UNC Asheville Bulldogs,Big South,1,0,0,1.06874,1.0184957931679386
3967,Loyola Maryland Greyhounds,Navy Midshipmen,Patriot,0,1,0,0.89275,0.8848599886729801
3968,Navy Midshipmen,Loyola Maryland Greyhounds,Patriot,1,0,0,1.29285,1.2582843049906127
3969,Indiana State Sycamores,Illinois State Redbirds,MVC,0,1,0,0.97251,1.049650039660815
3970,Illinois State Redbirds,Indiana State Sycamores,MVC,1,0,0,0.90618,0.8692257539831513
3971,Georgia Bulldogs,Kansas State Wildcats,SEC,0,1,0,0.81944,0.8177521546928319
3972,Kansas State Wildcats,Georgia Bulldogs,Big 12,1,0,0,0.75914,0.7517691501950244
3973,Air Force Falcons,San Diego State Aztecs,Mountain West,0,1,0,0.86924,0.9968993482736489
3974,San Diego State Aztecs,Air Force Falcons,Mountain West,1,0,0,0.91405,0.8323519290182392
3975,Marquette Golden Eagles,DePaul Blue Demons,Big East,0,0,1,0.93063,0.8359373986523535
3976,DePaul Blue Demons,Marquette Golden Eagles,Big East,0,0,1,1.01504,1.0015114681897301
3977,South Florida Bulls,SMU Mustangs,American,0,1,0,0.76136,0.8464045192786096
3978,SMU Mustangs,South Florida Bulls,American,1,0,0,1.28048,1.2194625493675635
3979,Indiana Hoosiers,Nebraska Cornhuskers,Big Ten,0,1,0,1.09682,1.1099117188505878
3980,Nebraska Cornhuskers,Indiana Hoosiers,Big Ten,1,0,0,0.98873,0.8516138003232852
3981,Gardner-Webb Runnin' Bulldogs,Presbyterian Blue Hose,Big South,0,1,0,1.35216,1.2367434196288252
3982,Presbyterian Blue Hose,Gardner-Webb Runnin' Bulldogs,Big South,1,0,0,1.06428,0.961341772616051
3983,Cornell Big Red,Syracuse Orange,Ivy,0,1,0,0.72521,0.8626149030090259
3984,Syracuse Orange,Cornell Big Red,ACC,1,0,0,1.01117,0.8918797691751386
3985,Missouri State Bears,Southern Illinois Salukis,MVC,0,1,0,0.96586,0.9423620989199621
3986,Southern Illinois Salukis,Missouri State Bears,MVC,1,0,0,0.89675,0.8114461262235705
3987,Fresno State Bulldogs,New Mexico Lobos,Mountain West,0,1,0,1.04624,1.1004645612857245
3988,New Mexico Lobos,Fresno State Bulldogs,Mountain West,1,0,0,1.35281,1.2851125039012274
3989,Coastal Carolina Chanticleers,High Point Panthers,Big South,0,1,0,1.33423,1.3232586103060475
3990,High Point Panthers,Coastal Carolina Chanticleers,Big South,1,0,0,1.05658,1.047266825116341
3991,Creighton Bluejays,Providence Friars,Big East,0,1,0,0.90269,0.9145485882253268
3992,Providence Friars,Creighton Bluejays,Big East,1,0,0,1.07405,0.9539144560616736
3993,UNLV Rebels,Wyoming Cowboys,Mountain West,0,1,0,1.24761,1.2992867396646908
3994,Wyoming Cowboys,UNLV Rebels,Mountain West,1,0,0,1.33367,1.3497959179585313
3995,San José State Spartans,Utah State Aggies,Mountain West,0,1,0,0.57754,0.5761800450670248
3996,Utah State Aggies,San José State Spartans,Mountain West,1,0,0,1.06257,0.9480175243227663
3997,Northern Iowa Panthers,Evansville Purple Aces,MVC,0,1,0,0.92668,0.9412201731054866
3998,Evansville Purple Aces,Northern Iowa Panthers,MVC,1,0,0,0.95029,0.9733933232200415
3999,Jacksonville State Gamecocks,SIU Edwardsville Cougars,OVC,0,1,0,0.85064,0.8454094419561823
4000,SIU Edwardsville Cougars,Jacksonville State Gamecocks,OVC,1,0,0,1.06263,0.9737072926344881
4001,Southeast Missouri State Redhawks,Belmont Bruins,OVC,0,1,0,1.17195,1.1564729194912946
4002,Belmont Bruins,Southeast Missouri State Redhawks,OVC,1,0,0,1.21196,1.1714181461014403
4003,North Dakota Fighting Hawks,Montana State Bobcats,Big Sky,0,1,0,1.0757,1.012975109748083
4004,Montana State Bobcats,North Dakota Fighting Hawks,Big Sky,1,0,0,0.95333,0.8536833310454486
4005,Pacific Tigers,Loyola Marymount Lions,WCC,0,1,0,1.41511,1.288697369826242
4006,Loyola Marymount Lions,Pacific Tigers,WCC,1,0,0,1.16027,1.0028737171751192
4007,Tennessee Tech Golden Eagles,Eastern Illinois Panthers,OVC,0,1,0,0.93402,0.9268393467296717
4008,Eastern Illinois Panthers,Tennessee Tech Golden Eagles,OVC,1,0,0,0.97218,0.8801046930141949
4009,BYU Cougars,Santa Clara Broncos,WCC,0,1,0,1.27224,1.1877508047248988
4010,Santa Clara Broncos,BYU Cougars,WCC,1,0,0,0.70883,0.6348300913472823
4011,Weber State Wildcats,Eastern Washington Eagles,Big Sky,0,1,0,1.18302,1.1333614320344556
4012,Eastern Washington Eagles,Weber State Wildcats,Big Sky,1,0,0,1.27775,1.2069656039746752
4013,Saint Mary's Gaels,Pepperdine Waves,WCC,0,1,0,1.16273,1.180323214936665
4014,Pepperdine Waves,Saint Mary's Gaels,WCC,1,0,0,1.00817,0.9570758402667487
4015,Northern Colorado Bears,Montana Grizzlies,Big Sky,0,1,0,0.86147,0.8437350957594529
4016,Montana Grizzlies,Northern Colorado Bears,Big Sky,1,0,0,1.15352,0.9728862318584143
4017,San Diego Toreros,San Francisco Dons,WCC,0,1,0,0.92369,0.8941444256147102
4018,San Francisco Dons,San Diego Toreros,WCC,1,0,0,0.98803,0.9642127675006207
4019,Southern Utah Thunderbirds,Portland State Vikings,Big Sky,0,1,0,1.05032,1.0035179663786904
4020,Portland State Vikings,Southern Utah Thunderbirds,Big Sky,1,0,0,1.10123,0.9693705418325214
4021,Idaho State Bengals,Idaho Vandals,Big Sky,0,1,0,0.92032,0.8498159830572187
4022,Idaho Vandals,Idaho State Bengals,Big Sky,1,0,0,1.29703,1.2148838525052839
4023,Northern Arizona Lumberjacks,Sacramento State Hornets,Big Sky,0,1,0,1.25233,1.1699834378489997
4024,Sacramento State Hornets,Northern Arizona Lumberjacks,Big Sky,1,0,0,1.29627,1.2696495561616856
4025,USC Trojans,Utah Utes,Pac-12,0,1,0,0.92109,1.0063635406127671
4026,Utah Utes,USC Trojans,Pac-12,1,0,0,1.35348,1.2894594649686366
4027,Washington Huskies,California Golden Bears,Pac-12,0,1,0,1.05233,1.0632661481507346
4028,California Golden Bears,Washington Huskies,Pac-12,1,0,0,1.17253,1.1210707224681133
4029,Washington State Cougars,Stanford Cardinal,Pac-12,0,1,0,0.95378,0.9277284227599117
4030,Stanford Cardinal,Washington State Cougars,Pac-12,1,0,0,1.18828,1.0431950255834748
4031,Youngstown State Penguins,UIC Flames,Horizon,0,1,0,1.06507,1.005004883479407
4032,UIC Flames,Youngstown State Penguins,Horizon,1,0,0,1.16109,1.01623475376691
4033,Saint Peter's Peacocks,Quinnipiac Bobcats,MAAC,0,1,0,1.01461,1.0453572797123516
4034,Quinnipiac Bobcats,Saint Peter's Peacocks,MAAC,1,0,0,0.90006,0.9053801666099436
4035,Rider Broncs,Marist Red Foxes,MAAC,0,1,0,1.09034,1.077419683743721
4036,Marist Red Foxes,Rider Broncs,MAAC,1,0,0,0.89537,0.9045769057702678
4037,Valparaiso Beacons,Oakland Golden Grizzlies,Horizon,0,0,1,1.03779,0.9626695927094273
4038,Oakland Golden Grizzlies,Valparaiso Beacons,Horizon,0,0,1,1.25214,1.2959408203334886
4039,Detroit Mercy Titans,Wright State Raiders,Horizon,0,1,0,0.95704,0.9362558958146628
4040,Wright State Raiders,Detroit Mercy Titans,Horizon,1,0,0,1.14218,1.11515766192208
4041,Milwaukee Panthers,Cleveland State Vikings,Horizon,0,1,0,0.99891,1.002273497082013
4042,Cleveland State Vikings,Milwaukee Panthers,Horizon,1,0,0,1.44104,1.3673807318221927
4043,Binghamton Bearcats,UMass Lowell River Hawks,AM. EAST,0,1,0,0.62041,0.6445208329420195
4044,UMass Lowell River Hawks,Binghamton Bearcats,AM. EAST,1,0,0,0.78297,0.7594821731743775
4045,VMI Keydets,East Tennessee State Buccaneers,Southern,0,1,0,1.09912,1.0350260076244882
4046,East Tennessee State Buccaneers,VMI Keydets,Southern,1,0,0,1.2323,1.106501033580026
4047,North Florida Ospreys,Alabama Crimson Tide,ASUN,0,1,0,0.98729,1.086285766596062
4048,Alabama Crimson Tide,North Florida Ospreys,SEC,1,0,0,1.23853,1.11134102019483
4049,UT Rio Grande Valley Vaqueros,Kent State Golden Flashes,WAC,0,1,0,0.90202,1.0312347310160783
4050,Kent State Golden Flashes,UT Rio Grande Valley Vaqueros,MAC,1,0,0,1.2538,1.1024123178144183
4051,Manhattan Jaspers,Niagara Purple Eagles,MAAC,0,0,1,0.98179,0.9055882665469084
4052,Niagara Purple Eagles,Manhattan Jaspers,MAAC,0,0,1,1.17421,1.2184191345954822
4053,Siena Saints,Fairfield Stags,MAAC,0,0,1,1.06229,1.0750037892479778
4054,Fairfield Stags,Siena Saints,MAAC,0,0,1,1.07903,0.9981243797769427
4055,Monmouth Hawks,Canisius Golden Griffins,MAAC,0,1,0,1.15425,1.2207666771237806
4056,Canisius Golden Griffins,Monmouth Hawks,MAAC,1,0,0,1.09109,1.095807946880716
4057,UTSA Roadrunners,Rice Owls,CUSA,0,1,0,0.97282,0.9748145619542647
4058,Rice Owls,UTSA Roadrunners,CUSA,1,0,0,1.24985,1.1617905626473468
4059,UTEP Miners,North Texas Mean Green,CUSA,0,1,0,1.32231,1.3406120246028403
4060,North Texas Mean Green,UTEP Miners,CUSA,1,0,0,1.09276,1.131389984027186
4061,Florida State Seminoles,Mississippi State Bulldogs,ACC,0,0,1,0.96516,0.9315065255620815
4062,Mississippi State Bulldogs,Florida State Seminoles,SEC,0,0,1,1.06363,1.038454791624333
4063,UC Riverside Highlanders,Northern Illinois Huskies,Big West,0,1,0,0.95815,0.9583846814681792
4064,Northern Illinois Huskies,UC Riverside Highlanders,MAC,1,0,0,1.06534,1.0005193746236394
4065,Purdue Fort Wayne Mastodons,Western Illinois Leathernecks,Summit,0,1,0,0.97529,0.956170742688804
4066,Western Illinois Leathernecks,Purdue Fort Wayne Mastodons,Summit,1,0,0,1.07343,1.0177731513839887
4067,Omaha Mavericks,South Dakota Coyotes,Summit,0,1,0,1.19127,1.1596542692342278
4068,South Dakota Coyotes,Omaha Mavericks,Summit,1,0,0,1.05316,1.0226154501574598
4069,Oral Roberts Golden Eagles,North Dakota State Bison,Summit,0,1,0,1.12779,1.1494448976076292
4070,North Dakota State Bison,Oral Roberts Golden Eagles,Summit,1,0,0,1.23355,1.1733014451009438
4071,South Dakota State Jackrabbits,Denver Pioneers,Summit,0,1,0,1.17674,1.1640533989445574
4072,Denver Pioneers,South Dakota State Jackrabbits,Summit,1,0,0,1.27196,1.302089476626369
4073,Vermont Catamounts,UC Santa Barbara Gauchos,AM. EAST,0,1,0,1.03225,1.1103405287187595
4074,UC Santa Barbara Gauchos,Vermont Catamounts,Big West,1,0,0,1.13148,1.1546194000600458
4075,Morgan State Bears,Cal State Northridge Matadors,MEAC,0,1,0,1.06997,1.095013699974672
4076,Cal State Northridge Matadors,Morgan State Bears,Big West,1,0,0,1.31985,1.2090264971136304
4077,UCLA Bruins,Colorado Buffaloes,Pac-12,0,1,0,0.81699,0.8107580048924536
4078,Colorado Buffaloes,UCLA Bruins,Pac-12,1,0,0,0.90962,0.8712459077426827
4079,Boston College Eagles,Duke Blue Devils,ACC,0,1,0,1.01866,1.058808430319219
4080,Duke Blue Devils,Boston College Eagles,ACC,1,0,0,1.36723,1.2637955384949344
4081,Virginia Cavaliers,Miami Hurricanes,ACC,0,1,0,1.25011,1.228154469750457
4082,Miami Hurricanes,Virginia Cavaliers,ACC,1,0,0,1.13286,1.2146995136934056
4083,Villanova Wildcats,Seton Hall Pirates,Big East,0,0,1,0.91559,0.8745705448346736
4084,Seton Hall Pirates,Villanova Wildcats,Big East,0,0,1,0.99006,1.0582204410893015
4085,Gonzaga Bulldogs,Portland Pilots,WCC,0,1,0,1.36648,1.306393298899968
4086,Portland Pilots,Gonzaga Bulldogs,WCC,1,0,0,1.14486,1.1751572494642304
4087,South Carolina Gamecocks,Iowa State Cyclones,SEC,0,0,1,0.94643,0.9519693965194747
4088,Iowa State Cyclones,South Carolina Gamecocks,Big 12,0,0,1,0.86183,0.8958489129270744
4089,Texas Longhorns,Texas Tech Red Raiders,Big 12,0,1,0,1.10547,1.0683570851847817
4090,Texas Tech Red Raiders,Texas Longhorns,Big 12,1,0,0,0.95638,0.9402768534682462
4091,Minnesota Golden Gophers,Maryland Terrapins,Big Ten,0,1,0,0.84807,0.8631428060932578
4092,Maryland Terrapins,Minnesota Golden Gophers,Big Ten,1,0,0,1.05188,0.980143712821091
4093,Georgia Tech Yellow Jackets,Notre Dame Fighting Irish,ACC,0,0,1,1.05951,1.0198080500142248
4094,Notre Dame Fighting Irish,Georgia Tech Yellow Jackets,ACC,0,0,1,1.11935,1.1170901300351057
4095,Butler Bulldogs,St. John's Red Storm,Big East,0,1,0,1.23045,1.2296572025084296
4096,St. John's Red Storm,Butler Bulldogs,Big East,1,0,0,1.13439,1.1740933605741628
4097,West Virginia Mountaineers,TCU Horned Frogs,Big 12,0,1,0,1.13923,1.1383784578785452
4098,TCU Horned Frogs,West Virginia Mountaineers,Big 12,1,0,0,1.01559,1.0070271981051708
4099,Baylor Bears,Oklahoma Sooners,Big 12,0,1,0,1.02667,1.0967991704323328
4100,Oklahoma Sooners,Baylor Bears,Big 12,1,0,0,1.22648,1.2308738369726417
4101,North Carolina Tar Heels,Clemson Tigers,ACC,0,1,0,1.27453,1.284448313124752
4102,Clemson Tigers,North Carolina Tar Heels,ACC,1,0,0,0.8646,0.8412741772710642
4103,Illinois Fighting Illini,Ohio State Buckeyes,Big Ten,0,1,0,0.92036,0.9566041453182701
4104,Ohio State Buckeyes,Illinois Fighting Illini,Big Ten,1,0,0,1.13481,1.1131198955716093
4105,Colorado State Rams,New Mexico Lobos,Mountain West,0,1,0,0.83296,0.8871845612857242
4106,New Mexico Lobos,Colorado State Rams,Mountain West,1,0,0,1.03602,1.050377618352832
4107,Creighton Bluejays,Georgetown Hoyas,Big East,0,1,0,1.01245,1.0141554850956527
4108,Georgetown Hoyas,Creighton Bluejays,Big East,1,0,0,1.24947,1.1293344560616736
4109,SMU Mustangs,Cincinnati Bearcats,American,0,1,0,0.88337,1.0122103702055643
4110,Cincinnati Bearcats,SMU Mustangs,American,1,0,0,1.04916,1.1010263688840025
4111,Syracuse Orange,Virginia Tech Hokies,ACC,0,1,0,1.10126,0.9977482956696707
4112,Virginia Tech Hokies,Syracuse Orange,ACC,1,0,0,1.08302,1.0920727386405513
4113,Pittsburgh Panthers,NC State Wolfpack,ACC,0,1,0,0.94217,0.9182443859811839
4114,NC State Wolfpack,Pittsburgh Panthers,ACC,1,0,0,1.22211,1.0898612607691713
4115,Kansas State Wildcats,Oklahoma State Cowboys,Big 12,0,1,0,0.85832,0.8639841676189406
4116,Oklahoma State Cowboys,Kansas State Wildcats,Big 12,1,0,0,1.10932,1.0634333229154607
4117,Duquesne Dukes,Dayton Flyers,A-10,0,1,0,0.82696,0.8920485358520802
4118,Dayton Flyers,Duquesne Dukes,A-10,1,0,0,1.24668,1.0950179783553782
4119,High Point Panthers,Winthrop Eagles,Big South,0,1,0,1.09675,1.1048468565294967
4120,Winthrop Eagles,High Point Panthers,Big South,1,0,0,1.03928,0.9951304599114402
4121,Florida A&M Rattlers,Stetson Hatters,MEAC,0,1,0,0.9711,0.9326690454731975
4122,Stetson Hatters,Florida A&M Rattlers,ASUN,1,0,0,1.03593,0.8998493462321454
4123,Lehigh Mountain Hawks,Boston University Terriers,Patriot,0,1,0,0.85333,0.7919508316234237
4124,Boston University Terriers,Lehigh Mountain Hawks,Patriot,1,0,0,1.16954,1.1722942607644211
4125,Holy Cross Crusaders,American University Eagles,Patriot,0,1,0,0.87761,0.9107108424332901
4126,American University Eagles,Holy Cross Crusaders,Patriot,1,0,0,0.95981,0.9111651025190628
4127,George Washington Revolutionaries,Saint Joseph's Hawks,A-10,0,1,0,1.08295,1.1101100175513796
4128,Saint Joseph's Hawks,George Washington Revolutionaries,A-10,1,0,0,1.00741,1.030520833539144
4129,Hofstra Pride,UNC Wilmington Seahawks,CAA,0,1,0,1.04289,1.0651841753624973
4130,UNC Wilmington Seahawks,Hofstra Pride,CAA,1,0,0,0.85034,0.7946974430499597
4131,Northeastern Huskies,Delaware Blue Hens,CAA,0,1,0,1.15884,1.089867173160001
4132,Delaware Blue Hens,Northeastern Huskies,CAA,1,0,0,0.87911,0.8835330351266779
4133,Charleston Cougars,William & Mary Tribe,CAA,0,1,0,0.76344,0.7280352652946255
4134,William & Mary Tribe,Charleston Cougars,CAA,1,0,0,1.26089,1.219244700023472
4135,Norfolk State Spartans,Georgia Bulldogs,MEAC,0,1,0,0.89001,1.083466819473943
4136,Georgia Bulldogs,Norfolk State Spartans,SEC,1,0,0,1.10778,0.9699505715205434
4137,Austin Peay Governors,Ole Miss Rebels,OVC,0,0,1,0.92274,0.9978049470033576
4138,Ole Miss Rebels,Austin Peay Governors,SEC,0,0,1,1.35972,1.250660047353464
4139,Utah State Aggies,Boise State Broncos,Mountain West,0,1,0,1.00975,1.0747935495746472
4140,Boise State Broncos,Utah State Aggies,Mountain West,1,0,0,1.04441,1.009871894672418
4141,Yale Bulldogs,Vanderbilt Commodores,Ivy,0,1,0,1.01212,1.0565726440642889
4142,Vanderbilt Commodores,Yale Bulldogs,SEC,1,0,0,1.14358,1.1116067324019039
4143,Gardner-Webb Runnin' Bulldogs,UNC Asheville Bulldogs,Big South,0,1,0,0.86387,0.8468039435625456
4144,UNC Asheville Bulldogs,Gardner-Webb Runnin' Bulldogs,Big South,1,0,0,1.22693,1.1239917726160513
4145,Charleston Southern Buccaneers,Coastal Carolina Chanticleers,Big South,0,1,0,1.23452,1.2583849755109482
4146,Coastal Carolina Chanticleers,Charleston Southern Buccaneers,Big South,1,0,0,1.37673,1.2862645399217933
4147,The Citadel Bulldogs,Western Carolina Catamounts,Southern,0,1,0,1.18912,1.1073946722757275
4148,Western Carolina Catamounts,The Citadel Bulldogs,Southern,1,0,0,1.26716,1.008354360528205
4149,Xavier Musketeers,DePaul Blue Demons,Big East,0,0,1,1.11233,1.0176373986523535
4150,DePaul Blue Demons,Xavier Musketeers,Big East,0,0,1,1.16507,1.1502704232882248
4151,Providence Friars,Marquette Golden Eagles,Big East,0,1,0,0.98158,0.9680514681897304
4152,Marquette Golden Eagles,Providence Friars,Big East,1,0,0,1.15638,1.1350604378307196
4153,Bethune-Cookman Wildcats,Ball State Cardinals,MEAC,0,1,0,0.85324,0.8973057664222529
4154,Ball State Cardinals,Bethune-Cookman Wildcats,MAC,1,0,0,0.89196,0.7738931028834334
4155,Army Black Knights,Loyola Maryland Greyhounds,Patriot,0,1,0,1.1511,1.1497124553852198
4156,Loyola Maryland Greyhounds,Army Black Knights,Patriot,1,0,0,0.80151,0.7543563852073276
4157,Navy Midshipmen,Lafayette Leopards,Patriot,0,1,0,1.14597,1.052931328088739
4158,Lafayette Leopards,Navy Midshipmen,Patriot,1,0,0,1.08926,1.0481918382783728
4159,Bucknell Bison,Colgate Raiders,Patriot,0,1,0,1.14754,1.112023779203582
4160,Colgate Raiders,Bucknell Bison,Patriot,1,0,0,1.23231,1.187152582005187
4161,UConn Huskies,Florida Gators,American,0,1,0,1.09741,1.239716134688031
4162,Florida Gators,UConn Huskies,SEC,1,0,0,1.04521,1.0061155656627603
4163,Michigan Wolverines,Purdue Boilermakers,Big Ten,0,1,0,0.84594,0.8425010661646627
4164,Purdue Boilermakers,Michigan Wolverines,Big Ten,1,0,0,1.04571,0.9922938238752295
4165,Little Rock Trojans,Georgia State Panthers,Sun Belt,0,1,0,1.14015,1.22304941441367
4166,Georgia State Panthers,Little Rock Trojans,Sun Belt,1,0,0,1.41888,1.3474981131027999
4167,New Hampshire Wildcats,Stony Brook Seawolves,AM. EAST,0,1,0,1.03018,1.1252253279792466
4168,Stony Brook Seawolves,New Hampshire Wildcats,AM. EAST,1,0,0,1.21323,1.2645722566253508
4169,Rhode Island Rams,Saint Louis Billikens,A-10,0,1,0,1.05203,0.9918257766661444
4170,Saint Louis Billikens,Rhode Island Rams,A-10,1,0,0,0.86371,0.920319714075498
4171,Utah Valley Wolverines,Arkansas Razorbacks,WAC,0,1,0,0.66074,0.8294467292784957
4172,Arkansas Razorbacks,Utah Valley Wolverines,SEC,1,0,0,1.12728,0.9620613410566643
4173,Wofford Terriers,Samford Bulldogs,Southern,0,0,1,1.13297,1.02562619901773
4174,Samford Bulldogs,Wofford Terriers,Southern,0,0,1,1.05203,1.0849172368397095
4175,St. Francis Brooklyn Terriers,Sacred Heart Pioneers,NEC,0,1,0,1.15988,1.156301045333346
4176,Sacred Heart Pioneers,St. Francis Brooklyn Terriers,NEC,1,0,0,1.12604,1.1267352478512112
4177,Fairleigh Dickinson Knights,Central Connecticut Blue Devils,NEC,0,1,0,1.19188,1.131947674639192
4178,Central Connecticut Blue Devils,Fairleigh Dickinson Knights,NEC,1,0,0,1.0639,0.9989406430614742
4179,Cornell Big Red,Buffalo Bulls,Ivy,0,1,0,1.06026,1.1066488448876648
4180,Buffalo Bulls,Cornell Big Red,MAC,1,0,0,1.34597,1.2886908532852068
4181,Kansas City Roos,Miami (OH) RedHawks,WAC,0,1,0,0.98667,1.0647192614751215
4182,Miami (OH) RedHawks,Kansas City Roos,MAC,1,0,0,1.10247,0.9791989757727425
4183,St. Bonaventure Bonnies,Massachusetts Minutemen,A-10,0,1,0,1.1294,1.1227577108844984
4184,Massachusetts Minutemen,St. Bonaventure Bonnies,A-10,1,0,0,0.88413,0.8628433277631614
4185,Towson Tigers,James Madison Dukes,CAA,0,1,0,0.96451,0.9351532643603773
4186,James Madison Dukes,Towson Tigers,CAA,1,0,0,1.10777,1.0286972421604594
4187,Elon Phoenix,Drexel Dragons,CAA,0,1,0,1.21307,1.190441321257997
4188,Drexel Dragons,Elon Phoenix,CAA,1,0,0,1.02094,0.9823193760587591
4189,Wagner Seahawks,St. Francis (PA) Red Flash,NEC,0,1,0,1.06934,1.1238156167311841
4190,St. Francis (PA) Red Flash,Wagner Seahawks,NEC,1,0,0,1.35054,1.2992787102090833
4191,Mount St. Mary's Mountaineers,Robert Morris Colonials,NEC,0,1,0,0.68571,0.702897531106673
4192,Robert Morris Colonials,Mount St. Mary's Mountaineers,NEC,1,0,0,1.05007,1.0653936834115507
4193,Hampton Pirates,South Carolina Upstate Spartans,MEAC,0,1,0,0.92334,0.9876780200941959
4194,South Carolina Upstate Spartans,Hampton Pirates,ASUN,1,0,0,1.14247,1.1450071687037569
4195,Toledo Rockets,Northern Kentucky Norse,MAC,0,1,0,0.96576,0.8442267222723249
4196,Northern Kentucky Norse,Toledo Rockets,ASUN,1,0,0,0.93309,0.9333308918331094
4197,Saint Mary's Gaels,Loyola Marymount Lions,WCC,0,1,0,1.31487,1.188457369826242
4198,Loyola Marymount Lions,Saint Mary's Gaels,WCC,1,0,0,1.12835,1.0772558402667487
4199,Drake Bulldogs,Missouri State Bears,MVC,0,1,0,0.67193,0.6198042766181776
4200,Missouri State Bears,Drake Bulldogs,MVC,1,0,0,1.16324,1.0028814443761755
4201,Jacksonville State Gamecocks,Eastern Illinois Panthers,OVC,0,1,0,0.7769,0.7697193467296718
4202,Eastern Illinois Panthers,Jacksonville State Gamecocks,OVC,1,0,0,0.93744,0.8485172926344882
4203,Stephen F. Austin Lumberjacks,McNeese Cowboys,Southland,0,1,0,1.45586,1.3992773481036136
4204,McNeese Cowboys,Stephen F. Austin Lumberjacks,Southland,1,0,0,1.35446,1.392745350778477
4205,Bryant Bulldogs,Long Island University Sharks,NEC,0,0,1,1.02574,1.0421927800693886
4206,Long Island University Sharks,Bryant Bulldogs,NEC,0,0,1,0.96792,0.924880678457823
4207,Northern Colorado Bears,Montana State Bobcats,Big Sky,0,1,0,1.13623,1.073505109748083
4208,Montana State Bobcats,Northern Colorado Bears,Big Sky,1,0,0,0.99171,0.8110762318584142
4209,Hartford Hawks,Texas A&M Aggies,AM. EAST,0,1,0,0.74145,0.8872061235120904
4210,Texas A&M Aggies,Hartford Hawks,SEC,1,0,0,0.89005,0.7599972096712602
4211,Richmond Spiders,Davidson Wildcats,A-10,0,1,0,1.14338,1.1187590117847512
4212,Davidson Wildcats,Richmond Spiders,A-10,1,0,0,1.40344,1.4297127430521182
4213,Radford Highlanders,Longwood Lancers,Big South,0,1,0,1.05828,0.9790171320743426
4214,Longwood Lancers,Radford Highlanders,Big South,1,0,0,1.2075,1.1597437069223522
4215,Mercer Bears,UNC Greensboro Spartans,Southern,0,1,0,1.28101,1.2019944754226675
4216,UNC Greensboro Spartans,Mercer Bears,Southern,1,0,0,0.88359,0.7940494411888673
4217,Lipscomb Bisons,Missouri Tigers,ASUN,0,1,0,0.87732,0.8898263247052944
4218,Missouri Tigers,Lipscomb Bisons,SEC,1,0,0,1.07697,0.892643919794237
4219,Idaho State Bengals,Eastern Washington Eagles,Big Sky,0,1,0,0.98499,0.9353314320344558
4220,Eastern Washington Eagles,Idaho State Bengals,Big Sky,1,0,0,1.1173,1.035153852505284
4221,Incarnate Word Cardinals,Sam Houston Bearkats,Southland,0,1,0,1.10997,1.2257984305169827
4222,Sam Houston Bearkats,Incarnate Word Cardinals,Southland,1,0,0,1.16729,1.078519289922268
4223,Grambling Tigers,Alabama State Hornets,SWAC,0,1,0,0.76819,0.8449662090144575
4224,Alabama State Hornets,Grambling Tigers,SWAC,1,0,0,1.07498,0.9878218828765938
4225,Air Force Falcons,Nevada Wolf Pack,Mountain West,0,1,0,1.11504,1.1023755239581337
4226,Nevada Wolf Pack,Air Force Falcons,Mountain West,1,0,0,1.42694,1.3452419290182394
4227,Tulane Green Wave,Memphis Tigers,American,0,1,0,1.22979,1.3165804627209263
4228,Memphis Tigers,Tulane Green Wave,American,1,0,0,1.04674,1.0186269853511682
4229,Texas Southern Tigers,Alcorn State Braves,SWAC,0,0,1,1.14609,1.1086177250435423
4230,Alcorn State Braves,Texas Southern Tigers,SWAC,0,0,1,0.89743,0.9321968150672638
4231,Prairie View A&M Panthers,Southern Jaguars,SWAC,0,1,0,0.94208,1.0467611765476668
4232,Southern Jaguars,Prairie View A&M Panthers,SWAC,1,0,0,1.17274,1.2271649102194775
4233,La Salle Explorers,George Mason Patriots,A-10,0,1,0,1.01931,0.9798894188580097
4234,George Mason Patriots,La Salle Explorers,A-10,1,0,0,1.20008,1.2523796135171565
4235,Maine Black Bears,UAlbany Great Danes,AM. EAST,0,1,0,0.94025,0.985720675309953
4236,UAlbany Great Danes,Maine Black Bears,AM. EAST,1,0,0,1.35194,1.2712416987163064
4237,South Carolina State Bulldogs,Eastern Kentucky Colonels,MEAC,0,1,0,0.90038,1.0142915804634665
4238,Eastern Kentucky Colonels,South Carolina State Bulldogs,OVC,1,0,0,1.11531,1.0386614555132212
4239,Texas State Bobcats,Georgia Southern Eagles,Sun Belt,0,1,0,0.63993,0.7047311110561176
4240,Georgia Southern Eagles,Texas State Bobcats,Sun Belt,1,0,0,0.72088,0.7762622466408517
4241,Cal State Bakersfield Roadrunners,North Carolina A&T Aggies,WAC,0,1,0,1.13577,1.1643812661333146
4242,North Carolina A&T Aggies,Cal State Bakersfield Roadrunners,MEAC,1,0,0,1.32686,1.3527361939037392
4243,Presbyterian Blue Hose,Liberty Flames,Big South,0,1,0,1.01419,0.9700404910897057
4244,Liberty Flames,Presbyterian Blue Hose,Big South,1,0,0,0.9707,0.8221052692342178
4245,Furman Paladins,Chattanooga Mocs,Southern,0,1,0,0.95333,0.9218308864954137
4246,Chattanooga Mocs,Furman Paladins,Southern,1,0,0,1.22469,1.0625873760178304
4247,Coppin State Eagles,Akron Zips,MEAC,0,1,0,0.86852,1.004446850702967
4248,Akron Zips,Coppin State Eagles,MAC,1,0,0,1.10192,0.9180903190699957
4249,Chicago State Cougars,Bowling Green Falcons,WAC,0,1,0,0.70437,0.8631175239505009
4250,Bowling Green Falcons,Chicago State Cougars,MAC,1,0,0,1.18094,1.0810326766102052
4251,East Carolina Pirates,South Florida Bulls,American,0,1,0,0.96737,0.9395306997621704
4252,South Florida Bulls,East Carolina Pirates,American,1,0,0,1.10008,1.0251690398722106
4253,Savannah State Tigers,LSU Tigers,MEAC,0,1,0,0.86366,1.0514049958514209
4254,LSU Tigers,Savannah State Tigers,SEC,1,0,0,1.10784,0.9747509176717224
4255,Nicholls Colonels,Lamar Cardinals,Southland,0,1,0,0.85882,0.8289038571154597
4256,Lamar Cardinals,Nicholls Colonels,Southland,1,0,0,1.05007,0.996237281303943
4257,Murray State Racers,Morehead State Eagles,OVC,0,1,0,1.08782,1.1273688193353792
4258,Morehead State Eagles,Murray State Racers,OVC,1,0,0,0.94426,0.9344114291523447
4259,Tennessee Tech Golden Eagles,SIU Edwardsville Cougars,OVC,0,1,0,0.94808,0.9428494419561824
4260,SIU Edwardsville Cougars,Tennessee Tech Golden Eagles,OVC,1,0,0,1.34644,1.254364693014195
4261,Penn State Nittany Lions,Rutgers Scarlet Knights,Big Ten,0,1,0,0.75483,0.694393785665405
4262,Rutgers Scarlet Knights,Penn State Nittany Lions,Big Ten,1,0,0,0.83574,0.8079620413369748
4263,Jackson State Tigers,Alabama A&M Bulldogs,SWAC,0,1,0,1.22673,1.2159315761380929
4264,Alabama A&M Bulldogs,Jackson State Tigers,SWAC,1,0,0,1.11204,1.1713810552961996
4265,Northwestern State Demons,Houston Christian Huskies,Southland,0,1,0,1.44352,1.3632446888989493
4266,Houston Christian Huskies,Northwestern State Demons,Southland,1,0,0,1.13478,0.9987202813453031
4267,Oregon State Beavers,Oregon Ducks,Pac-12,0,1,0,0.94377,0.9274561544477488
4268,Oregon Ducks,Oregon State Beavers,Pac-12,1,0,0,1.1636,1.1896582597552328
4269,Louisiana Tech Bulldogs,Southern Miss Golden Eagles,CUSA,0,1,0,1.42671,1.3606129028408773
4270,Southern Miss Golden Eagles,Louisiana Tech Bulldogs,CUSA,1,0,0,1.17683,1.2112211119808591
4271,Pacific Tigers,Pepperdine Waves,WCC,0,1,0,1.02619,1.0437832149366648
4272,Pepperdine Waves,Pacific Tigers,WCC,1,0,0,1.21482,1.0574237171751193
4273,Southern Illinois Salukis,Bradley Braves,MVC,0,1,0,0.75087,0.7529226219512802
4274,Bradley Braves,Southern Illinois Salukis,MVC,1,0,0,1.08723,1.0305539485253548
4275,App State Mountaineers,Arkansas State Red Wolves,Sun Belt,0,1,0,1.14435,1.1378906793592358
4276,Arkansas State Red Wolves,App State Mountaineers,Sun Belt,1,0,0,1.14936,1.0892286168315244
4277,South Alabama Jaguars,UT Arlington Mavericks,Sun Belt,0,1,0,1.21939,1.2366784158302915
4278,UT Arlington Mavericks,South Alabama Jaguars,Sun Belt,1,0,0,1.3491,1.2743947696807476
4279,Mississippi Valley State Delta Devils,Arkansas-Pine Bluff Golden Lions,SWAC,0,1,0,1.05553,1.091665641958189
4280,Arkansas-Pine Bluff Golden Lions,Mississippi Valley State Delta Devils,SWAC,1,0,0,0.94127,0.8628676398700871
4281,Troy Trojans,Louisiana Ragin' Cajuns,Sun Belt,0,1,0,0.90481,0.9501266923312047
4282,Louisiana Ragin' Cajuns,Troy Trojans,Sun Belt,1,0,0,1.32836,1.2740329039234655
4283,Southeast Missouri State Redhawks,Tennessee State Tigers,OVC,0,1,0,1.20072,1.1732370614390861
4284,Tennessee State Tigers,Southeast Missouri State Redhawks,OVC,1,0,0,0.9851,0.9445581461014405
4285,UC Irvine Anteaters,New Mexico State Aggies,Big West,0,1,0,1.15549,1.2114522449782665
4286,New Mexico State Aggies,UC Irvine Anteaters,WAC,1,0,0,1.21124,1.3484232793911695
4287,Seattle U Redhawks,Cal State Fullerton Titans,WAC,0,1,0,0.94168,0.9952774900072636
4288,Cal State Fullerton Titans,Seattle U Redhawks,Big West,1,0,0,1.13816,1.1013267347270965
4289,North Dakota Fighting Hawks,Montana Grizzlies,Big Sky,0,1,0,1.0165,0.9987650957594529
4290,Montana Grizzlies,North Dakota Fighting Hawks,Big Sky,1,0,0,1.19176,1.0921133310454485
4291,San Diego State Aztecs,Fresno State Bulldogs,Mountain West,0,1,0,0.93181,0.8972906542958344
4292,Fresno State Bulldogs,San Diego State Aztecs,Mountain West,1,0,0,0.9403,1.0347811978790418
4293,Wyoming Cowboys,San José State Spartans,Mountain West,0,1,0,1.20773,1.1263556747173735
4294,San José State Spartans,Wyoming Cowboys,Mountain West,1,0,0,1.08507,1.1035685892700835
4295,San Diego Toreros,Santa Clara Broncos,WCC,0,1,0,1.09075,1.0062608047248989
4296,Santa Clara Broncos,San Diego Toreros,WCC,1,0,0,1.14235,1.1185327675006207
4297,Southern Utah Thunderbirds,Sacramento State Hornets,Big Sky,0,1,0,1.22838,1.1460334378489998
4298,Sacramento State Hornets,Southern Utah Thunderbirds,Big Sky,1,0,0,1.60861,1.4767505418325215
4299,Weber State Wildcats,Idaho Vandals,Big Sky,0,1,0,1.35281,1.2823059830572188
4300,Idaho Vandals,Weber State Wildcats,Big Sky,1,0,0,1.36394,1.2931556039746752
4301,Northern Arizona Lumberjacks,Portland State Vikings,Big Sky,0,1,0,1.27587,1.2290679663786905
4302,Portland State Vikings,Northern Arizona Lumberjacks,Big Sky,1,0,0,1.08507,1.0584495561616856
4303,BYU Cougars,San Francisco Dons,WCC,0,1,0,1.5625,1.5329544256147103
4304,San Francisco Dons,BYU Cougars,WCC,1,0,0,1.06934,0.9953400913472823
4305,Wisconsin Badgers,Northwestern Wildcats,Big Ten,0,1,0,1.34784,1.268364721327222
4306,Northwestern Wildcats,Wisconsin Badgers,Big Ten,1,0,0,0.9364,0.9409206589497425
4307,Louisville Cardinals,Wake Forest Demon Deacons,ACC,0,1,0,1.26488,1.2131042767377347
4308,Wake Forest Demon Deacons,Louisville Cardinals,ACC,1,0,0,1.11377,1.167455069549806
4309,Arizona State Sun Devils,Arizona Wildcats,Pac-12,0,1,0,0.75774,0.8759275717453718
4310,Arizona Wildcats,Arizona State Sun Devils,Pac-12,1,0,0,1.1459,1.1112733001638087
4311,UCLA Bruins,Utah Utes,Pac-12,0,1,0,0.68163,0.7669035406127672
4312,Utah Utes,UCLA Bruins,Pac-12,1,0,0,1.24593,1.2075559077426825
4313,UNLV Rebels,Kansas Jayhawks,Mountain West,0,1,0,0.93499,1.0619958083472845
4314,Kansas Jayhawks,UNLV Rebels,Big 12,1,0,0,1.17878,1.114476521307144
4315,Illinois State Redbirds,Wichita State Shockers,MVC,0,1,0,1.04911,1.1397699321242167
4316,Wichita State Shockers,Illinois State Redbirds,MVC,1,0,0,1.24092,1.284881889266208
4317,Washington Huskies,Stanford Cardinal,Pac-12,0,1,0,0.86374,0.8376884227599117
4318,Stanford Cardinal,Washington Huskies,Pac-12,1,0,0,1.05407,1.0026107224681133
4319,Loyola Chicago Ramblers,Northern Iowa Panthers,MVC,0,1,0,0.9238,0.9800814736146486
4320,Northern Iowa Panthers,Loyola Chicago Ramblers,MVC,1,0,0,1.12785,1.1147298750769303
4321,UCF Knights,Temple Owls,American,0,1,0,1.11915,1.21167804401848
4322,Temple Owls,UCF Knights,American,1,0,0,1.2207,1.1089420542737125
4323,Milwaukee Panthers,Detroit Mercy Titans,Horizon,0,1,0,1.0678,1.0739558123166872
4324,Detroit Mercy Titans,Milwaukee Panthers,Horizon,1,0,0,1.31556,1.2419007318221926
4325,Old Dominion Monarchs,Charlotte 49ers,CUSA,0,1,0,1.07261,1.0475475024042649
4326,Charlotte 49ers,Old Dominion Monarchs,CUSA,1,0,0,0.93006,0.9880213187637221
4327,VCU Rams,Fordham Rams,A-10,0,1,0,0.99904,0.9632965824625249
4328,Fordham Rams,VCU Rams,A-10,1,0,0,0.7613,0.789826821411293
4329,Evansville Purple Aces,Indiana State Sycamores,MVC,0,1,0,1.08146,1.0776839043777584
4330,Indiana State Sycamores,Evansville Purple Aces,MVC,1,0,0,1.13412,1.1154820227108793
4331,USC Trojans,Colorado Buffaloes,Pac-12,0,1,0,1.02838,1.0221480048924536
4332,Colorado Buffaloes,USC Trojans,Pac-12,1,0,0,1.32992,1.2658994649686366
4333,Florida International Panthers,Florida Atlantic Owls,CUSA,0,1,0,1.14999,1.1095613714544998
4334,Florida Atlantic Owls,Florida International Panthers,CUSA,1,0,0,1.06365,1.0304085058870156
4335,Omaha Mavericks,Western Illinois Leathernecks,Summit,0,1,0,1.14179,1.1226707426888043
4336,Western Illinois Leathernecks,Omaha Mavericks,Summit,1,0,0,1.18304,1.1524954501574598
4337,Houston Cougars,Tulsa Golden Hurricane,American,0,1,0,0.87671,0.9662646246393078
4338,Tulsa Golden Hurricane,Houston Cougars,American,1,0,0,1.19351,1.149144361416003
4339,Monmouth Hawks,Niagara Purple Eagles,MAAC,0,0,1,1.07759,1.0013882665469083
4340,Niagara Purple Eagles,Monmouth Hawks,MAAC,0,0,1,0.83253,0.8704260972753235
4341,Iona Gaels,Siena Saints,MAAC,0,0,1,1.29831,1.2174043797769427
4342,Siena Saints,Iona Gaels,MAAC,0,0,1,1.13982,1.1245825861712406
4343,Manhattan Jaspers,Canisius Golden Griffins,MAAC,0,1,0,1.0716,1.138116677123781
4344,Canisius Golden Griffins,Manhattan Jaspers,MAAC,1,0,0,0.97656,0.9875909842008753
4345,Youngstown State Penguins,Valparaiso Beacons,Horizon,0,1,0,1.00644,1.0502408203334885
4346,Valparaiso Beacons,Youngstown State Penguins,Horizon,1,0,0,1.23859,1.0937347537669102
4347,UTSA Roadrunners,North Texas Mean Green,CUSA,0,1,0,1.19751,1.2158120246028403
4348,North Texas Mean Green,UTSA Roadrunners,CUSA,1,0,0,1.00604,0.917980562647347
4349,UAB Blazers,Middle Tennessee Blue Raiders,CUSA,0,1,0,0.94253,0.9811867790654589
4350,Middle Tennessee Blue Raiders,UAB Blazers,CUSA,1,0,0,0.85813,0.8808591859461476
4351,Marshall Thundering Herd,Western Kentucky Hilltoppers,CUSA,0,1,0,0.83874,0.8582996280047106
4352,Western Kentucky Hilltoppers,Marshall Thundering Herd,CUSA,1,0,0,1.11313,1.0741856747984782
4353,South Dakota Coyotes,Denver Pioneers,Summit,0,1,0,1.17006,1.1573733989445576
4354,Denver Pioneers,South Dakota Coyotes,Summit,1,0,0,1.12657,1.0617761188396206
4355,Marist Red Foxes,Saint Peter's Peacocks,MAAC,0,1,0,1.15473,1.1932283170045508
4356,Saint Peter's Peacocks,Marist Red Foxes,MAAC,1,0,0,1.38725,1.341151533349114
4357,UTEP Miners,Rice Owls,CUSA,0,1,0,1.19774,1.1997345619542648
4358,Rice Owls,UTEP Miners,CUSA,1,0,0,1.0167,1.055329984027186
4359,Cleveland State Vikings,UIC Flames,Horizon,0,1,0,1.22354,1.163474883479407
4360,UIC Flames,Cleveland State Vikings,Horizon,1,0,0,1.14087,1.111055346687406
4361,Central Arkansas Bears,Abilene Christian Wildcats,Southland,0,1,0,1.01555,0.9304622497411736
4362,Abilene Christian Wildcats,Central Arkansas Bears,Southland,1,0,0,1.30059,1.1567703153226438
4363,South Dakota State Jackrabbits,North Dakota State Bison,Summit,0,1,0,1.08104,1.1026948976076292
4364,North Dakota State Bison,South Dakota State Jackrabbits,Summit,1,0,0,1.17408,1.2042094766263691
4365,Washington State Cougars,California Golden Bears,Pac-12,0,1,0,1.06073,1.0716661481507346
4366,California Golden Bears,Washington State Cougars,Pac-12,1,0,0,1.02064,0.875555025583475
4367,UC Riverside Highlanders,Grand Canyon Lopes,Big West,0,1,0,1.11331,1.025530513234005
4368,Grand Canyon Lopes,UC Riverside Highlanders,WAC,1,0,0,1.13852,1.2151264672907547
4369,IU Indianapolis Jaguars,Purdue Fort Wayne Mastodons,Summit,0,1,0,1.09667,1.0741913017785958
4370,Purdue Fort Wayne Mastodons,IU Indianapolis Jaguars,Summit,1,0,0,1.02749,1.0238192665798678
4371,Oklahoma Sooners,Texas Longhorns,Big 12,0,1,0,1.10614,1.1232150038628532
4372,Texas Longhorns,Oklahoma Sooners,Big 12,1,0,0,0.7911,0.8280510200377257
4373,Notre Dame Fighting Irish,North Carolina Tar Heels,ACC,0,1,0,1.22529,1.2351423276656712
4374,North Carolina Tar Heels,Notre Dame Fighting Irish,ACC,1,0,0,1.17608,1.1031998996196177
4375,West Virginia Mountaineers,Texas Tech Red Raiders,Big 12,0,1,0,1.17754,1.1404270851847818
4376,Texas Tech Red Raiders,West Virginia Mountaineers,Big 12,1,0,0,0.96557,0.9570071981051709
4377,Bryant Bulldogs,St. Francis Brooklyn Terriers,NEC,0,1,0,0.83547,0.8693433982458185
4378,St. Francis Brooklyn Terriers,Bryant Bulldogs,NEC,1,0,0,1.09084,1.014622528063216
4379,UNC Wilmington Seahawks,Northeastern Huskies,CAA,0,1,0,1.17517,1.212771185521285
4380,Northeastern Huskies,UNC Wilmington Seahawks,CAA,1,0,0,1.04659,1.03570602496789
4381,Elon Phoenix,Towson Tigers,CAA,0,1,0,0.89974,0.8538453925550666
4382,Towson Tigers,Elon Phoenix,CAA,1,0,0,0.98238,0.9437593760587591
4383,William & Mary Tribe,Drexel Dragons,CAA,0,1,0,1.22096,1.198331321257997
4384,Drexel Dragons,William & Mary Tribe,CAA,1,0,0,0.77221,0.7036271149000183
4385,Delaware Blue Hens,Hofstra Pride,CAA,0,1,0,0.82717,0.8047055934445668
4386,Hofstra Pride,Delaware Blue Hens,CAA,1,0,0,1.02949,0.9273390227653937
4387,Indiana Hoosiers,Michigan State Spartans,Big Ten,0,1,0,0.85776,0.9038109450675158
4388,Michigan State Spartans,Indiana Hoosiers,Big Ten,1,0,0,1.19457,1.0574538003232852
4389,Mount St. Mary's Mountaineers,Wagner Seahawks,NEC,0,1,0,1.02052,1.0024368606036906
4390,Wagner Seahawks,Mount St. Mary's Mountaineers,NEC,1,0,0,1.04758,1.0629036834115506
4391,UMass Lowell River Hawks,Brown Bears,AM. EAST,0,1,0,0.73,0.7561390148554106
4392,Brown Bears,UMass Lowell River Hawks,Ivy,1,0,0,0.85479,0.7852083319332617
4393,Mercer Bears,VMI Keydets,Southern,0,1,0,1.28844,1.1958191839746333
4394,VMI Keydets,Mercer Bears,Southern,1,0,0,1.0667,0.9771594411888674
4395,The Citadel Bulldogs,UNC Greensboro Spartans,Southern,0,1,0,1.2318,1.1527844754226675
4396,UNC Greensboro Spartans,The Citadel Bulldogs,Southern,1,0,0,1.18048,0.921674360528205
4397,Rider Broncs,Fairfield Stags,MAAC,0,0,1,1.0902,1.102913789247978
4398,Fairfield Stags,Rider Broncs,MAAC,0,0,1,0.7949,0.837285056164875
4399,James Madison Dukes,Charleston Cougars,CAA,0,1,0,1.14119,1.132722850418079
4400,Charleston Cougars,James Madison Dukes,CAA,1,0,0,0.9215,0.8589651139657701
4401,Texas State Bobcats,Georgia State Panthers,Sun Belt,0,1,0,0.98584,1.0687394144136702
4402,Georgia State Panthers,Texas State Bobcats,Sun Belt,1,0,0,0.98926,1.0446422466408518
4403,Louisiana Ragin' Cajuns,App State Mountaineers,Sun Belt,0,1,0,1.16779,1.1408367672261317
4404,App State Mountaineers,Louisiana Ragin' Cajuns,Sun Belt,1,0,0,0.93266,0.9447985419365976
4405,Robert Morris Colonials,St. Francis (PA) Red Flash,NEC,0,1,0,0.96149,1.0159656167311841
4406,St. Francis (PA) Red Flash,Robert Morris Colonials,NEC,1,0,0,1.07021,1.054219380712066
4407,Fairleigh Dickinson Knights,Long Island University Sharks,NEC,0,0,1,1.0512,1.0676527800693885
4408,Long Island University Sharks,Fairleigh Dickinson Knights,NEC,0,0,1,1.00496,0.9731787934560814
4409,Central Connecticut Blue Devils,Sacred Heart Pioneers,NEC,0,1,0,0.92307,0.919491045333346
4410,Sacred Heart Pioneers,Central Connecticut Blue Devils,NEC,1,0,0,1.07138,0.9782695242445849
4411,Campbell Fighting Camels,Charleston Southern Buccaneers,Big South,0,1,0,1.09796,1.0406726903164005
4412,Charleston Southern Buccaneers,Campbell Fighting Camels,Big South,1,0,0,1.09183,1.0088270869341143
4413,Furman Paladins,Western Carolina Catamounts,Southern,0,1,0,0.97818,0.8964546722757277
4414,Western Carolina Catamounts,Furman Paladins,Southern,1,0,0,1.35968,1.1975773760178303
4415,Wright State Raiders,Green Bay Phoenix,Horizon,0,0,1,0.90308,0.9834562819822832
4416,Green Bay Phoenix,Wright State Raiders,Horizon,0,0,1,1.26137,1.240585895814663
4417,East Tennessee State Buccaneers,Samford Bulldogs,Southern,0,0,1,1.26062,1.15327619901773
4418,Samford Bulldogs,East Tennessee State Buccaneers,Southern,0,0,1,1.26118,1.197086007624488
4419,Wofford Terriers,Chattanooga Mocs,Southern,0,1,0,1.21124,1.1797408864954138
4420,Chattanooga Mocs,Wofford Terriers,Southern,1,0,0,1.08015,1.0798590864451023
4421,UT Arlington Mavericks,Troy Trojans,Sun Belt,0,1,0,1.00688,0.9857310543180726
4422,Troy Trojans,UT Arlington Mavericks,Sun Belt,1,0,0,1.13363,1.1177402654356843
4423,Lamar Cardinals,New Orleans Privateers,Southland,0,1,0,1.00333,0.9690654465818258
4424,New Orleans Privateers,Lamar Cardinals,Southland,1,0,0,1.06172,0.9986257067208525
4425,Arkansas State Red Wolves,UL Monroe Warhawks,Sun Belt,0,1,0,0.99908,1.0678295215481317
4426,UL Monroe Warhawks,Arkansas State Red Wolves,Sun Belt,1,0,0,1.13861,1.0989725289646286
4427,Grambling Tigers,Alabama A&M Bulldogs,SWAC,0,1,0,0.84838,0.8375815761380929
4428,Alabama A&M Bulldogs,Grambling Tigers,SWAC,1,0,0,1.27079,1.1836318828765937
4429,Houston Christian Huskies,McNeese Cowboys,Southland,0,1,0,1.12149,1.0649073481036138
4430,McNeese Cowboys,Houston Christian Huskies,Southland,1,0,0,0.96835,0.8548965385043424
4431,Northwestern State Demons,Sam Houston Bearkats,Southland,0,1,0,0.89654,1.0123684305169829
4432,Sam Houston Bearkats,Northwestern State Demons,Southland,1,0,0,1.06264,0.9265802813453032
4433,Nebraska Cornhuskers,Iowa Hawkeyes,Big Ten,0,0,1,1.02022,1.0339514920461594
4434,Iowa Hawkeyes,Nebraska Cornhuskers,Big Ten,0,0,1,1.22098,1.2340717188505879
4435,South Alabama Jaguars,Little Rock Trojans,Sun Belt,0,1,0,1.17629,1.1380862634974072
4436,Little Rock Trojans,South Alabama Jaguars,Sun Belt,1,0,0,1.09233,1.0176247696807477
4437,Prairie View A&M Panthers,Alcorn State Braves,SWAC,0,0,1,0.93221,0.8947377250435422
4438,Alcorn State Braves,Prairie View A&M Panthers,SWAC,0,0,1,1.05281,1.1404130606140848
4439,Jackson State Tigers,Alabama State Hornets,SWAC,0,1,0,0.83333,0.9101062090144575
4440,Alabama State Hornets,Jackson State Tigers,SWAC,1,0,0,1.19885,1.2581910552961997
4441,Texas Southern Tigers,Southern Jaguars,SWAC,0,1,0,1.04592,1.1506011765476667
4442,Southern Jaguars,Texas Southern Tigers,SWAC,1,0,0,1.04455,1.0461386646726567
4443,SE Louisiana Lions,Stephen F. Austin Lumberjacks,Southland,0,1,0,0.88687,0.9583335011730845
4444,Stephen F. Austin Lumberjacks,SE Louisiana Lions,Southland,1,0,0,1.09692,1.0754947546458786
4445,Florida Gulf Coast Eagles,UC Santa Barbara Gauchos,ASUN,0,1,0,0.84661,0.8956808475221139
4446,UC Santa Barbara Gauchos,Florida Gulf Coast Eagles,Big West,1,0,0,1.03903,1.0319918550860683
4447,Ole Miss Rebels,Kentucky Wildcats,SEC,0,1,0,1.16828,1.354731257754654
4448,Kentucky Wildcats,Ole Miss Rebels,SEC,1,0,0,1.29481,1.2516714829033364
4449,Villanova Wildcats,St. John's Red Storm,Big East,0,0,1,1.39842,1.3976272025084295
4450,St. John's Red Storm,Villanova Wildcats,Big East,0,0,1,1.08444,1.1526004410893014
4451,Oklahoma State Cowboys,Iowa State Cyclones,Big 12,0,1,0,0.95351,0.9480287151367104
4452,Iowa State Cyclones,Oklahoma State Cowboys,Big 12,1,0,0,0.99012,0.9626060172243334
4453,Ohio State Buckeyes,Minnesota Golden Gophers,Big Ten,0,1,0,1.12893,1.0903718632156982
4454,Minnesota Golden Gophers,Ohio State Buckeyes,Big Ten,1,0,0,1.09329,1.0963559949236632
4455,Arkansas Razorbacks,Georgia Bulldogs,SEC,0,1,0,1.21518,1.2520079819723957
4456,Georgia Bulldogs,Arkansas Razorbacks,SEC,1,0,0,1.17375,1.123793598989875
4457,Saint Louis Billikens,George Washington Revolutionaries,A-10,0,1,0,1.2279,1.2841889839337512
4458,George Washington Revolutionaries,Saint Louis Billikens,A-10,1,0,0,1.30295,1.2095676262715374
4459,UConn Huskies,South Florida Bulls,American,0,1,0,1.13395,1.1061106997621706
4460,South Florida Bulls,UConn Huskies,American,1,0,0,0.88209,0.9152158019931819
4461,UAlbany Great Danes,New Hampshire Wildcats,AM. EAST,0,1,0,1.08861,1.173130407019958
4462,New Hampshire Wildcats,UAlbany Great Danes,AM. EAST,1,0,0,1.06013,1.0724225249153458
4463,Michigan Wolverines,Penn State Nittany Lions,Big Ten,0,0,1,1.2194,1.2248001917315818
4464,Penn State Nittany Lions,Michigan Wolverines,Big Ten,0,0,1,1.07666,1.0564219742698366
4465,Norfolk State Spartans,Princeton Tigers,MEAC,0,1,0,0.91348,0.957654966492804
4466,Princeton Tigers,Norfolk State Spartans,Ivy,1,0,0,1.03063,0.9700213886112411
4467,Stony Brook Seawolves,Columbia Lions,AM. EAST,0,1,0,1.18602,1.22402596687446
4468,Columbia Lions,Stony Brook Seawolves,Ivy,1,0,0,1.09858,1.0999328269704884
4469,Jacksonville Dolphins,Florida A&M Rattlers,ASUN,0,1,0,1.24008,1.1371774966267527
4470,Florida A&M Rattlers,Jacksonville Dolphins,MEAC,1,0,0,0.84984,0.7604273123927372
4471,Marquette Golden Eagles,Georgetown Hoyas,Big East,0,1,0,1.00291,1.0046154850956526
4472,Georgetown Hoyas,Marquette Golden Eagles,Big East,1,0,0,1.12249,1.0757833177951233
4473,Virginia Tech Hokies,Florida State Seminoles,ACC,0,1,0,1.18156,1.138431594741163
4474,Florida State Seminoles,Virginia Tech Hokies,ACC,1,0,0,1.34915,1.2124601452750636
4475,Western Michigan Broncos,Akron Zips,MAC,0,1,0,0.97422,0.9975759004283181
4476,Akron Zips,Western Michigan Broncos,MAC,1,0,0,1.29938,1.2151143001510596
4477,Central Michigan Chippewas,Toledo Rockets,MAC,0,1,0,1.08299,1.0517514429464119
4478,Toledo Rockets,Central Michigan Chippewas,MAC,1,0,0,1.03565,0.9686601271152133
4479,UCF Knights,Houston Cougars,American,0,1,0,1.14804,1.13685251181061
4480,Houston Cougars,UCF Knights,American,1,0,0,1.12038,1.0086220542737125
4481,East Carolina Pirates,Cincinnati Bearcats,American,0,1,0,0.7608,0.8896403702055643
4482,Cincinnati Bearcats,East Carolina Pirates,American,1,0,0,1.10373,1.0288190398722108
4483,Quinnipiac Bobcats,Iona Gaels,MAAC,0,1,0,1.03769,1.0224525861712406
4484,Iona Gaels,Quinnipiac Bobcats,MAAC,1,0,0,1.16604,1.1636091293177444
4485,South Carolina Upstate Spartans,Kansas City Roos,ASUN,0,1,0,1.06257,1.037134725448654
4486,Kansas City Roos,South Carolina Upstate Spartans,WAC,1,0,0,0.84674,0.906756012092055
4487,Texas A&M Aggies,Alabama Crimson Tide,SEC,0,1,0,0.77578,0.7660602800878592
4488,Alabama Crimson Tide,Texas A&M Aggies,SEC,1,0,0,1.18787,1.1627128054126348
4489,Auburn Tigers,Vanderbilt Commodores,SEC,0,1,0,0.8217,0.7889318269735913
4490,Vanderbilt Commodores,Auburn Tigers,SEC,1,0,0,1.04167,0.9511322480809143
4491,Texas A&M-Corpus Christi Islanders,Central Arkansas Bears,Southland,0,1,0,1.05648,0.945838465717251
4492,Central Arkansas Bears,Texas A&M-Corpus Christi Islanders,Southland,1,0,0,0.98857,0.9474900662972069
4493,Providence Friars,Butler Bulldogs,Big East,0,1,0,1.10887,1.18175151096877
4494,Butler Bulldogs,Providence Friars,Big East,1,0,0,1.01228,0.9909604378307199
4495,Pittsburgh Panthers,Boston College Eagles,ACC,0,1,0,0.97877,0.9085136888895418
4496,Boston College Eagles,Pittsburgh Panthers,ACC,1,0,0,0.97717,0.8449212607691714
4497,Morgan State Bears,Saint Mary's Gaels,MEAC,0,1,0,0.87933,1.0002440763157057
4498,Saint Mary's Gaels,Morgan State Bears,WCC,1,0,0,1.30375,1.1381419196451767
4499,New Mexico Lobos,San Diego State Aztecs,Mountain West,0,1,0,0.75069,0.8783493482736487
4500,San Diego State Aztecs,New Mexico Lobos,Mountain West,1,0,0,0.99206,1.0131064108911172
4501,Duke Blue Devils,Wake Forest Demon Deacons,ACC,0,1,0,1.06382,1.0120442767377347
4502,Wake Forest Demon Deacons,Duke Blue Devils,ACC,1,0,0,0.9352,0.942170279924612
4503,NC State Wolfpack,Virginia Cavaliers,ACC,0,1,0,0.88601,1.0010276640880127
4504,Virginia Cavaliers,NC State Wolfpack,ACC,1,0,0,1.08804,1.0309362355865765
4505,Purdue Boilermakers,Wisconsin Badgers,Big Ten,0,1,0,1.00371,1.0414088093443497
4506,Wisconsin Badgers,Purdue Boilermakers,Big Ten,1,0,0,1.14024,1.1036229157700554
4507,Clemson Tigers,Louisville Cardinals,ACC,0,1,0,0.89561,0.9824732199444134
4508,Louisville Cardinals,Clemson Tigers,ACC,1,0,0,1.01234,0.989080162730145
4509,Colorado Buffaloes,Utah Utes,Pac-12,0,1,0,0.79455,0.8798235406127672
4510,Utah Utes,Colorado Buffaloes,Pac-12,1,0,0,1.2251,1.1856898544978465
4511,Maryland Terrapins,Illinois Fighting Illini,Big Ten,0,1,0,0.94366,0.9551480459662163
4512,Illinois Fighting Illini,Maryland Terrapins,Big Ten,1,0,0,1.06157,1.0434646556986504
4513,Kansas Jayhawks,Baylor Bears,Big 12,0,1,0,1.10816,1.145731987367249
4514,Baylor Bears,Kansas Jayhawks,Big 12,1,0,0,1.11985,1.13324826130129
4515,Bradley Braves,Wichita State Shockers,MVC,0,1,0,0.77926,0.8699199321242167
4516,Wichita State Shockers,Bradley Braves,MVC,1,0,0,1.13774,1.106614471556673
4517,Seton Hall Pirates,Xavier Musketeers,Big East,0,1,0,1.05036,1.0355604232882247
4518,Xavier Musketeers,Seton Hall Pirates,Big East,1,0,0,1.21739,1.1431923944400664
4519,Davidson Wildcats,VCU Rams,A-10,0,1,0,1.02155,1.0832549718059001
4520,VCU Rams,Davidson Wildcats,A-10,1,0,0,1.17768,1.119880861390144
4521,Massachusetts Minutemen,La Salle Explorers,A-10,0,1,0,1.1199,1.2053777639117635
4522,La Salle Explorers,Massachusetts Minutemen,A-10,1,0,0,1.029,0.9891795604898911
4523,Florida Gators,South Carolina Gamecocks,SEC,0,1,0,1.15031,1.1953495943098384
4524,South Carolina Gamecocks,Florida Gators,SEC,1,0,0,1.09176,1.1286677479630023
4525,UMass Lowell River Hawks,UMBC Retrievers,AM. EAST,0,1,0,1.19188,1.1702810280040175
4526,UMBC Retrievers,UMass Lowell River Hawks,AM. EAST,1,0,0,1.01375,1.0046826825474122
4527,Vermont Catamounts,Maine Black Bears,AM. EAST,0,0,1,1.25147,1.2039498491109137
4528,Maine Black Bears,Vermont Catamounts,AM. EAST,0,0,1,0.97453,1.0959993888438502
4529,Binghamton Bearcats,Hartford Hawks,AM. EAST,0,1,0,1.00884,1.0497005277707157
4530,Hartford Hawks,Binghamton Bearcats,AM. EAST,1,0,0,1.1548,1.1313121731743774
4531,Saint Joseph's Hawks,Duquesne Dukes,A-10,0,1,0,1.0884,0.9699161287499853
4532,Duquesne Dukes,Saint Joseph's Hawks,A-10,1,0,0,1.18751,1.1814918671567725
4533,Fordham Rams,Rhode Island Rams,A-10,0,1,0,0.94883,1.0386178644701052
4534,Rhode Island Rams,Fordham Rams,A-10,1,0,0,0.99206,0.9231384320679178
4535,Syracuse Orange,Georgia Tech Yellow Jackets,ACC,0,1,0,0.83479,0.8325301300351058
4536,Georgia Tech Yellow Jackets,Syracuse Orange,ACC,1,0,0,0.79991,0.8089627386405512
4537,Buffalo Bulls,Miami (OH) RedHawks,MAC,0,1,0,1.14167,1.078292168808006
4538,Miami (OH) RedHawks,Buffalo Bulls,MAC,1,0,0,1.05101,1.0310577646292582
4539,Bowling Green Falcons,Kent State Golden Flashes,MAC,0,1,0,1.13001,1.1177976383489627
4540,Kent State Golden Flashes,Bowling Green Falcons,MAC,1,0,0,1.08225,1.0663922808887782
4541,Ball State Cardinals,Eastern Michigan Eagles,MAC,0,1,0,0.91428,0.9397943753350124
4542,Eastern Michigan Eagles,Ball State Cardinals,MAC,1,0,0,0.91293,0.8112466657529968
4543,Northern Illinois Huskies,Ohio Bobcats,MAC,0,1,0,1.14505,1.0754388728724684
4544,Ohio Bobcats,Northern Illinois Huskies,MAC,1,0,0,0.96095,0.8994810889848195
4545,Lehigh Mountain Hawks,Army Black Knights,Patriot,0,1,0,0.9716,0.9576245356019348
4546,Army Black Knights,Lehigh Mountain Hawks,Patriot,1,0,0,0.84918,0.8519342607644211
4547,Lafayette Leopards,Bucknell Bison,Patriot,0,1,0,0.96606,0.9540807323997942
4548,Bucknell Bison,Lafayette Leopards,Patriot,1,0,0,1.16693,1.0407131776941319
4549,Holy Cross Crusaders,Colgate Raiders,Patriot,0,1,0,1.08507,1.049553779203582
4550,Colgate Raiders,Holy Cross Crusaders,Patriot,1,0,0,1.39442,1.3457751025190627
4551,Temple Owls,Tulane Green Wave,American,0,1,0,1.11483,1.1198951357457754
4552,Tulane Green Wave,Temple Owls,American,1,0,0,0.92008,0.9794298936238728
4553,Saint Peter's Peacocks,Manhattan Jaspers,MAAC,0,1,0,0.98595,1.0301591345954824
4554,Manhattan Jaspers,Saint Peter's Peacocks,MAAC,1,0,0,1.09446,1.0997801666099434
4555,Missouri State Bears,Indiana State Sycamores,MVC,0,1,0,0.99749,0.9937139043777584
4556,Indiana State Sycamores,Missouri State Bears,MVC,1,0,0,1.25951,1.1742061262235701
4557,American University Eagles,Loyola Maryland Greyhounds,Patriot,0,1,0,0.90328,0.9018924553852198
4558,Loyola Maryland Greyhounds,American University Eagles,Patriot,1,0,0,0.94208,0.942002692038683
4559,Boston University Terriers,Navy Midshipmen,Patriot,0,1,0,1.28465,1.2767599886729801
4560,Navy Midshipmen,Boston University Terriers,Patriot,1,0,0,1.13533,1.0407726812288165
4561,Western Illinois Leathernecks,South Dakota State Jackrabbits,Summit,0,1,0,0.68449,0.7477976270209762
4562,South Dakota State Jackrabbits,Western Illinois Leathernecks,Summit,1,0,0,1.17517,1.1228725922941971
4563,IU Indianapolis Jaguars,Oral Roberts Golden Eagles,Summit,0,1,0,0.97877,0.9516995954955509
4564,Oral Roberts Golden Eagles,IU Indianapolis Jaguars,Summit,1,0,0,1.091,1.0873292665798677
4565,Drake Bulldogs,Illinois State Redbirds,MVC,0,1,0,0.76244,0.8395800396608153
4566,Illinois State Redbirds,Drake Bulldogs,MVC,1,0,0,1.34099,1.1806314443761754
4567,Southern Illinois Salukis,Northern Iowa Panthers,MVC,0,1,0,0.78548,0.8417614736146486
4568,Northern Iowa Panthers,Southern Illinois Salukis,MVC,1,0,0,1.09335,1.0366739485253549
4569,Loyola Chicago Ramblers,Evansville Purple Aces,MVC,0,1,0,1.25694,1.2714801731054863
4570,Evansville Purple Aces,Loyola Chicago Ramblers,MVC,1,0,0,1.25892,1.2457998750769304
4571,Eastern Illinois Panthers,Tennessee State Tigers,OVC,0,1,0,1.09649,1.069007061439086
4572,Tennessee State Tigers,Eastern Illinois Panthers,OVC,1,0,0,0.94486,0.9045011963350647
4573,Tennessee Volunteers,Mississippi State Bulldogs,SEC,0,0,1,1.06471,1.0490097224452513
4574,Mississippi State Bulldogs,Tennessee Volunteers,SEC,0,0,1,0.82477,0.7848776391631196
4575,SIU Edwardsville Cougars,Belmont Bruins,OVC,0,1,0,1.03091,1.0154329194912945
4576,Belmont Bruins,SIU Edwardsville Cougars,OVC,1,0,0,1.11826,1.0798512915615752
4577,Wyoming Cowboys,Colorado State Rams,Mountain West,0,1,0,0.9424,0.9899357687474389
4578,Colorado State Rams,Wyoming Cowboys,Mountain West,1,0,0,0.85799,0.8764885892700836
4579,San José State Spartans,Air Force Falcons,Mountain West,0,0,1,0.93303,0.8845100794128463
4580,Air Force Falcons,San José State Spartans,Mountain West,0,0,1,1.27912,1.1977456747173736
4581,DePaul Blue Demons,Creighton Bluejays,Big East,0,1,0,1.19929,1.1123326064562806
4582,Creighton Bluejays,DePaul Blue Demons,Big East,1,0,0,0.98767,0.8597992482577465
4583,TCU Horned Frogs,Kansas State Wildcats,Big 12,0,1,0,0.95914,0.9464314733100678
4584,Kansas State Wildcats,TCU Horned Frogs,Big 12,1,0,0,1.1033,1.069270307483938
4585,Cal State Northridge Matadors,UC Davis Aggies,Big West,0,1,0,1.00477,0.9680194999133858
4586,UC Davis Aggies,Cal State Northridge Matadors,Big West,1,0,0,1.19134,1.0991600413941687
4587,California Golden Bears,USC Trojans,Pac-12,0,1,0,0.87522,0.8443776153632437
4588,USC Trojans,California Golden Bears,Pac-12,1,0,0,1.10716,1.0849179977561274
4589,Nevada Wolf Pack,UNLV Rebels,Mountain West,0,1,0,1.06293,1.1122340683531384
4590,UNLV Rebels,Nevada Wolf Pack,Mountain West,1,0,0,1.00848,0.9626373735635263
4591,Utah State Aggies,Fresno State Bulldogs,Mountain West,0,1,0,0.86363,0.8291106542958344
4592,Fresno State Bulldogs,Utah State Aggies,Mountain West,1,0,0,1.03894,1.0044018946724178
4593,Cal Poly Mustangs,Hawai'i Rainbow Warriors,Big West,0,1,0,0.86007,0.8890177289773764
4594,Hawai'i Rainbow Warriors,Cal Poly Mustangs,Big West,1,0,0,0.85901,0.8454603124637702
4595,San Francisco Dons,Gonzaga Bulldogs,WCC,0,1,0,0.92715,0.9906253998588375
4596,Gonzaga Bulldogs,San Francisco Dons,WCC,1,0,0,1.41199,1.3492662752201032
4597,Arizona Wildcats,Oregon Ducks,Pac-12,0,1,0,1.17041,1.1540961544477486
4598,Oregon Ducks,Arizona Wildcats,Pac-12,1,0,0,0.91374,0.9987494213507647
4599,Old Dominion Monarchs,Marshall Thundering Herd,CUSA,0,1,0,1.11078,1.1050138251930854
4600,Marshall Thundering Herd,Old Dominion Monarchs,CUSA,1,0,0,0.7882,0.8461613187637222
4601,George Mason Patriots,Richmond Spiders,A-10,0,1,0,1.15072,1.2101708934467252
4602,Richmond Spiders,George Mason Patriots,A-10,1,0,0,1.27822,1.2056212684634027
4603,Northeastern Huskies,James Madison Dukes,CAA,0,1,0,1.18537,1.1560132643603773
4604,James Madison Dukes,Northeastern Huskies,CAA,1,0,0,1.05093,1.0553530351266778
4605,Drexel Dragons,Towson Tigers,CAA,0,1,0,1.20462,1.1587253925550667
4606,Towson Tigers,Drexel Dragons,CAA,1,0,0,0.85898,0.8031731708633897
4607,Delaware Blue Hens,UNC Wilmington Seahawks,CAA,0,1,0,1.01987,1.0421641753624973
4608,UNC Wilmington Seahawks,Delaware Blue Hens,CAA,1,0,0,1.06705,0.9648990227653937
4609,Wright State Raiders,Youngstown State Penguins,Horizon,0,1,0,1.22426,1.1125829041615172
4610,Youngstown State Penguins,Wright State Raiders,Horizon,1,0,0,0.99595,0.9419877454200557
4611,LSU Tigers,Missouri Tigers,SEC,0,1,0,0.89339,0.7971808381970917
4612,Missouri Tigers,LSU Tigers,SEC,1,0,0,0.99334,0.9912780079552665
4613,Michigan State Spartans,Iowa Hawkeyes,Big Ten,0,0,1,1.27489,1.2886214920461596
4614,Iowa Hawkeyes,Michigan State Spartans,Big Ten,0,0,1,1.03219,1.0782409450675157
4615,Sacred Heart Pioneers,Long Island University Sharks,NEC,0,0,1,1.0151,1.0315527800693884
4616,Long Island University Sharks,Sacred Heart Pioneers,NEC,0,0,1,0.99879,0.995211045333346
4617,St. Francis Brooklyn Terriers,Fairleigh Dickinson Knights,NEC,0,0,1,1.19205,1.1602687934560814
4618,Fairleigh Dickinson Knights,St. Francis Brooklyn Terriers,NEC,0,0,1,1.05327,1.0871433982458183
4619,Central Connecticut Blue Devils,Mount St. Mary's Mountaineers,NEC,0,1,0,0.86862,0.9171218338061577
4620,Mount St. Mary's Mountaineers,Central Connecticut Blue Devils,NEC,1,0,0,1.34982,1.256709524244585
4621,St. Francis (PA) Red Flash,Bryant Bulldogs,NEC,0,1,0,0.97318,0.930140678457823
4622,Bryant Bulldogs,St. Francis (PA) Red Flash,NEC,1,0,0,1.40766,1.428957466336577
4623,Howard Bison,Cornell Big Red,MEAC,0,1,0,1.07907,1.1675399539544629
4624,Cornell Big Red,Howard Bison,Ivy,1,0,0,1.22921,1.2253436964651252
4625,Brown Bears,New Hampshire Wildcats,Ivy,0,1,0,0.93115,0.9551560564058074
4626,New Hampshire Wildcats,Brown Bears,AM. EAST,1,0,0,1.04659,1.0395508644608034
4627,Dayton Flyers,St. Bonaventure Bonnies,A-10,0,1,0,1.3088,1.3206914781577688
4628,St. Bonaventure Bonnies,Dayton Flyers,A-10,1,0,0,1.04923,1.0811403854574733
4629,Liberty Flames,UNC Asheville Bulldogs,Big South,0,1,0,0.86062,0.8435539435625456
4630,UNC Asheville Bulldogs,Liberty Flames,Big South,1,0,0,1.13712,1.0597923406950986
4631,Radford Highlanders,Gardner-Webb Runnin' Bulldogs,Big South,0,1,0,1.17181,1.1020499230106584
4632,Gardner-Webb Runnin' Bulldogs,Radford Highlanders,Big South,1,0,0,1.19732,1.149563706922352
4633,Charleston Southern Buccaneers,High Point Panthers,Big South,0,1,0,1.08804,1.0770686103060474
4634,High Point Panthers,Charleston Southern Buccaneers,Big South,1,0,0,1.3048,1.2143345399217933
4635,VMI Keydets,Wofford Terriers,Southern,0,1,0,1.05799,1.0908772368397095
4636,Wofford Terriers,VMI Keydets,Southern,1,0,0,1.15229,1.0264910335800261
4637,UNC Greensboro Spartans,Furman Paladins,Southern,0,1,0,0.99088,0.8619555264124376
4638,Furman Paladins,UNC Greensboro Spartans,Southern,1,0,0,1.10254,0.9903463250280605
4639,Mercer Bears,East Tennessee State Buccaneers,Southern,0,1,0,1.20325,1.139156007624488
4640,East Tennessee State Buccaneers,Mercer Bears,Southern,1,0,0,1.22286,1.1333194411888674
4641,Samford Bulldogs,The Citadel Bulldogs,Southern,0,1,0,1.1663,0.940672510922812
4642,The Citadel Bulldogs,Samford Bulldogs,Southern,1,0,0,1.36688,1.226358048623123
4643,Western Carolina Catamounts,Chattanooga Mocs,Southern,0,1,0,0.96272,0.9312208864954137
4644,Chattanooga Mocs,Western Carolina Catamounts,Southern,1,0,0,1.0493,0.9343965218811204
4645,Denver Pioneers,Purdue Fort Wayne Mastodons,Summit,0,1,0,1.10949,1.0870113017785958
4646,Purdue Fort Wayne Mastodons,Denver Pioneers,Summit,1,0,0,1.48625,1.4403852485499504
4647,Niagara Purple Eagles,Siena Saints,MAAC,0,0,1,1.05574,0.9748343797769426
4648,Siena Saints,Niagara Purple Eagles,MAAC,0,0,1,1.21446,1.1382582665469083
4649,Canisius Golden Griffins,Marist Red Foxes,MAAC,0,1,0,1.15856,1.145639683743721
4650,Marist Red Foxes,Canisius Golden Griffins,MAAC,1,0,0,0.89149,0.9248285267291737
4651,Hofstra Pride,Charleston Cougars,CAA,0,1,0,1.3188,1.3103328504180791
4652,Charleston Cougars,Hofstra Pride,CAA,1,0,0,1.21725,1.1616074430499597
4653,Oakland Golden Grizzlies,Cleveland State Vikings,Horizon,0,1,0,1.06829,1.071653497082013
4654,Cleveland State Vikings,Oakland Golden Grizzlies,Horizon,1,0,0,1.13528,1.0269814423148205
4655,Winthrop Eagles,Presbyterian Blue Hose,Big South,0,1,0,1.02441,0.908993419628825
4656,Presbyterian Blue Hose,Winthrop Eagles,Big South,1,0,0,0.96771,0.9426287061348895
4657,Longwood Lancers,Coastal Carolina Chanticleers,Big South,0,1,0,1.19457,1.218434975510948
4658,Coastal Carolina Chanticleers,Longwood Lancers,Big South,1,0,0,1.33188,1.2194389816797355
4659,William & Mary Tribe,Elon Phoenix,CAA,0,1,0,1.15061,1.1451675264533663
4660,Elon Phoenix,William & Mary Tribe,CAA,1,0,0,1.23731,1.1687271149000182
4661,Southern Miss Golden Eagles,UTSA Roadrunners,CUSA,0,1,0,1.00772,0.952838713041954
4662,UTSA Roadrunners,Southern Miss Golden Eagles,CUSA,1,0,0,1.33591,1.2366347524462702
4663,Florida Atlantic Owls,UAB Blazers,CUSA,0,1,0,0.93357,0.9894773363407549
4664,UAB Blazers,Florida Atlantic Owls,CUSA,1,0,0,1.10247,1.0288632210598927
4665,Florida International Panthers,Middle Tennessee Blue Raiders,CUSA,0,1,0,0.88973,0.928386779065459
4666,Middle Tennessee Blue Raiders,Florida International Panthers,CUSA,1,0,0,1.07747,1.0442285058870155
4667,Charlotte 49ers,Western Kentucky Hilltoppers,CUSA,0,1,0,1.02735,1.0469096280047105
4668,Western Kentucky Hilltoppers,Charlotte 49ers,CUSA,1,0,0,1.16019,1.1019493520096577
4669,North Dakota State Bison,Omaha Mavericks,Summit,0,1,0,1.08688,1.089513600552067
4670,Omaha Mavericks,North Dakota State Bison,Summit,1,0,0,1.01516,1.003636747213022
4671,UIC Flames,Valparaiso Beacons,Horizon,0,1,0,0.9271,0.9709008203334885
4672,Valparaiso Beacons,UIC Flames,Horizon,1,0,0,1.35054,1.2572967330848
4673,Sacramento State Hornets,North Dakota Fighting Hawks,Big Sky,0,1,0,1.11759,1.0511214814400558
4674,North Dakota Fighting Hawks,Sacramento State Hornets,Big Sky,1,0,0,1.04854,0.9330152874543927
4675,UL Monroe Warhawks,UT Arlington Mavericks,Sun Belt,0,1,0,1.09045,1.1077384158302914
4676,UT Arlington Mavericks,UL Monroe Warhawks,Sun Belt,1,0,0,1.0668,1.1023713711535246
4677,Georgia State Panthers,Louisiana Ragin' Cajuns,Sun Belt,0,1,0,1.16583,1.2111466923312046
4678,Louisiana Ragin' Cajuns,Georgia State Panthers,Sun Belt,1,0,0,1.23727,1.286991264019063
4679,Morehead State Eagles,Southeast Missouri State Redhawks,OVC,0,1,0,1.00326,0.9958962964960477
4680,Southeast Missouri State Redhawks,Morehead State Eagles,OVC,1,0,0,0.85358,0.8599506689407722
4681,App State Mountaineers,South Alabama Jaguars,Sun Belt,0,1,0,1.33152,1.2899929200753548
4682,South Alabama Jaguars,App State Mountaineers,Sun Belt,1,0,0,1.49714,1.4370086168315244
4683,Georgia Southern Eagles,Arkansas State Red Wolves,Sun Belt,0,1,0,1.15354,1.1470806793592359
4684,Arkansas State Red Wolves,Georgia Southern Eagles,Sun Belt,1,0,0,0.92036,0.9519829606615104
4685,Eastern Kentucky Colonels,UT Martin Skyhawks,OVC,0,1,0,1.14813,1.121691257044219
4686,UT Martin Skyhawks,Eastern Kentucky Colonels,OVC,1,0,0,1.0178,1.0269299062727262
4687,Murray State Racers,Tennessee Tech Golden Eagles,OVC,0,1,0,1.23512,1.176222843408802
4688,Tennessee Tech Golden Eagles,Murray State Racers,OVC,1,0,0,0.98298,0.9731314291523446
4689,Little Rock Trojans,Texas State Bobcats,Sun Belt,0,1,0,1.00684,1.0954003970354589
4690,Texas State Bobcats,Little Rock Trojans,Sun Belt,1,0,0,1.01994,0.9485581131027999
4691,Austin Peay Governors,Jacksonville State Gamecocks,OVC,0,1,0,0.93232,0.8765754430290953
4692,Jacksonville State Gamecocks,Austin Peay Governors,OVC,1,0,0,1.13363,1.0764172106642707
4693,Rutgers Scarlet Knights,Nebraska Cornhuskers,Big Ten,0,1,0,0.86336,0.8764517188505879
4694,Nebraska Cornhuskers,Rutgers Scarlet Knights,Big Ten,1,0,0,1.17305,1.0794356352707977
4695,Stanford Cardinal,UCLA Bruins,Pac-12,0,1,0,1.15203,1.1468340581372898
4696,UCLA Bruins,Stanford Cardinal,Pac-12,1,0,0,1.2589,1.1996702723653045
4697,Arizona State Sun Devils,Oregon State Beavers,Pac-12,0,1,0,0.84353,0.9027664101498402
4698,Oregon State Beavers,Arizona State Sun Devils,Pac-12,1,0,0,1.04167,1.0070433001638088
4699,Robert Morris Colonials,Wagner Seahawks,NEC,0,1,0,1.19003,1.1719468606036902
4700,Wagner Seahawks,Robert Morris Colonials,NEC,1,0,0,1.11629,1.1002993807120658
4701,Louisiana Tech Bulldogs,UTEP Miners,CUSA,0,1,0,1.03809,1.109898134421793
4702,UTEP Miners,Louisiana Tech Bulldogs,CUSA,1,0,0,0.82122,0.855611111980859
4703,Memphis Tigers,SMU Mustangs,American,0,1,0,0.99383,1.0788745192786096
4704,SMU Mustangs,Memphis Tigers,American,1,0,0,1.23766,1.2912723123263192
4705,Portland State Vikings,Northern Colorado Bears,Big Sky,0,1,0,1.32786,1.1804043822530212
4706,Northern Colorado Bears,Portland State Vikings,Big Sky,1,0,0,1.42477,1.3447898159840834
4707,Montana Grizzlies,Weber State Wildcats,Big Sky,0,1,0,1.01067,0.9730637543692825
4708,Weber State Wildcats,Montana Grizzlies,Big Sky,1,0,0,1.18213,1.1312169453648457
4709,Montana State Bobcats,Idaho State Bengals,Big Sky,0,1,0,0.98484,0.9358720028998913
4710,Idaho State Bengals,Montana State Bobcats,Big Sky,1,0,0,1.19771,1.101806959353476
4711,Cal State Fullerton Titans,UC Riverside Highlanders,Big West,0,1,0,1.07816,1.0750429671069994
4712,UC Riverside Highlanders,Cal State Fullerton Titans,Big West,1,0,0,1.14349,1.0510076890342939
4713,Santa Clara Broncos,Portland Pilots,WCC,0,1,0,1.07406,1.0139732988999681
4714,Portland Pilots,Santa Clara Broncos,WCC,1,0,0,1.41157,1.2939026543302916
4715,Long Beach State Beach,UC Irvine Anteaters,Big West,0,1,0,1.38135,1.4388097792074142
4716,UC Irvine Anteaters,Long Beach State Beach,Big West,1,0,0,1.29576,1.2843497945887208
4717,Loyola Marymount Lions,San Diego Toreros,WCC,0,1,0,0.90047,0.9098309178952277
4718,San Diego Toreros,Loyola Marymount Lions,WCC,1,0,0,1.06551,0.9059192194316348
4719,Pepperdine Waves,BYU Cougars,WCC,0,1,0,1.14789,1.1070682417418896
4720,BYU Cougars,Pepperdine Waves,WCC,1,0,0,1.01634,1.0007550645420578
4721,Akron Zips,Toledo Rockets,MAC,0,1,0,1.0639,1.032661442946412
4722,Toledo Rockets,Akron Zips,MAC,1,0,0,1.3445,1.3346777500337108
4723,Quinnipiac Bobcats,Monmouth Hawks,MAAC,0,1,0,1.07978,1.1176760972753232
4724,Monmouth Hawks,Quinnipiac Bobcats,MAAC,1,0,0,0.98736,0.9849291293177445
4725,Green Bay Phoenix,Milwaukee Panthers,Horizon,0,1,0,1.29227,1.2517888822167997
4726,Milwaukee Panthers,Green Bay Phoenix,Horizon,1,0,0,1.05642,1.103618131587676
4727,Kentucky Wildcats,Texas A&M Aggies,SEC,0,1,0,0.96706,0.975080955807242
4728,Texas A&M Aggies,Kentucky Wildcats,SEC,1,0,0,0.87489,1.028163107360047
4729,Virginia Cavaliers,Notre Dame Fighting Irish,ACC,0,0,1,1.18458,1.1448780500142248
4730,Notre Dame Fighting Irish,Virginia Cavaliers,ACC,0,0,1,1.07467,1.1896876640880127
4731,Louisville Cardinals,North Carolina Tar Heels,ACC,0,1,0,1.1233,1.1331523276656712
4732,North Carolina Tar Heels,Louisville Cardinals,ACC,1,0,0,1.12208,1.175765069549806
4733,Santa Clara Broncos,Gonzaga Bulldogs,WCC,0,1,0,0.94007,1.0035453998588375
4734,Gonzaga Bulldogs,Santa Clara Broncos,WCC,1,0,0,1.3359,1.2182326543302917
4735,DePaul Blue Demons,Villanova Wildcats,Big East,0,1,0,1.00644,1.0746004410893013
4736,Villanova Wildcats,DePaul Blue Demons,Big East,1,0,0,1.27996,1.1520892482577463
4737,Texas Longhorns,Oklahoma State Cowboys,Big 12,0,1,0,1.0137,1.0193641676189407
4738,Oklahoma State Cowboys,Texas Longhorns,Big 12,1,0,0,1.21493,1.1988268534682462
4739,Maryland Terrapins,Purdue Boilermakers,Big Ten,0,1,0,1.1294,1.1259610661646626
4740,Purdue Boilermakers,Maryland Terrapins,Big Ten,1,0,0,0.93563,0.9175246556986505
4741,Texas Tech Red Raiders,Kansas Jayhawks,Big 12,0,1,0,0.82721,0.8737864116958971
4742,Kansas Jayhawks,Texas Tech Red Raiders,Big 12,1,0,0,1.28934,1.2190489347901745
4743,Iowa State Cyclones,West Virginia Mountaineers,Big 12,0,1,0,1.08752,1.112135348499778
4744,West Virginia Mountaineers,Iowa State Cyclones,Big 12,1,0,0,1.06655,1.0278905647421033
4745,Kansas State Wildcats,Oklahoma Sooners,Big 12,0,1,0,1.01822,1.0883491704323327
4746,Oklahoma Sooners,Kansas State Wildcats,Big 12,1,0,0,0.97424,0.9283533229154606
4747,Seton Hall Pirates,Creighton Bluejays,Big East,0,1,0,1.23921,1.1522526064562806
4748,Creighton Bluejays,Seton Hall Pirates,Big East,1,0,0,1.28672,1.2125223944400665
4749,Saint Joseph's Hawks,VCU Rams,A-10,0,1,0,1.02833,1.0900349718059001
4750,VCU Rams,Saint Joseph's Hawks,A-10,1,0,0,1.20213,1.1961118671567723
4751,Baylor Bears,TCU Horned Frogs,Big 12,0,1,0,1.02246,1.0216084578785452
4752,TCU Horned Frogs,Baylor Bears,Big 12,1,0,0,0.94088,0.9452738369726417
4753,Ohio State Buckeyes,Indiana Hoosiers,Big Ten,0,1,0,1.04356,0.9396219507178925
4754,Indiana Hoosiers,Ohio State Buckeyes,Big Ten,1,0,0,1.08376,1.0868259949236632
4755,Vanderbilt Commodores,Arkansas Razorbacks,SEC,0,1,0,1.03281,1.0160317493844822
4756,Arkansas Razorbacks,Vanderbilt Commodores,SEC,1,0,0,1.26882,1.2028736765789843
4757,Old Dominion Monarchs,Western Kentucky Hilltoppers,CUSA,0,1,0,1.07405,1.0936096280047105
4758,Western Kentucky Hilltoppers,Old Dominion Monarchs,CUSA,1,0,0,1.23681,1.2947713187637222
4759,Cincinnati Bearcats,UConn Huskies,American,0,0,1,0.94329,1.009593952387789
4760,UConn Huskies,Cincinnati Bearcats,American,0,0,1,1.04301,1.1718503702055643
4761,Stony Brook Seawolves,Vermont Catamounts,AM. EAST,0,1,0,0.95704,1.0785093888438502
4762,Vermont Catamounts,Stony Brook Seawolves,AM. EAST,1,0,0,1.21402,1.2758871775846394
4763,Georgetown Hoyas,Providence Friars,Big East,0,1,0,0.90236,0.9142185882253269
4764,Providence Friars,Georgetown Hoyas,Big East,1,0,0,0.97352,0.9420473347010455
4765,Clemson Tigers,Pittsburgh Panthers,ACC,0,1,0,1.3496,1.2505294111637784
4766,Pittsburgh Panthers,Clemson Tigers,ACC,1,0,0,1.11504,1.0917801627301449
4767,Georgia Tech Yellow Jackets,Wake Forest Demon Deacons,ACC,0,1,0,1.04958,0.9978042767377348
4768,Wake Forest Demon Deacons,Georgia Tech Yellow Jackets,ACC,1,0,0,1.18798,1.1525419796404985
4769,Navy Midshipmen,Army Black Knights,Patriot,0,1,0,1.32685,1.312874535601935
4770,Army Black Knights,Navy Midshipmen,Patriot,1,0,0,1.1139,1.0728318382783728
4771,George Washington Revolutionaries,La Salle Explorers,A-10,0,1,0,0.90991,0.9953877639117635
4772,La Salle Explorers,George Washington Revolutionaries,A-10,1,0,0,1.15537,1.1784808335391441
4773,Minnesota Golden Gophers,Michigan Wolverines,Big Ten,0,1,0,0.99289,0.9726519742698367
4774,Michigan Wolverines,Minnesota Golden Gophers,Big Ten,1,0,0,1.07999,1.008253712821091
4775,Rhode Island Rams,Duquesne Dukes,A-10,0,1,0,1.06399,0.9455061287499853
4776,Duquesne Dukes,Rhode Island Rams,A-10,1,0,0,1.00353,1.060139714075498
4777,Buffalo Bulls,Western Michigan Broncos,MAC,0,1,0,1.00616,0.9550724505456668
4778,Western Michigan Broncos,Buffalo Bulls,MAC,1,0,0,1.21705,1.1970977646292582
4779,Lafayette Leopards,Boston University Terriers,Patriot,0,1,0,1.08795,1.0265708316234237
4780,Boston University Terriers,Lafayette Leopards,Patriot,1,0,0,1.07927,0.9530531776941318
4781,Denver Pioneers,IU Indianapolis Jaguars,Summit,0,1,0,0.88923,0.9187374169744749
4782,IU Indianapolis Jaguars,Denver Pioneers,Summit,1,0,0,0.96865,0.9227852485499503
4783,Northeastern Huskies,Towson Tigers,CAA,0,1,0,1.0016,0.9557053925550667
4784,Towson Tigers,Northeastern Huskies,CAA,1,0,0,0.94944,0.9538630351266779
4785,Alabama Crimson Tide,Tennessee Volunteers,SEC,0,1,0,1.03648,0.9965876391631197
4786,Tennessee Volunteers,Alabama Crimson Tide,SEC,1,0,0,0.7218,0.678902129693252
4787,UAlbany Great Danes,UMass Lowell River Hawks,AM. EAST,0,1,0,1.11111,1.1352208329420195
4788,UMass Lowell River Hawks,UAlbany Great Danes,AM. EAST,1,0,0,0.87665,0.8889425249153459
4789,Troy Trojans,Georgia State Panthers,Sun Belt,0,1,0,1.28955,1.37244941441367
4790,Georgia State Panthers,Troy Trojans,Sun Belt,1,0,0,1.37249,1.3181629039234655
4791,St. Francis Brooklyn Terriers,Mount St. Mary's Mountaineers,NEC,0,1,0,0.98362,1.032121833806158
4792,Mount St. Mary's Mountaineers,St. Francis Brooklyn Terriers,NEC,1,0,0,1.21005,1.2107452478512113
4793,Colorado State Rams,Air Force Falcons,Mountain West,0,0,1,1.31567,1.2671500794128463
4794,Air Force Falcons,Colorado State Rams,Mountain West,0,0,1,1.3257,1.3732357687474392
4795,Kennesaw State Owls,South Carolina Upstate Spartans,ASUN,0,1,0,1.05927,1.075694669100851
4796,South Carolina Upstate Spartans,Kennesaw State Owls,ASUN,1,0,0,1.10058,1.00462094069082
4797,Loyola Maryland Greyhounds,Lehigh Mountain Hawks,Patriot,0,1,0,1.08716,1.1230924111590281
4798,Lehigh Mountain Hawks,Loyola Maryland Greyhounds,Patriot,1,0,0,1.06076,1.0261943049906126
4799,Evansville Purple Aces,Bradley Braves,MVC,0,1,0,1.07221,1.0742626219512803
4800,Bradley Braves,Evansville Purple Aces,MVC,1,0,0,0.91146,0.8928220227108795
4801,Saint Peter's Peacocks,Rider Broncs,MAAC,0,1,0,0.85154,0.8939250561648749
4802,Rider Broncs,Saint Peter's Peacocks,MAAC,1,0,0,1.08374,1.0890601666099433
4803,Canisius Golden Griffins,Iona Gaels,MAAC,0,1,0,1.21645,1.2012125861712406
4804,Iona Gaels,Canisius Golden Griffins,MAAC,1,0,0,1.23635,1.2696885267291738
4805,Bucknell Bison,Holy Cross Crusaders,Patriot,0,1,0,1.01931,1.0038432529136698
4806,Holy Cross Crusaders,Bucknell Bison,Patriot,1,0,0,1.13452,1.0893625820051869
4807,Maine Black Bears,Binghamton Bearcats,AM. EAST,0,0,1,0.78193,0.7916203235689846
4808,Binghamton Bearcats,Maine Black Bears,AM. EAST,0,0,1,1.12622,1.0786998491109137
4809,Oakland Golden Grizzlies,Detroit Mercy Titans,Horizon,0,1,0,0.81854,0.8246958123166871
4810,Detroit Mercy Titans,Oakland Golden Grizzlies,Horizon,1,0,0,1.13291,1.0246114423148205
4811,Washington State Cougars,Washington Huskies,Pac-12,0,1,0,1.15676,1.1384788728627204
4812,Washington Huskies,Washington State Cougars,Pac-12,1,0,0,1.07807,0.9329850255834751
4813,North Texas Mean Green,Rice Owls,CUSA,0,1,0,1.00629,1.0082845619542646
4814,Rice Owls,North Texas Mean Green,CUSA,1,0,0,0.98065,0.965773874208233
4815,Louisiana Tech Bulldogs,UTSA Roadrunners,CUSA,0,1,0,1.36208,1.307198713041954
4816,UTSA Roadrunners,Louisiana Tech Bulldogs,CUSA,1,0,0,1.13982,1.1742111119808591
4817,Florida International Panthers,UAB Blazers,CUSA,0,1,0,0.80998,0.8658873363407549
4818,UAB Blazers,Florida International Panthers,CUSA,1,0,0,1.06853,1.0352885058870156
4819,North Florida Ospreys,Jacksonville Dolphins,ASUN,1,0,0,1.34833,1.2110039613993926
4820,Jacksonville Dolphins,North Florida Ospreys,ASUN,1,0,0,1.01713,0.9986565067030329
4821,Tulsa Golden Hurricane,Temple Owls,American,0,1,0,0.92015,1.01267804401848
4822,Temple Owls,Tulsa Golden Hurricane,American,1,0,0,0.80128,0.8576564742447007
4823,Portland State Vikings,North Dakota Fighting Hawks,Big Sky,0,1,0,1.19564,1.1291714814400557
4824,North Dakota Fighting Hawks,Portland State Vikings,Big Sky,1,0,0,1.10408,1.0240998159840833
4825,St. Francis (PA) Red Flash,Sacred Heart Pioneers,NEC,0,1,0,1.18792,1.184341045333346
4826,Sacred Heart Pioneers,St. Francis (PA) Red Flash,NEC,1,0,0,1.01539,1.036687466336577
4827,Robert Morris Colonials,Central Connecticut Blue Devils,NEC,0,1,0,1.27986,1.219927674639192
4828,Central Connecticut Blue Devils,Robert Morris Colonials,NEC,1,0,0,1.11289,1.0968993807120657
4829,Hampton Pirates,Bethune-Cookman Wildcats,MEAC,0,1,0,0.96698,0.9946622035526895
4830,Bethune-Cookman Wildcats,Hampton Pirates,MEAC,1,0,0,0.90299,0.9534405196971013
4831,Morgan State Bears,Delaware State Hornets,MEAC,0,1,0,1.08075,1.0995180007694967
4832,Delaware State Hornets,Morgan State Bears,MEAC,1,0,0,0.99001,0.9632320052995267
4833,James Madison Dukes,William & Mary Tribe,CAA,0,1,0,1.01012,0.9747152652946254
4834,William & Mary Tribe,James Madison Dukes,CAA,1,0,0,1.11963,1.05709511396577
4835,Incarnate Word Cardinals,Northwestern State Demons,Southland,0,1,0,1.27309,1.1702084317399106
4836,Northwestern State Demons,Incarnate Word Cardinals,Southland,1,0,0,1.27789,1.1891192899222678
4837,Long Island University Sharks,Wagner Seahawks,NEC,0,1,0,1.18832,1.1702368606036904
4838,Wagner Seahawks,Long Island University Sharks,NEC,1,0,0,1.24144,1.2247146296747815
4839,Fairleigh Dickinson Knights,Bryant Bulldogs,NEC,0,1,0,0.89593,0.852890678457823
4840,Bryant Bulldogs,Fairleigh Dickinson Knights,NEC,1,0,0,1.09067,1.0257106430614742
4841,Presbyterian Blue Hose,Radford Highlanders,Big South,0,1,0,1.25539,1.2408118573169593
4842,Radford Highlanders,Presbyterian Blue Hose,Big South,1,0,0,1.51035,1.361755269234218
4843,The Citadel Bulldogs,Mercer Bears,Southern,0,1,0,1.01539,0.9590275915834745
4844,Mercer Bears,The Citadel Bulldogs,Southern,1,0,0,1.49155,1.232744360528205
4845,VMI Keydets,Furman Paladins,Southern,0,1,0,1.17919,1.0502655264124374
4846,Furman Paladins,VMI Keydets,Southern,1,0,0,1.02482,0.8990210335800263
4847,Chattanooga Mocs,East Tennessee State Buccaneers,Southern,0,1,0,1.23373,1.169636007624488
4848,East Tennessee State Buccaneers,Chattanooga Mocs,Southern,1,0,0,1.15922,1.0945427361008064
4849,Boston College Eagles,Miami Hurricanes,ACC,0,1,0,1.01626,0.9943044697504569
4850,Miami Hurricanes,Boston College Eagles,ACC,1,0,0,1.07462,0.9711855384949345
4851,Ohio Bobcats,Bowling Green Falcons,MAC,0,1,0,0.90961,0.9269304312833856
4852,Bowling Green Falcons,Ohio Bobcats,MAC,1,0,0,1.18138,1.0785907224778615
4853,San Francisco Dons,Portland Pilots,WCC,0,1,0,1.34204,1.281953298899968
4854,Portland Pilots,San Francisco Dons,WCC,1,0,0,1.12969,1.0669662752201032
4855,Northern Iowa Panthers,Drake Bulldogs,MVC,0,1,0,1.46456,1.3373795947707827
4856,Drake Bulldogs,Northern Iowa Panthers,MVC,1,0,0,0.85103,0.8741333232200414
4857,Southern Utah Thunderbirds,Northern Arizona Lumberjacks,Big Sky,0,1,0,0.98743,0.9939877065562928
4858,Northern Arizona Lumberjacks,Southern Utah Thunderbirds,Big Sky,1,0,0,1.12456,0.9927005418325214
4859,Indiana State Sycamores,Southern Illinois Salukis,MVC,0,1,0,1.04521,1.021712098919962
4860,Southern Illinois Salukis,Indiana State Sycamores,MVC,1,0,0,1.01063,0.9736757539831512
4861,Belmont Bruins,Eastern Illinois Panthers,OVC,0,1,0,1.02815,1.0209693467296717
4862,Eastern Illinois Panthers,Belmont Bruins,OVC,1,0,0,1.19995,1.1512947690966875
4863,Coppin State Eagles,Howard Bison,MEAC,0,1,0,0.94473,1.053449867270582
4864,Howard Bison,Coppin State Eagles,MEAC,1,0,0,1.02492,0.9536612693446448
4865,South Carolina State Bulldogs,North Carolina Central Eagles,MEAC,0,1,0,0.76693,0.8837861936051519
4866,North Carolina Central Eagles,South Carolina State Bulldogs,MEAC,1,0,0,1.29273,1.2876849793093543
4867,UNC Greensboro Spartans,Western Carolina Catamounts,Southern,0,1,0,1.06838,0.9866546722757278
4868,Western Carolina Catamounts,UNC Greensboro Spartans,Southern,1,0,0,1.27336,1.1611663250280604
4869,Xavier Musketeers,Butler Bulldogs,Big East,0,1,0,1.16422,1.23710151096877
4870,Butler Bulldogs,Xavier Musketeers,Big East,1,0,0,1.37886,1.3308822728936176
4871,Central Michigan Chippewas,Ball State Cardinals,MAC,0,1,0,1.04488,0.9763748161476039
4872,Ball State Cardinals,Central Michigan Chippewas,MAC,1,0,0,1.36456,1.2975701271152131
4873,Colgate Raiders,American University Eagles,Patriot,0,1,0,1.14015,1.1732508424332901
4874,American University Eagles,Colgate Raiders,Patriot,1,0,0,1.13155,1.062855628808975
4875,South Carolina Gamecocks,Ole Miss Rebels,SEC,0,0,1,0.82272,0.8127596332979437
4876,Ole Miss Rebels,South Carolina Gamecocks,SEC,0,0,1,1.13452,1.1795595943098385
4877,Nicholls Colonels,Abilene Christian Wildcats,Southland,0,1,0,0.85331,0.7682222497411737
4878,Abilene Christian Wildcats,Nicholls Colonels,Southland,1,0,0,1.0838,1.0299672813039429
4879,Arizona State Sun Devils,Oregon Ducks,Pac-12,0,1,0,0.9195,0.9031861544477487
4880,Oregon Ducks,Arizona State Sun Devils,Pac-12,1,0,0,0.95789,0.9232633001638088
4881,Pennsylvania Quakers,Princeton Tigers,Ivy,0,1,0,1.06823,1.0329969460819544
4882,Princeton Tigers,Pennsylvania Quakers,Ivy,1,0,0,1.14566,1.0736985900775988
4883,Georgia Southern Eagles,South Alabama Jaguars,Sun Belt,0,1,0,1.29808,1.2565529200753547
4884,South Alabama Jaguars,Georgia Southern Eagles,Sun Belt,1,0,0,1.13495,1.1665729606615103
4885,UL Monroe Warhawks,Texas State Bobcats,Sun Belt,0,1,0,1.06153,1.150090397035459
4886,Texas State Bobcats,UL Monroe Warhawks,Sun Belt,1,0,0,0.96149,0.9970613711535246
4887,Longwood Lancers,Charleston Southern Buccaneers,Big South,0,1,0,0.86752,0.8102326903164003
4888,Charleston Southern Buccaneers,Longwood Lancers,Big South,1,0,0,1.09514,0.9826989816797354
4889,Eastern Michigan Eagles,Miami (OH) RedHawks,MAC,0,1,0,1.12082,1.057442168808006
4890,Miami (OH) RedHawks,Eastern Michigan Eagles,MAC,1,0,0,1.15866,1.150996224940405
4891,South Dakota State Jackrabbits,Omaha Mavericks,Summit,0,1,0,1.18371,1.186343600552067
4892,Omaha Mavericks,South Dakota State Jackrabbits,Summit,1,0,0,0.90533,0.935459476626369
4893,Alabama A&M Bulldogs,Mississippi Valley State Delta Devils,SWAC,0,1,0,1.4773,1.4320757902646941
4894,Mississippi Valley State Delta Devils,Alabama A&M Bulldogs,SWAC,1,0,0,1.15145,1.1074734257434857
4895,Norfolk State Spartans,Florida A&M Rattlers,MEAC,0,1,0,1.14486,1.0898708476200971
4896,Florida A&M Rattlers,Norfolk State Spartans,MEAC,1,0,0,0.7611,0.7798994090220908
4897,Savannah State Tigers,North Carolina A&T Aggies,MEAC,0,1,0,0.71577,0.7155251237408485
4898,North Carolina A&T Aggies,Savannah State Tigers,MEAC,1,0,0,1.09785,1.1213897551732697
4899,Delaware Blue Hens,Charleston Cougars,CAA,0,1,0,1.22911,1.220642850418079
4900,Charleston Cougars,Delaware Blue Hens,CAA,1,0,0,1.08196,0.9798090227653937
4901,App State Mountaineers,Little Rock Trojans,Sun Belt,0,1,0,0.82218,0.783976263497407
4902,Little Rock Trojans,App State Mountaineers,Sun Belt,1,0,0,1.12233,1.0621986168315245
4903,Boise State Broncos,Wyoming Cowboys,Mountain West,0,1,0,1.00518,1.0568567396646906
4904,Wyoming Cowboys,Boise State Broncos,Mountain West,1,0,0,1.23017,1.2620353991800402
4905,Fresno State Bulldogs,Nevada Wolf Pack,Mountain West,0,1,0,1.13511,1.1224455239581337
4906,Nevada Wolf Pack,Fresno State Bulldogs,Mountain West,1,0,0,1.0892,1.0215025039012273
4907,Southern Jaguars,Grambling Tigers,SWAC,0,1,0,0.96149,0.9075100332712008
4908,Grambling Tigers,Southern Jaguars,SWAC,1,0,0,0.84365,0.9151530261530597
4909,Pepperdine Waves,San Diego Toreros,WCC,0,1,0,0.98935,0.9987109178952278
4910,San Diego Toreros,Pepperdine Waves,WCC,1,0,0,0.78459,0.7690050645420579
4911,Alcorn State Braves,Jackson State Tigers,SWAC,0,1,0,0.81522,0.9077392056908068
4912,Jackson State Tigers,Alcorn State Braves,SWAC,1,0,0,0.97125,0.900599574648935
4913,Drexel Dragons,UNC Wilmington Seahawks,CAA,0,1,0,0.94426,0.9665541753624971
4914,UNC Wilmington Seahawks,Drexel Dragons,CAA,1,0,0,1.0582,1.0023931708633897
4915,Mississippi State Bulldogs,Florida Gators,SEC,0,1,0,0.87865,0.9487358983576095
4916,Florida Gators,Mississippi State Bulldogs,SEC,1,0,0,1.33262,1.283741572050644
4917,Missouri Tigers,Auburn Tigers,SEC,0,1,0,1.23191,1.1745503984755215
4918,Auburn Tigers,Missouri Tigers,SEC,1,0,0,1.33587,1.2064826878024844
4919,Eastern Kentucky Colonels,Southeast Missouri State Redhawks,OVC,0,1,0,1.18213,1.1747662964960475
4920,Southeast Missouri State Redhawks,Eastern Kentucky Colonels,OVC,1,0,0,0.92885,0.937979906272726
4921,Morehead State Eagles,UT Martin Skyhawks,OVC,0,1,0,1.18521,1.158771257044219
4922,UT Martin Skyhawks,Morehead State Eagles,OVC,1,0,0,1.23694,1.243310668940772
4923,Central Arkansas Bears,Lamar Cardinals,Southland,0,1,0,1.00877,0.9788538571154596
4924,Lamar Cardinals,Central Arkansas Bears,Southland,1,0,0,1.30054,1.156720315322644
4925,Charlotte 49ers,Marshall Thundering Herd,CUSA,0,1,0,1.12969,1.1239238251930854
4926,Marshall Thundering Herd,Charlotte 49ers,CUSA,1,0,0,1.08507,1.0268293520096576
4927,Harvard Crimson,Dartmouth Big Green,Ivy,0,1,0,1.07408,1.0848764509310793
4928,Dartmouth Big Green,Harvard Crimson,Ivy,1,0,0,0.8668,0.9198124084448791
4929,Saint Louis Billikens,Davidson Wildcats,A-10,0,1,0,0.88834,0.8637190117847512
4930,Davidson Wildcats,Saint Louis Billikens,A-10,1,0,0,1.42104,1.3276576262715374
4931,Dayton Flyers,Fordham Rams,A-10,0,1,0,1.36967,1.333926582462525
4932,Fordham Rams,Dayton Flyers,A-10,1,0,0,1.02124,1.053150385457473
4933,Coastal Carolina Chanticleers,Liberty Flames,Big South,0,1,0,1.06766,1.023510491089706
4934,Liberty Flames,Coastal Carolina Chanticleers,Big South,1,0,0,0.83905,0.8297368251163408
4935,Campbell Fighting Camels,High Point Panthers,Big South,0,1,0,1.041,1.0300286103060474
4936,High Point Panthers,Campbell Fighting Camels,Big South,1,0,0,1.1806,1.0975970869341143
4937,Winthrop Eagles,Gardner-Webb Runnin' Bulldogs,Big South,0,1,0,1.06633,0.9965699230106583
4938,Gardner-Webb Runnin' Bulldogs,Winthrop Eagles,Big South,1,0,0,1.07201,1.0469287061348895
4939,Samford Bulldogs,Wofford Terriers,Southern,0,1,0,1.11351,1.1463972368397095
4940,Wofford Terriers,Samford Bulldogs,Southern,1,0,0,1.36861,1.228088048623123
4941,Stetson Hatters,Florida Gulf Coast Eagles,ASUN,0,1,0,0.75968,0.8219521626732272
4942,Florida Gulf Coast Eagles,Stetson Hatters,ASUN,1,0,0,1.1241,1.0045775440852458
4943,South Dakota Coyotes,Purdue Fort Wayne Mastodons,Summit,0,1,0,1.11782,1.0953413017785958
4944,Purdue Fort Wayne Mastodons,South Dakota Coyotes,Summit,1,0,0,1.09761,1.0328161188396205
4945,Niagara Purple Eagles,Manhattan Jaspers,MAAC,0,1,0,1.0529,1.0971091345954822
4946,Manhattan Jaspers,Niagara Purple Eagles,MAAC,1,0,0,1.21798,1.1086001161523011
4947,Sam Houston Bearkats,New Orleans Privateers,Southland,0,1,0,1.01831,0.9840454465818258
4948,New Orleans Privateers,Sam Houston Bearkats,Southland,1,0,0,0.901,0.9836502801223757
4949,Northern Kentucky Norse,Lipscomb Bisons,ASUN,0,1,0,0.96862,0.9261875566970469
4950,Lipscomb Bisons,Northern Kentucky Norse,ASUN,1,0,0,1.23934,1.1492861711590223
4951,Hofstra Pride,Elon Phoenix,CAA,0,1,0,1.1037,1.0982575264533663
4952,Elon Phoenix,Hofstra Pride,CAA,1,0,0,0.86475,0.8091074430499597
4953,Tennessee State Tigers,SIU Edwardsville Cougars,OVC,0,1,0,0.67273,0.6674994419561824
4954,SIU Edwardsville Cougars,Tennessee State Tigers,OVC,1,0,0,0.8138,0.7531389110444789
4955,McNeese Cowboys,Texas A&M-Corpus Christi Islanders,Southland,0,1,0,0.9177,0.909798216691814
4956,Texas A&M-Corpus Christi Islanders,McNeese Cowboys,Southland,1,0,0,1.11922,1.0294591977090066
4957,Houston Christian Huskies,SE Louisiana Lions,Southland,0,1,0,0.97149,0.9832429050404857
4958,SE Louisiana Lions,Houston Christian Huskies,Southland,1,0,0,1.30208,1.1886265385043422
4959,Florida Atlantic Owls,Middle Tennessee Blue Raiders,CUSA,0,1,0,0.90716,0.9458167790654589
4960,Middle Tennessee Blue Raiders,Florida Atlantic Owls,CUSA,1,0,0,1.28562,1.2120132210598926
4961,Chicago State Cougars,UT Rio Grande Valley Vaqueros,WAC,0,1,0,1.14661,1.1698275608761406
4962,UT Rio Grande Valley Vaqueros,Chicago State Cougars,WAC,1,0,0,1.21036,1.2518797692773205
4963,Kent State Golden Flashes,Northern Illinois Huskies,MAC,0,1,0,1.10992,1.0816292393794265
4964,Northern Illinois Huskies,Kent State Golden Flashes,MAC,1,0,0,1.09419,1.0487994879543556
4965,Oral Roberts Golden Eagles,Western Illinois Leathernecks,Summit,0,1,0,1.0442,1.0250807426888042
4966,Western Illinois Leathernecks,Oral Roberts Golden Eagles,Summit,1,0,0,0.88885,0.8286014451009438
4967,Cleveland State Vikings,Valparaiso Beacons,Horizon,0,1,0,0.93244,0.9762408203334884
4968,Valparaiso Beacons,Cleveland State Vikings,Horizon,1,0,0,0.96021,0.930395346687406
4969,Arkansas State Red Wolves,UT Arlington Mavericks,Sun Belt,0,1,0,0.78581,0.8030984158302915
4970,UT Arlington Mavericks,Arkansas State Red Wolves,Sun Belt,1,0,0,1.1665,1.1268625289646288
4971,Texas Southern Tigers,Prairie View A&M Panthers,SWAC,0,1,0,1.19919,1.2867930606140847
4972,Prairie View A&M Panthers,Texas Southern Tigers,SWAC,1,0,0,1.08979,1.0913786646726567
4973,Alabama State Hornets,Arkansas-Pine Bluff Golden Lions,SWAC,0,1,0,1.28472,1.320855641958189
4974,Arkansas-Pine Bluff Golden Lions,Alabama State Hornets,SWAC,1,0,0,1.16433,1.2079280586198504
4975,Austin Peay Governors,Tennessee Tech Golden Eagles,OVC,0,1,0,0.86037,0.801472843408802
4976,Tennessee Tech Golden Eagles,Austin Peay Governors,OVC,1,0,0,1.10229,1.0450772106642707
4977,Georgia Bulldogs,LSU Tigers,SEC,0,1,0,1.02459,1.0557061583498735
4978,LSU Tigers,Georgia Bulldogs,SEC,1,0,0,1.10357,1.1072198315777886
4979,New Mexico Lobos,Utah State Aggies,Mountain West,0,1,0,1.16922,1.167860045067025
4980,Utah State Aggies,New Mexico Lobos,Mountain West,1,0,0,1.10035,1.1213964108911172
4981,Southern Miss Golden Eagles,UTEP Miners,CUSA,0,1,0,0.74458,0.8163881344217933
4982,UTEP Miners,Southern Miss Golden Eagles,CUSA,1,0,0,1.38639,1.2871147524462703
4983,Kansas City Roos,New Mexico State Aggies,WAC,0,1,0,0.94506,1.113923895556629
4984,New Mexico State Aggies,Kansas City Roos,WAC,1,0,0,1.36605,1.3842060684398576
4985,Cal State Bakersfield Roadrunners,Grand Canyon Lopes,WAC,0,1,0,1.21167,1.2367921638123673
4986,Grand Canyon Lopes,Cal State Bakersfield Roadrunners,WAC,1,0,0,1.36864,1.4233723362962056
4987,Loyola Marymount Lions,BYU Cougars,WCC,0,1,0,1.10947,1.0686482417418894
4988,BYU Cougars,Loyola Marymount Lions,WCC,1,0,0,1.33668,1.177089219431635
4989,Sacramento State Hornets,Northern Colorado Bears,Big Sky,0,1,0,1.17276,1.0253043822530212
4990,Northern Colorado Bears,Sacramento State Hornets,Big Sky,1,0,0,1.35701,1.2414852874543927
4991,Montana State Bobcats,Weber State Wildcats,Big Sky,0,1,0,1.06363,1.0260237543692825
4992,Weber State Wildcats,Montana State Bobcats,Big Sky,1,0,0,1.09845,1.002546959353476
4993,Seattle U Redhawks,Utah Valley Wolverines,WAC,0,1,0,0.87933,0.932774471345285
4994,Utah Valley Wolverines,Seattle U Redhawks,WAC,1,0,0,1.22921,1.3052783853054588
4995,Montana Grizzlies,Idaho State Bengals,Big Sky,0,1,0,1.46484,1.415872002899891
4996,Idaho State Bengals,Montana Grizzlies,Big Sky,1,0,0,1.0502,0.9992869453648459
4997,UC Santa Barbara Gauchos,Cal Poly Mustangs,Big West,0,1,0,0.89737,0.9169984628583773
4998,Cal Poly Mustangs,UC Santa Barbara Gauchos,Big West,1,0,0,0.79557,0.7753305399349549
4999,UC Riverside Highlanders,UC Irvine Anteaters,Big West,0,1,0,0.87175,0.9292097792074141
5000,UC Irvine Anteaters,UC Riverside Highlanders,Big West,1,0,0,1.10103,1.0647348167123922
5001,San José State Spartans,UNLV Rebels,Mountain West,0,1,0,0.65186,0.7011640683531384
5002,UNLV Rebels,San José State Spartans,Mountain West,1,0,0,1.18736,1.0728075243227664
5003,Eastern Washington Eagles,Idaho Vandals,Big Sky,0,1,0,1.4141,1.3435959830572186
5004,Idaho Vandals,Eastern Washington Eagles,Big Sky,1,0,0,1.30436,1.2215232816398485
5005,Long Beach State Beach,UC Davis Aggies,Big West,0,1,0,0.99475,0.9579994999133858
5006,UC Davis Aggies,Long Beach State Beach,Big West,1,0,0,1.05438,1.0429697945887209
5007,Saint Mary's Gaels,Pacific Tigers,WCC,0,1,0,0.9827,0.8584818675697264
5008,Pacific Tigers,Saint Mary's Gaels,WCC,1,0,0,0.92514,0.8740458402667486
5009,Cal State Northridge Matadors,Hawai'i Rainbow Warriors,Big West,0,1,0,0.88145,0.9103977289773764
5010,Hawai'i Rainbow Warriors,Cal State Northridge Matadors,Big West,1,0,0,1.10335,1.0111700413941687
5011,Duke Blue Devils,NC State Wolfpack,ACC,0,1,0,1.1091,1.0851743859811838
5012,NC State Wolfpack,Duke Blue Devils,ACC,1,0,0,1.31493,1.3219002799246118
5013,Wisconsin Badgers,Rutgers Scarlet Knights,Big Ten,0,1,0,1.15245,1.0920137856654049
5014,Rutgers Scarlet Knights,Wisconsin Badgers,Big Ten,1,0,0,1.27824,1.2827606589497424
5015,Arizona Wildcats,Oregon State Beavers,Pac-12,0,1,0,1.06293,1.1221664101498399
5016,Oregon State Beavers,Arizona Wildcats,Pac-12,1,0,0,1.12971,1.2147194213507646
5017,Wichita State Shockers,Loyola Chicago Ramblers,MVC,0,1,0,1.33803,1.3580880254715375
5018,Loyola Chicago Ramblers,Wichita State Shockers,MVC,1,0,0,1.05601,1.1134917817296095
5019,Northwestern Wildcats,Michigan State Spartans,Big Ten,0,1,0,1.16177,1.207820945067516
5020,Michigan State Spartans,Northwestern Wildcats,Big Ten,1,0,0,1.26008,1.147426570932615
5021,Massachusetts Minutemen,George Mason Patriots,A-10,0,1,0,1.06622,1.0267994188580098
5022,George Mason Patriots,Massachusetts Minutemen,A-10,1,0,0,1.03433,0.9945095604898911
5023,New Hampshire Wildcats,UMBC Retrievers,AM. EAST,0,1,0,1.13069,1.1090910280040174
5024,UMBC Retrievers,New Hampshire Wildcats,AM. EAST,1,0,0,1.07315,1.1244922566253508
5025,Marist Red Foxes,Quinnipiac Bobcats,MAAC,0,1,0,0.88111,0.9118572797123515
5026,Quinnipiac Bobcats,Marist Red Foxes,MAAC,1,0,0,1.06096,1.0148615333491138
5027,SMU Mustangs,UCF Knights,American,0,1,0,1.28555,1.2069702046683197
5028,UCF Knights,SMU Mustangs,American,1,0,0,1.06614,1.1180063688840025
5029,Fairfield Stags,Siena Saints,MAAC,0,0,1,1.30208,1.2211743797769425
5030,Siena Saints,Fairfield Stags,MAAC,0,0,1,1.04855,1.061263789247978
5031,St. Bonaventure Bonnies,Richmond Spiders,A-10,0,1,0,0.71086,0.7703108934467251
5032,Richmond Spiders,St. Bonaventure Bonnies,A-10,1,0,0,1.02728,1.0059933277631616
5033,South Florida Bulls,Tulane Green Wave,American,0,1,0,0.79055,0.7956151357457752
5034,Tulane Green Wave,South Florida Bulls,American,1,0,0,0.8991,0.8380825493675633
5035,Illinois State Redbirds,Missouri State Bears,MVC,0,1,0,1.18684,1.1347142766181773
5036,Missouri State Bears,Illinois State Redbirds,MVC,1,0,0,0.9205,0.9644618892662081
5037,Memphis Tigers,Houston Cougars,American,0,1,0,1.00848,0.9972925118106103
5038,Houston Cougars,Memphis Tigers,American,1,0,0,0.73076,0.7843723123263193
5039,Murray State Racers,Jacksonville State Gamecocks,OVC,0,1,0,1.43725,1.3815054430290952
5040,Jacksonville State Gamecocks,Murray State Racers,OVC,1,0,0,0.93711,0.9272614291523447
5041,California Golden Bears,UCLA Bruins,Pac-12,0,1,0,0.88722,0.8820240581372899
5042,UCLA Bruins,California Golden Bears,Pac-12,1,0,0,1.22332,1.2010779977561274
5043,Youngstown State Penguins,Green Bay Phoenix,Horizon,0,0,1,0.97474,1.0551162819822832
5044,Green Bay Phoenix,Youngstown State Penguins,Horizon,0,0,1,1.21885,1.1071729041615173
5045,Florida State Seminoles,Syracuse Orange,ACC,0,1,0,0.9101,0.9523308890351584
5046,Syracuse Orange,Florida State Seminoles,ACC,1,0,0,1.14505,1.0687434443465558
5047,Illinois Fighting Illini,Nebraska Cornhuskers,Big Ten,0,1,0,0.74011,0.753201718850588
5048,Nebraska Cornhuskers,Illinois Fighting Illini,Big Ten,1,0,0,0.93257,0.9108798955716092
5049,Stanford Cardinal,USC Trojans,Pac-12,0,1,0,1.09383,1.0629876153632438
5050,USC Trojans,Stanford Cardinal,Pac-12,1,0,0,1.12198,1.0627502723653046
5051,Monmouth Hawks,Rider Broncs,MAAC,0,1,0,0.96646,1.008845056164875
5052,Rider Broncs,Monmouth Hawks,MAAC,1,0,0,0.92944,0.9341579468807164
5053,Lamar Cardinals,Texas A&M-Corpus Christi Islanders,Southland,0,1,0,1.11825,1.110348216691814
5054,Texas A&M-Corpus Christi Islanders,Lamar Cardinals,Southland,1,0,0,1.11932,1.0562257067208525
5055,South Carolina State Bulldogs,North Carolina A&T Aggies,MEAC,0,1,0,0.97073,0.9704851237408485
5056,North Carolina A&T Aggies,South Carolina State Bulldogs,MEAC,1,0,0,0.87564,0.8705949793093546
5057,Maryland Eastern Shore Hawks,Morgan State Bears,MEAC,0,1,0,1.19345,1.1998501556941337
5058,Morgan State Bears,Maryland Eastern Shore Hawks,MEAC,1,0,0,0.77107,0.7712837680498833
5059,Delaware State Hornets,Howard Bison,MEAC,0,1,0,1.25063,1.359349867270582
5060,Howard Bison,Delaware State Hornets,MEAC,1,0,0,1.20976,1.1953498503748894
5061,Norfolk State Spartans,Bethune-Cookman Wildcats,MEAC,0,1,0,1.31793,1.3456122035526894
5062,Bethune-Cookman Wildcats,Norfolk State Spartans,MEAC,1,0,0,0.92885,0.9476494090220907
5063,Savannah State Tigers,North Carolina Central Eagles,MEAC,0,1,0,0.72997,0.8468261936051519
5064,North Carolina Central Eagles,Savannah State Tigers,MEAC,1,0,0,1.05476,1.0782997551732696
5065,Hampton Pirates,Florida A&M Rattlers,MEAC,0,1,0,1.0233,0.9683108476200972
5066,Florida A&M Rattlers,Hampton Pirates,MEAC,1,0,0,0.84438,0.8948305196971014
5067,Sam Houston Bearkats,SE Louisiana Lions,Southland,0,1,0,1.1426,1.154352905040486
5068,SE Louisiana Lions,Sam Houston Bearkats,Southland,1,0,0,0.95849,1.0411402801223755
5069,New Orleans Privateers,Incarnate Word Cardinals,Southland,0,1,0,0.99985,0.9442574403168751
5070,Incarnate Word Cardinals,New Orleans Privateers,Southland,1,0,0,1.47119,1.4037472961872188
5071,UTSA Roadrunners,UT Rio Grande Valley Vaqueros,CUSA,0,1,0,1.18768,1.1020226882012123
5072,UT Rio Grande Valley Vaqueros,UTSA Roadrunners,WAC,1,0,0,0.7628,0.7836154353222755
5073,Coastal Carolina Chanticleers,Campbell Fighting Camels,Big South,0,1,0,1.23087,1.1810452373287212
5074,Campbell Fighting Camels,Coastal Carolina Chanticleers,Big South,1,0,0,1.13445,1.125136825116341
5075,Alabama State Hornets,Mississippi Valley State Delta Devils,SWAC,0,1,0,1.23274,1.187515790264694
5076,Mississippi Valley State Delta Devils,Alabama State Hornets,SWAC,1,0,0,1.10199,1.1455880586198504
5077,Alcorn State Braves,Grambling Tigers,SWAC,0,1,0,1.05634,1.0023600332712008
5078,Grambling Tigers,Alcorn State Braves,SWAC,1,0,0,1.07737,1.006719574648935
5079,Southern Jaguars,Jackson State Tigers,SWAC,0,1,0,1.09266,1.1851792056908068
5080,Jackson State Tigers,Southern Jaguars,SWAC,1,0,0,0.93714,1.0086430261530597
5081,Alabama A&M Bulldogs,Arkansas-Pine Bluff Golden Lions,SWAC,0,1,0,0.92231,0.9584456419581889
5082,Arkansas-Pine Bluff Golden Lions,Alabama A&M Bulldogs,SWAC,1,0,0,0.93844,0.8944634257434858
5083,Missouri Tigers,Kentucky Wildcats,SEC,0,1,0,0.62649,0.8129412577546541
5084,Kentucky Wildcats,Missouri Tigers,SEC,1,0,0,1.46378,1.3343926878024845
5085,Clemson Tigers,Virginia Cavaliers,ACC,0,1,0,0.8459,0.9609176640880129
5086,Virginia Cavaliers,Clemson Tigers,ACC,1,0,0,1.26795,1.2446901627301448
5087,Miami Hurricanes,Duke Blue Devils,ACC,0,1,0,1.26348,1.303628430319219
5088,Duke Blue Devils,Miami Hurricanes,ACC,1,0,0,1.05884,1.0037063193558498
5089,Virginia Tech Hokies,Louisville Cardinals,ACC,0,1,0,1.06742,1.1542832199444133
5090,Louisville Cardinals,Virginia Tech Hokies,ACC,1,0,0,1.3088,1.1721101452750635
5091,Oklahoma State Cowboys,Kansas Jayhawks,Big 12,0,1,0,0.84821,0.8947864116958972
5092,Kansas Jayhawks,Oklahoma State Cowboys,Big 12,1,0,0,1.00797,0.9804560172243335
5093,Oklahoma Sooners,West Virginia Mountaineers,Big 12,0,1,0,0.92599,0.9506053484997778
5094,West Virginia Mountaineers,Oklahoma Sooners,Big 12,1,0,0,1.25397,1.2909210200377257
5095,VCU Rams,Rhode Island Rams,A-10,0,1,0,0.99221,1.0819978644701052
5096,Rhode Island Rams,VCU Rams,A-10,1,0,0,0.95158,0.980106821411293
5097,Arkansas Razorbacks,Tennessee Volunteers,SEC,0,1,0,1.01005,0.9701576391631195
5098,Tennessee Volunteers,Arkansas Razorbacks,SEC,1,0,0,1.14299,1.093033598989875
5099,Butler Bulldogs,Seton Hall Pirates,Big East,0,0,1,1.19889,1.1578705448346736
5100,Seton Hall Pirates,Butler Bulldogs,Big East,0,0,1,1.13028,1.2031615109687699
5101,Northern Iowa Panthers,Bradley Braves,MVC,0,1,0,1.15782,1.1598726219512803
5102,Bradley Braves,Northern Iowa Panthers,MVC,1,0,0,0.94963,0.9727333232200415
5103,UMass Lowell River Hawks,Maine Black Bears,AM. EAST,0,0,1,1.07927,1.0317498491109136
5104,Maine Black Bears,UMass Lowell River Hawks,AM. EAST,0,0,1,1.02499,1.0491008329420195
5105,Michigan Wolverines,Ohio State Buckeyes,Big Ten,0,1,0,0.86473,0.9009741453182701
5106,Ohio State Buckeyes,Michigan Wolverines,Big Ten,1,0,0,1.18981,1.1363938238752296
5107,Penn State Nittany Lions,Indiana Hoosiers,Big Ten,0,1,0,1.13767,1.0337319507178924
5108,Indiana Hoosiers,Penn State Nittany Lions,Big Ten,1,0,0,1.17737,1.1495920413369747
5109,Pennsylvania Quakers,Niagara Purple Eagles,Ivy,0,0,1,1.05235,0.9643845986986125
5110,Niagara Purple Eagles,Pennsylvania Quakers,MAAC,0,0,1,0.86651,0.8394904083205019
5111,Fairfield Stags,Iona Gaels,MAAC,0,1,0,1.00762,0.9923825861712406
5112,Iona Gaels,Fairfield Stags,MAAC,1,0,0,1.33086,1.3103956388533706
5113,Houston Christian Huskies,Nicholls Colonels,Southland,0,1,0,1.04094,1.0202854316985501
5114,Nicholls Colonels,Houston Christian Huskies,Southland,1,0,0,1.09706,0.9836065385043423
5115,Abilene Christian Wildcats,Northwestern State Demons,Southland,0,1,0,1.49303,1.3901484317399104
5116,Northwestern State Demons,Abilene Christian Wildcats,Southland,1,0,0,1.28699,1.1687240993465666
5117,South Carolina Upstate Spartans,Lipscomb Bisons,ASUN,0,1,0,0.9937,0.9512675566970469
5118,Lipscomb Bisons,South Carolina Upstate Spartans,ASUN,1,0,0,1.01133,0.9945765187062442
5119,Stephen F. Austin Lumberjacks,Central Arkansas Bears,Southland,0,1,0,1.45194,1.341298465717251
5120,Central Arkansas Bears,Stephen F. Austin Lumberjacks,Southland,1,0,0,0.75445,0.7927353507784772
5121,Wake Forest Demon Deacons,Syracuse Orange,ACC,0,1,0,1.19484,1.2370708890351583
5122,Syracuse Orange,Wake Forest Demon Deacons,ACC,1,0,0,1.17194,1.0869861263431275
5123,Mississippi State Bulldogs,Texas A&M Aggies,SEC,0,1,0,1.08121,1.089230955807242
5124,Texas A&M Aggies,Mississippi State Bulldogs,SEC,1,0,0,1.14435,1.095471572050644
5125,Alabama Crimson Tide,South Carolina Gamecocks,SEC,0,1,0,1.07087,1.1159095943098385
5126,South Carolina Gamecocks,Alabama Crimson Tide,SEC,1,0,0,1.09176,1.048862129693252
5127,Iowa Hawkeyes,Minnesota Golden Gophers,Big Ten,0,1,0,1.31748,1.2789218632156982
5128,Minnesota Golden Gophers,Iowa Hawkeyes,Big Ten,1,0,0,1.2799,1.2604533416515524
5129,Georgetown Hoyas,DePaul Blue Demons,Big East,0,0,1,1.33022,1.2355273986523534
5130,DePaul Blue Demons,Georgetown Hoyas,Big East,0,0,1,1.20038,1.2020854850956526
5131,UConn Huskies,Tulsa Golden Hurricane,American,0,1,0,0.93063,1.0201846246393078
5132,Tulsa Golden Hurricane,UConn Huskies,American,1,0,0,1.12337,1.156495801993182
5133,UNLV Rebels,Boise State Broncos,Mountain West,0,1,0,1.02982,1.0948635495746473
5134,Boise State Broncos,UNLV Rebels,Mountain West,1,0,0,1.16435,1.1804759179585314
5135,Xavier Musketeers,Villanova Wildcats,Big East,0,1,0,1.14419,1.2123504410893013
5136,Villanova Wildcats,Xavier Musketeers,Big East,1,0,0,1.40249,1.3545122728936176
5137,Iowa State Cyclones,Baylor Bears,Big 12,0,1,0,1.18151,1.219081987367249
5138,Baylor Bears,Iowa State Cyclones,Big 12,1,0,0,1.22199,1.183330564742103
5139,Notre Dame Fighting Irish,Georgia Tech Yellow Jackets,ACC,0,1,0,1.12593,1.1236701300351057
5140,Georgia Tech Yellow Jackets,Notre Dame Fighting Irish,ACC,1,0,0,1.12561,1.0527298996196177
5141,Southern Illinois Salukis,Wichita State Shockers,MVC,0,1,0,0.92825,1.0189099321242168
5142,Wichita State Shockers,Southern Illinois Salukis,MVC,1,0,0,1.15244,1.0957639485253547
5143,Rutgers Scarlet Knights,Maryland Terrapins,Big Ten,0,1,0,0.96671,0.9817828060932576
5144,Maryland Terrapins,Rutgers Scarlet Knights,Big Ten,1,0,0,1.09697,1.0033556352707977
5145,North Carolina Tar Heels,NC State Wolfpack,ACC,0,1,0,1.23862,1.2146943859811838
5146,NC State Wolfpack,North Carolina Tar Heels,ACC,1,0,0,1.21589,1.192564177271064
5147,Saint Peter's Peacocks,Monmouth Hawks,MAAC,0,1,0,0.8955,0.9333960972753235
5148,Monmouth Hawks,Saint Peter's Peacocks,MAAC,1,0,0,0.91506,0.9203801666099436
5149,George Mason Patriots,St. Bonaventure Bonnies,A-10,0,0,1,0.92525,0.9371414781577686
5150,St. Bonaventure Bonnies,George Mason Patriots,A-10,0,0,1,1.29776,1.25833941885801
5151,UNC Wilmington Seahawks,William & Mary Tribe,CAA,0,1,0,1.26775,1.2323452652946254
5152,William & Mary Tribe,UNC Wilmington Seahawks,CAA,1,0,0,1.37825,1.36736602496789
5153,Hofstra Pride,Northeastern Huskies,CAA,0,1,0,1.14061,1.178211185521285
5154,Northeastern Huskies,Hofstra Pride,CAA,1,0,0,1.30352,1.2478774430499597
5155,Towson Tigers,Delaware Blue Hens,CAA,0,1,0,0.98678,0.9178071731600008
5156,Delaware Blue Hens,Towson Tigers,CAA,1,0,0,1.07108,0.9920072421604595
5157,Charleston Cougars,Elon Phoenix,CAA,0,1,0,1.17401,1.1685675264533664
5158,Elon Phoenix,Charleston Cougars,CAA,1,0,0,0.86288,0.821234700023472
5159,Cleveland State Vikings,Wright State Raiders,Horizon,0,1,0,1.03639,1.0156058958146628
5160,Wright State Raiders,Cleveland State Vikings,Horizon,1,0,0,0.99093,0.961115346687406
5161,UMBC Retrievers,Stony Brook Seawolves,AM. EAST,0,1,0,0.93315,1.0281953279792464
5162,Stony Brook Seawolves,UMBC Retrievers,AM. EAST,1,0,0,1.14233,1.0875528776094103
5163,LSU Tigers,Ole Miss Rebels,SEC,0,0,1,1.06845,1.0584896332979434
5164,Ole Miss Rebels,LSU Tigers,SEC,0,0,1,0.9989,1.0300161583498737
5165,Hartford Hawks,New Hampshire Wildcats,AM. EAST,0,1,0,1.12434,1.2088604070199578
5166,New Hampshire Wildcats,Hartford Hawks,AM. EAST,1,0,0,1.16475,1.1724323773761085
5167,Binghamton Bearcats,UAlbany Great Danes,AM. EAST,0,1,0,1.05476,1.1002306753099529
5168,UAlbany Great Danes,Binghamton Bearcats,AM. EAST,1,0,0,1.33876,1.3152721731743773
5169,Dartmouth Big Green,Vermont Catamounts,Ivy,0,1,0,0.97774,1.0386950382296996
5170,Vermont Catamounts,Dartmouth Big Green,AM. EAST,1,0,0,1.03043,1.068562651150623
5171,Davidson Wildcats,Massachusetts Minutemen,A-10,0,1,0,1.07124,1.0645977108844984
5172,Massachusetts Minutemen,Davidson Wildcats,A-10,1,0,0,0.93857,0.880770861390144
5173,Fordham Rams,Saint Joseph's Hawks,A-10,0,1,0,0.90081,0.9279700175513793
5174,Saint Joseph's Hawks,Fordham Rams,A-10,1,0,0,1.11462,1.045698432067918
5175,La Salle Explorers,Dayton Flyers,A-10,0,1,0,0.86231,0.9273985358520802
5176,Dayton Flyers,La Salle Explorers,A-10,1,0,0,1.07625,1.1285496135171564
5177,Winthrop Eagles,UNC Asheville Bulldogs,Big South,0,1,0,1.21528,1.1982139435625456
5178,UNC Asheville Bulldogs,Winthrop Eagles,Big South,1,0,0,0.97976,0.9546787061348895
5179,Presbyterian Blue Hose,Longwood Lancers,Big South,0,1,0,1.13363,1.0543671320743426
5180,Longwood Lancers,Presbyterian Blue Hose,Big South,1,0,0,1.01856,0.8699652692342177
5181,High Point Panthers,Gardner-Webb Runnin' Bulldogs,Big South,0,1,0,1.36378,1.2940199230106584
5182,Gardner-Webb Runnin' Bulldogs,High Point Panthers,Big South,1,0,0,1.18746,1.1433104599114403
5183,VMI Keydets,UNC Greensboro Spartans,Southern,0,1,0,0.84091,0.7618944754226677
5184,UNC Greensboro Spartans,VMI Keydets,Southern,1,0,0,1.05063,0.9248310335800262
5185,Kennesaw State Owls,Northern Kentucky Norse,ASUN,0,1,0,1.09713,1.0402543215536293
5186,Northern Kentucky Norse,Kennesaw State Owls,ASUN,1,0,0,1.16216,1.0662009406908202
5187,Florida Gulf Coast Eagles,North Florida Ospreys,ASUN,0,1,0,1.01317,1.0278746570976398
5188,North Florida Ospreys,Florida Gulf Coast Eagles,ASUN,1,0,0,1.34149,1.3705840122786201
5189,Stetson Hatters,Jacksonville Dolphins,ASUN,0,1,0,1.14451,1.0403621117939996
5190,Jacksonville Dolphins,Stetson Hatters,ASUN,1,0,0,1.15272,1.0331975440852457
5191,St. John's Red Storm,Providence Friars,Big East,0,1,0,1.27145,1.2833085882253268
5192,Providence Friars,St. John's Red Storm,Big East,1,0,0,1.12179,1.0878190521138225
5193,Harvard Crimson,Boston College Eagles,Ivy,0,1,0,0.83345,0.8583677028634092
5194,Boston College Eagles,Harvard Crimson,ACC,1,0,0,0.94429,0.9021283944710116
5195,Eastern Michigan Eagles,Kent State Golden Flashes,MAC,0,1,0,0.9403,0.928087638348963
5196,Kent State Golden Flashes,Eastern Michigan Eagles,MAC,1,0,0,1.07066,1.062996224940405
5197,Bowling Green Falcons,Akron Zips,MAC,0,1,0,0.82882,0.852175900428318
5198,Akron Zips,Bowling Green Falcons,MAC,1,0,0,1.13964,1.1237822808887783
5199,Ball State Cardinals,Western Michigan Broncos,MAC,0,1,0,1.20912,1.1580324505456667
5200,Western Michigan Broncos,Ball State Cardinals,MAC,1,0,0,1.22838,1.1266966657529967
5201,Toledo Rockets,Ohio Bobcats,MAC,0,1,0,1.23128,1.1616688728724684
5202,Ohio Bobcats,Toledo Rockets,MAC,1,0,0,1.18519,1.1207732925518048
5203,Northern Illinois Huskies,Buffalo Bulls,MAC,0,1,0,0.95663,0.9698559150238655
5204,Buffalo Bulls,Northern Illinois Huskies,MAC,1,0,0,1.26882,1.2073510889848194
5205,Miami (OH) RedHawks,Central Michigan Chippewas,MAC,0,0,1,1.30974,1.2759282775098202
5206,Central Michigan Chippewas,Miami (OH) RedHawks,MAC,0,0,1,1.76071,1.697332168808006
5207,Navy Midshipmen,Bucknell Bison,Patriot,0,1,0,1.08939,1.0774107323997941
5208,Bucknell Bison,Navy Midshipmen,Patriot,1,0,0,1.16018,1.119111838278373
5209,Loyola Maryland Greyhounds,Lafayette Leopards,Patriot,0,1,0,1.1578,1.064761328088739
5210,Lafayette Leopards,Loyola Maryland Greyhounds,Patriot,1,0,0,1.18606,1.1514943049906126
5211,Boston University Terriers,Colgate Raiders,Patriot,0,1,0,0.96383,0.928313779203582
5212,Colgate Raiders,Boston University Terriers,Patriot,1,0,0,1.17084,1.0762826812288167
5213,Tulane Green Wave,UCF Knights,American,0,1,0,1.23479,1.1562102046683198
5214,UCF Knights,Tulane Green Wave,American,1,0,0,1.26344,1.2353269853511681
5215,SMU Mustangs,Temple Owls,American,0,1,0,0.99143,1.08395804401848
5216,Temple Owls,SMU Mustangs,American,1,0,0,0.9199,0.9717663688840024
5217,Houston Cougars,East Carolina Pirates,American,0,1,0,0.945,0.9032671902668178
5218,East Carolina Pirates,Houston Cougars,American,1,0,0,1.04104,0.9966743614160031
5219,Illinois State Redbirds,Indiana State Sycamores,MVC,0,1,0,1.01105,1.0072739043777583
5220,Indiana State Sycamores,Illinois State Redbirds,MVC,1,0,0,1.03409,1.0780518892662079
5221,Liberty Flames,Charleston Southern Buccaneers,Big South,0,1,0,0.91651,0.8592226903164004
5222,Charleston Southern Buccaneers,Liberty Flames,Big South,1,0,0,1.25351,1.1761823406950986
5223,Lehigh Mountain Hawks,American University Eagles,Patriot,0,1,0,1.03326,1.0663608424332902
5224,American University Eagles,Lehigh Mountain Hawks,Patriot,1,0,0,1.14347,1.146224260764421
5225,Detroit Mercy Titans,UIC Flames,Horizon,0,1,0,1.07084,1.010774883479407
5226,UIC Flames,Detroit Mercy Titans,Horizon,1,0,0,1.06612,1.03909766192208
5227,Duquesne Dukes,Saint Louis Billikens,A-10,0,1,0,1.0734,1.0131957766661444
5228,Saint Louis Billikens,Duquesne Dukes,A-10,1,0,0,1.16071,1.009047978355378
5229,IU Indianapolis Jaguars,South Dakota State Jackrabbits,Summit,0,1,0,0.82204,0.8853476270209761
5230,South Dakota State Jackrabbits,IU Indianapolis Jaguars,Summit,1,0,0,1.08507,1.0813992665798677
5231,North Dakota State Bison,South Dakota Coyotes,Summit,0,1,0,1.10851,1.0768942692342278
5232,South Dakota Coyotes,North Dakota State Bison,Summit,1,0,0,1.19519,1.183666747213022
5233,Omaha Mavericks,Oral Roberts Golden Eagles,Summit,0,1,0,1.18184,1.154769595495551
5234,Oral Roberts Golden Eagles,Omaha Mavericks,Summit,1,0,0,1.36779,1.3372454501574598
5235,Drake Bulldogs,Loyola Chicago Ramblers,MVC,0,1,0,0.92027,0.9403280254715375
5236,Loyola Chicago Ramblers,Drake Bulldogs,MVC,1,0,0,0.97098,0.8106214443761757
5237,Texas Tech Red Raiders,Kansas State Wildcats,Big 12,0,1,0,0.95686,0.9441514733100678
5238,Kansas State Wildcats,Texas Tech Red Raiders,Big 12,1,0,0,1.07046,1.0001689347901745
5239,Army Black Knights,Holy Cross Crusaders,Patriot,0,1,0,1.12275,1.1072832529136698
5240,Holy Cross Crusaders,Army Black Knights,Patriot,1,0,0,1.10681,1.0596563852073277
5241,Evansville Purple Aces,Missouri State Bears,MVC,0,1,0,1.02917,0.9770442766181775
5242,Missouri State Bears,Evansville Purple Aces,MVC,1,0,0,0.95081,0.9321720227108795
5243,Youngstown State Penguins,Milwaukee Panthers,Horizon,0,1,0,1.01674,0.9762588822167996
5244,Milwaukee Panthers,Youngstown State Penguins,Horizon,1,0,0,1.25482,1.1099647537669102
5245,Georgia Bulldogs,Vanderbilt Commodores,SEC,0,1,0,1.16555,1.1327818269735914
5246,Vanderbilt Commodores,Georgia Bulldogs,SEC,1,0,0,1.10921,1.1128598315777887
5247,Southeast Missouri State Redhawks,Jacksonville State Gamecocks,OVC,0,1,0,1.20434,1.1485954430290952
5248,Jacksonville State Gamecocks,Southeast Missouri State Redhawks,OVC,1,0,0,0.91436,0.8738181461014405
5249,Illinois Fighting Illini,Northwestern Wildcats,Big Ten,0,1,0,1.22629,1.1468147213272222
5250,Northwestern Wildcats,Illinois Fighting Illini,Big Ten,1,0,0,1.1494,1.1277098955716092
5251,UCLA Bruins,USC Trojans,Pac-12,1,0,0,1.2458,1.1817794649686366
5252,USC Trojans,UCLA Bruins,Pac-12,1,0,0,0.93563,0.8972559077426827
5253,Nevada Wolf Pack,Colorado State Rams,Mountain West,0,1,0,0.7191,0.7666357687474389
5254,Colorado State Rams,Nevada Wolf Pack,Mountain West,1,0,0,1.61934,1.5734973735635265
5255,Air Force Falcons,New Mexico Lobos,Mountain West,0,1,0,0.86147,0.9156945612857241
5256,New Mexico Lobos,Air Force Falcons,Mountain West,1,0,0,1.11368,1.0319819290182393
5257,Creighton Bluejays,Marquette Golden Eagles,Big East,0,1,0,0.91006,0.8965314681897304
5258,Marquette Golden Eagles,Creighton Bluejays,Big East,1,0,0,0.93131,0.8111744560616736
5259,Florida State Seminoles,Pittsburgh Panthers,ACC,0,1,0,1.11334,1.0142694111637784
5260,Pittsburgh Panthers,Florida State Seminoles,ACC,1,0,0,1.26567,1.189363444346556
5261,Western Illinois Leathernecks,Denver Pioneers,Summit,0,1,0,0.95663,0.9439433989445574
5262,Denver Pioneers,Western Illinois Leathernecks,Summit,1,0,0,1.22549,1.173192592294197
5263,Fresno State Bulldogs,San José State Spartans,Mountain West,0,1,0,1.22569,1.1443156747173735
5264,San José State Spartans,Fresno State Bulldogs,Mountain West,1,0,0,1.06855,1.0008525039012275
5265,San Diego State Aztecs,Wyoming Cowboys,Mountain West,0,1,0,1.09649,1.1481667396646906
5266,Wyoming Cowboys,San Diego State Aztecs,Mountain West,1,0,0,0.95498,1.0494611978790418
5267,Stanford Cardinal,California Golden Bears,Pac-12,0,1,0,1.17137,1.1823061481507346
5268,California Golden Bears,Stanford Cardinal,Pac-12,1,0,0,0.97121,0.9119802723653047
5269,Nebraska Cornhuskers,Wisconsin Badgers,Big Ten,0,1,0,1.07772,1.1154188093443496
5270,Wisconsin Badgers,Nebraska Cornhuskers,Big Ten,1,0,0,1.34731,1.3272235684559808
5271,Utah Utes,Arizona State Sun Devils,Pac-12,0,1,0,1.33727,1.3358214505584158
5272,Arizona State Sun Devils,Utah Utes,Pac-12,1,0,0,1.01752,1.06961539021816
5273,Colorado Buffaloes,Arizona Wildcats,Pac-12,0,1,0,0.94697,1.0651575717453718
5274,Arizona Wildcats,Colorado Buffaloes,Pac-12,1,0,0,1.21373,1.1743198544978464
5275,Wofford Terriers,The Citadel Bulldogs,Southern,0,1,0,1.30406,1.0784325109228121
5276,The Citadel Bulldogs,Wofford Terriers,Southern,1,0,0,1.41153,1.4112390864451023
5277,James Madison Dukes,Drexel Dragons,CAA,0,1,0,0.95663,0.9340013212579968
5278,Drexel Dragons,James Madison Dukes,CAA,1,0,0,0.62557,0.5630351139657701
5279,Green Bay Phoenix,Oakland Golden Grizzlies,Horizon,0,0,1,1.07759,1.0024695927094276
5280,Oakland Golden Grizzlies,Green Bay Phoenix,Horizon,0,0,1,1.13654,1.2169162819822834
5281,Auburn Tigers,Florida Gators,SEC,0,1,0,0.91755,0.9876358983576095
5282,Florida Gators,Auburn Tigers,SEC,1,0,0,1.2034,1.1128622480809143
5283,Richmond Spiders,George Washington Revolutionaries,A-10,0,1,0,1.02181,1.0780989839337514
5284,George Washington Revolutionaries,Richmond Spiders,A-10,1,0,0,1.09005,1.116322743052118
5285,Mount St. Mary's Mountaineers,Fairleigh Dickinson Knights,NEC,0,0,1,1.09341,1.0616287934560813
5286,Fairleigh Dickinson Knights,Mount St. Mary's Mountaineers,NEC,0,0,1,0.78448,0.8329818338061579
5287,Long Island University Sharks,Central Connecticut Blue Devils,NEC,0,1,0,1.18295,1.123017674639192
5288,Central Connecticut Blue Devils,Long Island University Sharks,NEC,1,0,0,1.0442,1.0274746296747814
5289,Wagner Seahawks,Bryant Bulldogs,NEC,0,1,0,1.03712,0.9940806784578231
5290,Bryant Bulldogs,Wagner Seahawks,NEC,1,0,0,1.15836,1.1070987102090832
5291,Rice Owls,Old Dominion Monarchs,CUSA,0,1,0,0.86751,0.9586494691583294
5292,Old Dominion Monarchs,Rice Owls,CUSA,1,0,0,1.10183,1.0706464115596577
5293,Western Kentucky Hilltoppers,Florida Atlantic Owls,CUSA,0,1,0,1.1942,1.1537713714544997
5294,Florida Atlantic Owls,Western Kentucky Hilltoppers,CUSA,1,0,0,1.12078,1.1071614776101035
5295,North Texas Mean Green,Charlotte 49ers,CUSA,0,1,0,0.85211,0.827047502404265
5296,Charlotte 49ers,North Texas Mean Green,CUSA,1,0,0,1.04568,1.030803874208233
5297,Radford Highlanders,Campbell Fighting Camels,Big South,0,1,0,1.20038,1.1505552373287213
5298,Campbell Fighting Camels,Radford Highlanders,Big South,1,0,0,0.91814,0.8703837069223521
5299,East Tennessee State Buccaneers,Western Carolina Catamounts,Southern,0,1,0,1.2055,1.1237746722757276
5300,Western Carolina Catamounts,East Tennessee State Buccaneers,Southern,1,0,0,1.06521,0.967937857229881
5301,Furman Paladins,Mercer Bears,Southern,0,1,0,1.24564,1.1892775915834746
5302,Mercer Bears,Furman Paladins,Southern,1,0,0,1.37061,1.2085073760178304
5303,Cincinnati Bearcats,Memphis Tigers,American,0,1,0,0.86402,0.9508104627209265
5304,Memphis Tigers,Cincinnati Bearcats,American,1,0,0,1.13069,1.226352219810957
5305,UT Arlington Mavericks,Georgia State Panthers,Sun Belt,0,1,0,0.92526,1.00815941441367
5306,Georgia State Panthers,UT Arlington Mavericks,Sun Belt,1,0,0,1.26327,1.2473802654356843
5307,SIU Edwardsville Cougars,Morehead State Eagles,OVC,0,1,0,0.88491,0.9244588193353793
5308,Morehead State Eagles,SIU Edwardsville Cougars,OVC,1,0,0,1.28028,1.2418712915615753
5309,Louisiana Ragin' Cajuns,Georgia Southern Eagles,Sun Belt,0,1,0,1.0027,1.0675011110561174
5310,Georgia Southern Eagles,Louisiana Ragin' Cajuns,Sun Belt,1,0,0,1.10454,1.1166785419365977
5311,Arkansas State Red Wolves,App State Mountaineers,Sun Belt,0,1,0,0.93232,0.9053667672261315
5312,App State Mountaineers,Arkansas State Red Wolves,Sun Belt,1,0,0,0.78628,0.7466425289646287
5313,Marshall Thundering Herd,Florida International Panthers,CUSA,0,1,0,0.84933,0.8492666562816229
5314,Florida International Panthers,Marshall Thundering Herd,CUSA,1,0,0,0.93056,0.8916156747984781
5315,Eastern Illinois Panthers,Eastern Kentucky Colonels,OVC,0,1,0,1.1268,1.1691080566673333
5316,Eastern Kentucky Colonels,Eastern Illinois Panthers,OVC,1,0,0,1.00877,0.9684111963350646
5317,Middle Tennessee Blue Raiders,Southern Miss Golden Eagles,CUSA,0,1,0,1.09167,1.0255729028408773
5318,Southern Miss Golden Eagles,Middle Tennessee Blue Raiders,CUSA,1,0,0,1.04647,1.0519486286708517
5319,UAB Blazers,Louisiana Tech Bulldogs,CUSA,0,1,0,1.14842,1.2159892623754662
5320,Louisiana Tech Bulldogs,UAB Blazers,CUSA,1,0,0,1.20367,1.2263991859461478
5321,Chattanooga Mocs,Samford Bulldogs,Southern,0,0,1,1.16118,1.05383619901773
5322,Samford Bulldogs,Chattanooga Mocs,Southern,0,0,1,1.06293,1.0314308864954136
5323,Rider Broncs,Quinnipiac Bobcats,MAAC,0,1,0,0.96133,0.9920772797123516
5324,Quinnipiac Bobcats,Rider Broncs,MAAC,1,0,0,0.90328,0.9124869057702678
5325,UT Martin Skyhawks,Tennessee Tech Golden Eagles,OVC,0,1,0,1.06121,1.002312843408802
5326,Tennessee Tech Golden Eagles,UT Martin Skyhawks,OVC,1,0,0,1.03272,0.973103106649612
5327,Tennessee State Tigers,Austin Peay Governors,OVC,0,1,0,1.0864,1.062365361058878
5328,Austin Peay Governors,Tennessee State Tigers,OVC,1,0,0,1.08376,1.023098911044479
5329,South Alabama Jaguars,Texas State Bobcats,Sun Belt,0,1,0,1.15632,1.244880397035459
5330,Texas State Bobcats,South Alabama Jaguars,Sun Belt,1,0,0,1.36448,1.2897747696807476
5331,Weber State Wildcats,Northern Arizona Lumberjacks,Big Sky,0,1,0,1.17219,1.1787477065562928
5332,Northern Arizona Lumberjacks,Weber State Wildcats,Big Sky,1,0,0,0.97506,0.9042756039746754
5333,Troy Trojans,UL Monroe Warhawks,Sun Belt,0,1,0,0.91732,0.9860695215481318
5334,UL Monroe Warhawks,Troy Trojans,Sun Belt,1,0,0,1.11304,1.0587129039234655
5335,Belmont Bruins,Murray State Racers,OVC,0,1,0,1.16718,1.1905095795469518
5336,Murray State Racers,Belmont Bruins,OVC,1,0,0,1.39944,1.3507847690966874
5337,Oregon State Beavers,Washington Huskies,Pac-12,0,1,0,0.80851,0.7902288728627205
5338,Washington Huskies,Oregon State Beavers,Pac-12,1,0,0,1.03722,1.0632782597552328
5339,Idaho State Bengals,Southern Utah Thunderbirds,Big Sky,0,1,0,1.0665,0.9678186922271286
5340,Southern Utah Thunderbirds,Idaho State Bengals,Big Sky,1,0,0,1.09992,1.017773852505284
5341,Grand Canyon Lopes,Utah Valley Wolverines,WAC,0,1,0,1.38644,1.4398844713452847
5342,Utah Valley Wolverines,Grand Canyon Lopes,WAC,1,0,0,1.28216,1.2741040134177601
5343,UC Davis Aggies,UC Riverside Highlanders,Big West,0,1,0,1.26615,1.2630329671069995
5344,UC Riverside Highlanders,UC Davis Aggies,Big West,1,0,0,1.07045,1.0005213495187786
5345,Cal State Northridge Matadors,UC Santa Barbara Gauchos,Big West,0,1,0,1.27033,1.2832686903295623
5346,UC Santa Barbara Gauchos,Cal State Northridge Matadors,Big West,1,0,0,1.03119,0.9390100413941687
5347,Cal Poly Mustangs,Long Beach State Beach,Big West,0,1,0,1.06474,1.086507944983328
5348,Long Beach State Beach,Cal Poly Mustangs,Big West,1,0,0,1.12832,1.1147703124637702
5349,UT Rio Grande Valley Vaqueros,Seattle U Redhawks,WAC,0,1,0,0.85651,0.9657565357000663
5350,Seattle U Redhawks,UT Rio Grande Valley Vaqueros,WAC,1,0,0,1.30301,1.2930494104815335
5351,New Mexico State Aggies,Cal State Bakersfield Roadrunners,WAC,0,1,0,1.18679,1.2747004866908127
5352,Cal State Bakersfield Roadrunners,New Mexico State Aggies,WAC,1,0,0,0.87836,1.014045745162022
5353,Portland Pilots,Loyola Marymount Lions,WCC,0,1,0,1.09446,0.968047369826242
5354,Loyola Marymount Lions,Portland Pilots,WCC,1,0,0,1.29319,1.199925148505361
5355,Eastern Washington Eagles,Portland State Vikings,Big Sky,0,1,0,1.3325,1.2856979663786905
5356,Portland State Vikings,Eastern Washington Eagles,Big Sky,1,0,0,1.25271,1.1698732816398485
5357,Idaho Vandals,Sacramento State Hornets,Big Sky,0,1,0,1.12837,1.0460234378489999
5358,Sacramento State Hornets,Idaho Vandals,Big Sky,1,0,0,1.1519,1.0482178326626115
5359,UC Irvine Anteaters,Cal State Fullerton Titans,Big West,0,1,0,0.98065,0.921345839428901
5360,Cal State Fullerton Titans,UC Irvine Anteaters,Big West,1,0,0,0.90607,0.930351628812807
5361,Gonzaga Bulldogs,Pepperdine Waves,WCC,0,1,0,1.29958,1.3171732149366648
5362,Pepperdine Waves,Gonzaga Bulldogs,WCC,1,0,0,1.22397,1.2542672494642304
5363,Oregon Ducks,Washington State Cougars,Pac-12,0,1,0,1.25395,1.1420431759780818
5364,Washington State Cougars,Oregon Ducks,Pac-12,1,0,0,1.41902,1.3695280040531415
5365,San Diego Toreros,Saint Mary's Gaels,WCC,0,1,0,1.00829,0.9903739906613558
5366,Saint Mary's Gaels,San Diego Toreros,WCC,1,0,0,1.22343,1.1996127675006207
5367,BYU Cougars,Pacific Tigers,WCC,0,1,0,1.34399,1.2197718675697264
5368,Pacific Tigers,BYU Cougars,WCC,1,0,0,1.12796,1.0539600913472824
5369,Sacred Heart Pioneers,St. Francis (PA) Red Flash,NEC,0,1,0,1.17075,1.2252256167311841
5370,St. Francis (PA) Red Flash,Sacred Heart Pioneers,NEC,1,0,0,1.21017,1.1734128949387388
5371,Marist Red Foxes,Fairfield Stags,MAAC,0,0,1,0.92822,0.9409337892479781
5372,Fairfield Stags,Marist Red Foxes,MAAC,0,0,1,1.04445,1.0315296837437211
5373,Iona Gaels,Niagara Purple Eagles,MAAC,0,0,1,1.08001,1.0038082665469081
5374,Niagara Purple Eagles,Iona Gaels,MAAC,0,0,1,1.0561,1.0408625861712406
5375,Manhattan Jaspers,Saint Peter's Peacocks,MAAC,0,1,0,1.10294,1.1414383170045508
5376,Saint Peter's Peacocks,Manhattan Jaspers,MAAC,1,0,0,0.97506,0.9860909842008754
5377,Western Illinois Leathernecks,North Dakota State Bison,Summit,0,1,0,0.81539,0.8370448976076291
5378,North Dakota State Bison,Western Illinois Leathernecks,Summit,1,0,0,1.09328,1.040982592294197
5379,Siena Saints,Canisius Golden Griffins,MAAC,0,1,0,0.79208,0.8585966771237808
5380,Canisius Golden Griffins,Siena Saints,MAAC,1,0,0,1.26921,1.1551262293823354
5381,St. Francis Brooklyn Terriers,Robert Morris Colonials,NEC,0,1,0,1.21707,1.234257531106673
5382,Robert Morris Colonials,St. Francis Brooklyn Terriers,NEC,1,0,0,1.13538,1.1360752478512113
5383,Kentucky Wildcats,Alabama Crimson Tide,SEC,0,1,0,1.37787,1.368150280087859
5384,Alabama Crimson Tide,Kentucky Wildcats,SEC,1,0,0,0.90777,1.061043107360047
5385,Virginia Cavaliers,Boston College Eagles,ACC,0,1,0,1.29132,1.2210636888895416
5386,Boston College Eagles,Virginia Cavaliers,ACC,1,0,0,0.98892,1.0707595136934056
5387,Gonzaga Bulldogs,Loyola Marymount Lions,WCC,0,1,0,1.24917,1.1227573698262419
5388,Loyola Marymount Lions,Gonzaga Bulldogs,WCC,1,0,0,0.97435,1.0046472494642305
5389,Duke Blue Devils,Louisville Cardinals,ACC,0,1,0,1.12913,1.2159932199444132
5390,Louisville Cardinals,Duke Blue Devils,ACC,1,0,0,0.90218,0.909150279924612
5391,Villanova Wildcats,Pennsylvania Quakers,Big East,0,1,0,1.09836,0.9686925801385383
5392,Pennsylvania Quakers,Villanova Wildcats,Ivy,1,0,0,0.80471,0.9305764510283622
5393,Utah Utes,Arizona Wildcats,Pac-12,0,1,0,0.94596,1.064147571745372
5394,Arizona Wildcats,Utah Utes,Pac-12,1,0,0,1.27077,1.32286539021816
5395,Kansas Jayhawks,Iowa State Cyclones,Big 12,0,1,0,1.06266,1.0571787151367102
5396,Iowa State Cyclones,Kansas Jayhawks,Big 12,1,0,0,1.12769,1.14108826130129
5397,Miami Hurricanes,Notre Dame Fighting Irish,ACC,0,0,1,1.1648,1.125098050014225
5398,Notre Dame Fighting Irish,Miami Hurricanes,ACC,0,0,1,1.25684,1.2348844697504568
5399,Wichita State Shockers,Evansville Purple Aces,MVC,0,1,0,1.01569,1.0302301731054864
5400,Evansville Purple Aces,Wichita State Shockers,MVC,1,0,0,0.67491,0.7323917817296096
5401,Michigan State Spartans,Maryland Terrapins,Big Ten,0,1,0,0.99576,1.0108328060932579
5402,Maryland Terrapins,Michigan State Spartans,Big Ten,1,0,0,1.33137,1.3442427946729085
5403,West Virginia Mountaineers,Texas Longhorns,Big 12,0,1,0,0.75747,0.7745450038628532
5404,Texas Longhorns,West Virginia Mountaineers,Big 12,1,0,0,1.12526,1.1166971981051708
5405,VCU Rams,Duquesne Dukes,A-10,0,1,0,1.10816,0.9896761287499852
5406,Duquesne Dukes,VCU Rams,A-10,1,0,0,1.0469,1.075426821411293
5407,Oklahoma State Cowboys,Oklahoma Sooners,Big 12,0,1,0,0.88763,0.9577591704323327
5408,Oklahoma Sooners,Oklahoma State Cowboys,Big 12,1,0,0,1.16308,1.1355660172243334
5409,Ole Miss Rebels,Arkansas Razorbacks,SEC,0,1,0,1.46628,1.4495017493844822
5410,Arkansas Razorbacks,Ole Miss Rebels,SEC,1,0,0,1.25318,1.2100414829033364
5411,Baylor Bears,Kansas State Wildcats,Big 12,0,1,0,1.00604,0.9933314733100678
5412,Kansas State Wildcats,Baylor Bears,Big 12,1,0,0,1.09521,1.0996038369726417
5413,Wyoming Cowboys,Fresno State Bulldogs,Mountain West,0,1,0,0.92959,0.8950706542958344
5414,Fresno State Bulldogs,Wyoming Cowboys,Mountain West,1,0,0,0.87751,0.8960085892700835
5415,Tulsa Golden Hurricane,South Florida Bulls,American,0,1,0,1.22684,1.1990006997621705
5416,South Florida Bulls,Tulsa Golden Hurricane,American,1,0,0,0.95174,1.0081164742447009
5417,Tulane Green Wave,Houston Cougars,American,0,1,0,1.20465,1.1934625118106101
5418,Houston Cougars,Tulane Green Wave,American,1,0,0,1.18537,1.1572569853511683
5419,William & Mary Tribe,Towson Tigers,CAA,0,1,0,1.47865,1.4327553925550667
5420,Towson Tigers,William & Mary Tribe,CAA,1,0,0,1.26178,1.1931971149000182
5421,Texas A&M Aggies,LSU Tigers,SEC,0,1,0,1.04416,1.0752761583498736
5422,LSU Tigers,Texas A&M Aggies,SEC,1,0,0,0.96843,0.9432728054126347
5423,Stephen F. Austin Lumberjacks,Abilene Christian Wildcats,Southland,0,1,0,1.28872,1.2036322497411738
5424,Abilene Christian Wildcats,Stephen F. Austin Lumberjacks,Southland,1,0,0,1.03391,1.0721953507784772
5425,Rutgers Scarlet Knights,Minnesota Golden Gophers,Big Ten,0,1,0,1.14469,1.1061318632156982
5426,Minnesota Golden Gophers,Rutgers Scarlet Knights,Big Ten,1,0,0,1.29698,1.2033656352707978
5427,Marquette Golden Eagles,Xavier Musketeers,Big East,0,1,0,0.96205,0.9472504232882247
5428,Xavier Musketeers,Marquette Golden Eagles,Big East,1,0,0,1.07353,1.0268233177951231
5429,Northern Illinois Huskies,Eastern Michigan Eagles,MAC,0,1,0,0.81825,0.8437643753350125
5430,Eastern Michigan Eagles,Northern Illinois Huskies,MAC,1,0,0,0.96121,0.8997410889848195
5431,Saint Louis Billikens,Dayton Flyers,A-10,0,1,0,0.77351,0.8385985358520802
5432,Dayton Flyers,Saint Louis Billikens,A-10,1,0,0,1.04993,0.9565476262715372
5433,Vermont Catamounts,UMBC Retrievers,AM. EAST,0,1,0,1.10518,1.0835810280040175
5434,UMBC Retrievers,Vermont Catamounts,AM. EAST,1,0,0,0.83112,0.9194112384492431
5435,Purdue Boilermakers,Penn State Nittany Lions,Big Ten,0,0,1,1.20258,1.2079801917315818
5436,Penn State Nittany Lions,Purdue Boilermakers,Big Ten,0,0,1,1.14192,1.1384810661646627
5437,Radford Highlanders,Winthrop Eagles,Big South,0,1,0,1.34317,1.3512668565294967
5438,Winthrop Eagles,Radford Highlanders,Big South,1,0,0,1.22046,1.1727037069223523
5439,East Tennessee State Buccaneers,VMI Keydets,Southern,0,1,0,0.92713,0.8345091839746334
5440,VMI Keydets,East Tennessee State Buccaneers,Southern,1,0,0,0.99173,0.894457857229881
5441,Furman Paladins,The Citadel Bulldogs,Southern,0,1,0,1.44135,1.215722510922812
5442,The Citadel Bulldogs,Furman Paladins,Southern,1,0,0,1.1951,1.0329973760178304
5443,North Florida Ospreys,Stetson Hatters,ASUN,0,1,0,1.19048,1.1041356944798528
5444,Stetson Hatters,North Florida Ospreys,ASUN,1,0,0,0.97003,0.9515565067030327
5445,NC State Wolfpack,Florida State Seminoles,ACC,0,1,0,1.15527,1.112141594741163
5446,Florida State Seminoles,NC State Wolfpack,ACC,1,0,0,1.05506,0.9979562355865769
5447,UNC Wilmington Seahawks,Hofstra Pride,CAA,0,1,0,1.2045,1.1820355934445668
5448,Hofstra Pride,UNC Wilmington Seahawks,CAA,1,0,0,1.1651,1.15421602496789
5449,Florida Gators,Georgia Bulldogs,SEC,0,1,0,0.97516,1.0119879819723958
5450,Georgia Bulldogs,Florida Gators,SEC,1,0,0,1.23124,1.2681477479630021
5451,Stony Brook Seawolves,Maine Black Bears,AM. EAST,0,0,1,1.34472,1.2971998491109136
5452,Maine Black Bears,Stony Brook Seawolves,AM. EAST,0,0,1,0.64731,0.7423553279792464
5453,New Hampshire Wildcats,Binghamton Bearcats,AM. EAST,0,0,1,1.02759,1.0372803235689847
5454,Binghamton Bearcats,New Hampshire Wildcats,AM. EAST,0,0,1,0.92109,1.005610407019958
5455,Eastern Illinois Panthers,Morehead State Eagles,OVC,0,1,0,1.09774,1.1372888193353792
5456,Morehead State Eagles,Eastern Illinois Panthers,OVC,1,0,0,1.0206,0.9802411963350646
5457,Ohio State Buckeyes,Iowa Hawkeyes,Big Ten,0,0,1,1.08642,1.1001514920461595
5458,Iowa Hawkeyes,Ohio State Buckeyes,Big Ten,0,0,1,1.28936,1.3256041453182703
5459,Yale Bulldogs,Brown Bears,Ivy,0,1,0,1.22046,1.18608466424126
5460,Brown Bears,Yale Bulldogs,Ivy,1,0,0,0.95087,0.9961175494926016
5461,Fordham Rams,La Salle Explorers,A-10,0,1,0,0.77009,0.8555677639117635
5462,La Salle Explorers,Fordham Rams,A-10,1,0,0,0.98024,0.9113184320679177
5463,Lipscomb Bisons,Kennesaw State Owls,ASUN,0,1,0,1.35417,1.2913890910854273
5464,Kennesaw State Owls,Lipscomb Bisons,ASUN,1,0,0,1.17884,1.1032294063024397
5465,Northern Kentucky Norse,South Carolina Upstate Spartans,ASUN,0,1,0,1.10602,1.1224446691008512
5466,South Carolina Upstate Spartans,Northern Kentucky Norse,ASUN,1,0,0,1.10997,1.0199161711590221
5467,Holy Cross Crusaders,Lehigh Mountain Hawks,Patriot,0,1,0,1.001,1.0369324111590281
5468,Lehigh Mountain Hawks,Holy Cross Crusaders,Patriot,1,0,0,1.07856,1.0299151025190627
5469,American University Eagles,Lafayette Leopards,Patriot,0,1,0,1.28642,1.1933813280887389
5470,Lafayette Leopards,American University Eagles,Patriot,1,0,0,1.25422,1.254142692038683
5471,UCF Knights,Memphis Tigers,American,0,1,0,1.08967,1.1764604627209263
5472,Memphis Tigers,UCF Knights,American,1,0,0,1.38758,1.2758220542737126
5473,Rhode Island Rams,Massachusetts Minutemen,A-10,0,1,0,0.97222,0.9655777108844983
5474,Massachusetts Minutemen,Rhode Island Rams,A-10,1,0,0,1.06947,1.126079714075498
5475,Mount St. Mary's Mountaineers,Long Island University Sharks,NEC,0,0,1,0.97998,0.9964327800693884
5476,Long Island University Sharks,Mount St. Mary's Mountaineers,NEC,0,0,1,0.87399,0.9224918338061578
5477,Green Bay Phoenix,Detroit Mercy Titans,Horizon,0,1,0,1.01105,1.0172058123166872
5478,Detroit Mercy Titans,Green Bay Phoenix,Horizon,1,0,0,0.90432,0.9515181315876761
5479,UTEP Miners,UTSA Roadrunners,CUSA,0,1,0,1.13427,1.079388713041954
5480,UTSA Roadrunners,UTEP Miners,CUSA,1,0,0,0.8592,0.8978299840271861
5481,Chicago State Cougars,Kansas City Roos,WAC,0,1,0,0.9827,1.034034218834465
5482,Kansas City Roos,Chicago State Cougars,WAC,1,0,0,1.02062,1.0621397692773205
5483,Northern Colorado Bears,North Dakota Fighting Hawks,Big Sky,0,1,0,1.1992,1.1327314814400558
5484,North Dakota Fighting Hawks,Northern Colorado Bears,Big Sky,1,0,0,1.04596,0.8653262318584142
5485,Indiana State Sycamores,Drake Bulldogs,MVC,0,1,0,1.23857,1.1113895947707826
5486,Drake Bulldogs,Indiana State Sycamores,MVC,1,0,0,1.48911,1.452155753983151
5487,Georgia State Panthers,App State Mountaineers,Sun Belt,0,1,0,1.21575,1.1887967672261317
5488,App State Mountaineers,Georgia State Panthers,Sun Belt,1,0,0,1.27284,1.322561264019063
5489,Bryant Bulldogs,Central Connecticut Blue Devils,NEC,0,1,0,1.22343,1.163497674639192
5490,Central Connecticut Blue Devils,Bryant Bulldogs,NEC,1,0,0,0.92638,0.8501625280632159
5491,Miami (OH) RedHawks,Buffalo Bulls,MAC,0,1,0,0.98325,0.9964759150238655
5492,Buffalo Bulls,Miami (OH) RedHawks,MAC,1,0,0,1.08801,0.991454018413399
5493,South Carolina State Bulldogs,Delaware State Hornets,MEAC,0,1,0,0.77524,0.7940080007694968
5494,Delaware State Hornets,South Carolina State Bulldogs,MEAC,1,0,0,0.91858,0.9135349793093546
5495,Bethune-Cookman Wildcats,Coppin State Eagles,MEAC,0,1,0,0.90174,0.8636594197392519
5496,Coppin State Eagles,Bethune-Cookman Wildcats,MEAC,1,0,0,0.79735,0.7918540531580824
5497,Florida A&M Rattlers,Morgan State Bears,MEAC,0,1,0,0.99513,1.0015301556941338
5498,Morgan State Bears,Florida A&M Rattlers,MEAC,1,0,0,1.15093,1.06276269722549
5499,Drexel Dragons,Delaware Blue Hens,CAA,0,1,0,1.20108,1.1321071731600008
5500,Delaware Blue Hens,Drexel Dragons,CAA,1,0,0,1.11351,1.0577031708633897
5501,Vanderbilt Commodores,Mississippi State Bulldogs,SEC,0,0,1,0.99593,0.9802297224452512
5502,Mississippi State Bulldogs,Vanderbilt Commodores,SEC,0,0,1,1.00841,0.9756418269735914
5503,Middle Tennessee Blue Raiders,Louisiana Tech Bulldogs,CUSA,0,1,0,1.00558,1.0731492623754662
5504,Louisiana Tech Bulldogs,Middle Tennessee Blue Raiders,CUSA,1,0,0,1.08749,1.0929686286708518
5505,UNC Asheville Bulldogs,Campbell Fighting Camels,Big South,0,1,0,1.11677,1.0669452373287214
5506,Campbell Fighting Camels,UNC Asheville Bulldogs,Big South,1,0,0,1.03403,0.9837857931679385
5507,Syracuse Orange,Clemson Tigers,ACC,0,1,0,0.91769,0.9276083131247522
5508,Clemson Tigers,Syracuse Orange,ACC,1,0,0,1.21039,1.2194427386405513
5509,Georgia Tech Yellow Jackets,Pittsburgh Panthers,ACC,0,1,0,1.11362,1.0145494111637785
5510,Pittsburgh Panthers,Georgia Tech Yellow Jackets,ACC,1,0,0,1.20643,1.1709919796404984
5511,Ball State Cardinals,Bowling Green Falcons,MAC,0,1,0,0.80236,0.8196804312833855
5512,Bowling Green Falcons,Ball State Cardinals,MAC,1,0,0,1.01643,0.9147466657529967
5513,Colgate Raiders,Navy Midshipmen,Patriot,0,1,0,1.23285,1.22495998867298
5514,Navy Midshipmen,Colgate Raiders,Patriot,1,0,0,0.97679,0.908095628808975
5515,East Carolina Pirates,SMU Mustangs,American,0,1,0,0.92761,1.0126545192786096
5516,SMU Mustangs,East Carolina Pirates,American,1,0,0,1.32883,1.2539190398722107
5517,TCU Horned Frogs,Texas Tech Red Raiders,Big 12,0,1,0,1.13145,1.0943370851847818
5518,Texas Tech Red Raiders,TCU Horned Frogs,Big 12,1,0,0,0.75017,0.7161403074839381
5519,Savannah State Tigers,Maryland Eastern Shore Hawks,MEAC,0,1,0,0.87833,0.9117219184444905
5520,Maryland Eastern Shore Hawks,Savannah State Tigers,MEAC,1,0,0,1.34618,1.3697197551732696
5521,Lamar Cardinals,Northwestern State Demons,Southland,0,1,0,1.08885,0.9859684317399104
5522,Northwestern State Demons,Lamar Cardinals,Southland,1,0,0,1.29735,1.2342557067208526
5523,Samford Bulldogs,Mercer Bears,Southern,0,1,0,1.04092,0.9845575915834747
5524,Mercer Bears,Samford Bulldogs,Southern,1,0,0,1.43976,1.2992380486231228
5525,George Mason Patriots,George Washington Revolutionaries,A-10,0,1,0,0.88645,0.9427389839337511
5526,George Washington Revolutionaries,George Mason Patriots,A-10,1,0,0,1.06465,0.9920512684634027
5527,Texas A&M-Corpus Christi Islanders,Nicholls Colonels,Southland,0,1,0,1.18762,1.16696543169855
5528,Nicholls Colonels,Texas A&M-Corpus Christi Islanders,Southland,1,0,0,1.12117,1.080090066297207
5529,Colorado Buffaloes,Arizona State Sun Devils,Pac-12,0,1,0,1.11144,1.1099914505584159
5530,Arizona State Sun Devils,Colorado Buffaloes,Pac-12,1,0,0,1.18509,1.1456798544978464
5531,Wagner Seahawks,Fairleigh Dickinson Knights,NEC,0,0,1,1.15992,1.1281387934560814
5532,Fairleigh Dickinson Knights,Wagner Seahawks,NEC,0,0,1,0.99151,0.9734268606036904
5533,Columbia Lions,Cornell Big Red,Ivy,0,1,0,0.81433,0.8233919335436133
5534,Cornell Big Red,Columbia Lions,Ivy,1,0,0,0.72697,0.6712834658657021
5535,Gardner-Webb Runnin' Bulldogs,Coastal Carolina Chanticleers,Big South,0,1,0,1.31572,1.3395849755109481
5536,Coastal Carolina Chanticleers,Gardner-Webb Runnin' Bulldogs,Big South,1,0,0,1.11133,1.0083917726160512
5537,SE Louisiana Lions,Incarnate Word Cardinals,Southland,0,1,0,1.32916,1.2735674403168749
5538,Incarnate Word Cardinals,SE Louisiana Lions,Southland,1,0,0,1.1948,1.1733747546458786
5539,Liberty Flames,Longwood Lancers,Big South,0,1,0,1.06384,0.9845771320743424
5540,Longwood Lancers,Liberty Flames,Big South,1,0,0,1.27876,1.2014323406950986
5541,Butler Bulldogs,Georgetown Hoyas,Big East,0,1,0,1.0182,1.0199054850956526
5542,Georgetown Hoyas,Butler Bulldogs,Big East,1,0,0,1.02818,1.0678833605741629
5543,Bradley Braves,Illinois State Redbirds,MVC,0,1,0,1.15314,1.2302800396608151
5544,Illinois State Redbirds,Bradley Braves,MVC,1,0,0,1.33214,1.3010144715566732
5545,Georgia Southern Eagles,Troy Trojans,Sun Belt,0,1,0,1.04049,1.0193410543180725
5546,Troy Trojans,Georgia Southern Eagles,Sun Belt,1,0,0,1.15638,1.1880029606615103
5547,McNeese Cowboys,Sam Houston Bearkats,Southland,0,1,0,0.92292,1.0387484305169825
5548,Sam Houston Bearkats,McNeese Cowboys,Southland,1,0,0,1.10781,1.0180491977090065
5549,Little Rock Trojans,UL Monroe Warhawks,Sun Belt,0,1,0,0.8318,0.9005495215481317
5550,UL Monroe Warhawks,Little Rock Trojans,Sun Belt,1,0,0,1.03842,0.9670381131027997
5551,Marshall Thundering Herd,Florida Atlantic Owls,CUSA,0,1,0,0.99298,0.9525513714544998
5552,Florida Atlantic Owls,Marshall Thundering Herd,CUSA,1,0,0,1.24947,1.2105256747984783
5553,South Dakota Coyotes,South Dakota State Jackrabbits,Summit,0,1,0,0.89313,0.9564376270209761
5554,South Dakota State Jackrabbits,South Dakota Coyotes,Summit,1,0,0,1.11115,1.0463561188396204
5555,North Carolina Central Eagles,Norfolk State Spartans,MEAC,0,1,0,1.02796,1.0799375594166978
5556,Norfolk State Spartans,North Carolina Central Eagles,MEAC,1,0,0,0.91661,1.0002880432105448
5557,North Carolina A&T Aggies,Hampton Pirates,MEAC,0,1,0,1.05219,1.1358186700917083
5558,Hampton Pirates,North Carolina A&T Aggies,MEAC,1,0,0,0.95869,0.9252669733462414
5559,Tennessee Volunteers,Missouri Tigers,SEC,0,1,0,1.06329,0.9670808381970917
5560,Missouri Tigers,Tennessee Volunteers,SEC,1,0,0,0.89076,0.8176894887685124
5561,Air Force Falcons,Utah State Aggies,Mountain West,0,1,0,1.10061,1.099250045067025
5562,Utah State Aggies,Air Force Falcons,Mountain West,1,0,0,1.29843,1.2167319290182392
5563,UNLV Rebels,San Diego State Aztecs,Mountain West,0,1,0,0.85591,0.9835693482736488
5564,San Diego State Aztecs,UNLV Rebels,Mountain West,1,0,0,0.9951,1.0112259179585312
5565,Western Kentucky Hilltoppers,Florida International Panthers,CUSA,0,1,0,0.99454,0.9944766562816229
5566,Florida International Panthers,Western Kentucky Hilltoppers,CUSA,1,0,0,0.89533,0.8817114776101034
5567,Davidson Wildcats,Richmond Spiders,A-10,0,1,0,1.05439,1.1138408934467252
5568,Richmond Spiders,Davidson Wildcats,A-10,1,0,0,1.49433,1.436530861390144
5569,San Francisco Dons,Santa Clara Broncos,WCC,0,1,0,1.08295,0.9984608047248988
5570,Santa Clara Broncos,San Francisco Dons,WCC,1,0,0,1.21124,1.1485162752201032
5571,Idaho State Bengals,Northern Arizona Lumberjacks,Big Sky,0,1,0,1.09233,1.0988877065562928
5572,Northern Arizona Lumberjacks,Idaho State Bengals,Big Sky,1,0,0,1.15172,1.069573852505284
5573,Mississippi Valley State Delta Devils,Alcorn State Braves,SWAC,0,0,1,1.02035,0.9828777250435423
5574,Alcorn State Braves,Mississippi Valley State Delta Devils,SWAC,0,0,1,1.39166,1.346435790264694
5575,Arkansas-Pine Bluff Golden Lions,Southern Jaguars,SWAC,0,1,0,1.04725,1.1519311765476667
5576,Southern Jaguars,Arkansas-Pine Bluff Golden Lions,SWAC,1,0,0,1.21124,1.2141974915635818
5577,Jackson State Tigers,Prairie View A&M Panthers,SWAC,0,1,0,0.93066,1.0182630606140848
5578,Prairie View A&M Panthers,Jackson State Tigers,SWAC,1,0,0,1.14505,1.2043910552961996
5579,Alabama State Hornets,Alabama A&M Bulldogs,SWAC,0,1,0,0.94203,0.9312315761380929
5580,Alabama A&M Bulldogs,Alabama State Hornets,SWAC,1,0,0,0.8743,0.9178980586198503
5581,Charleston Cougars,Northeastern Huskies,CAA,0,1,0,1.13078,1.168381185521285
5582,Northeastern Huskies,Charleston Cougars,CAA,1,0,0,1.2092,1.167554700023472
5583,Valparaiso Beacons,Wright State Raiders,Horizon,0,1,0,1.02796,1.0071758958146628
5584,Wright State Raiders,Valparaiso Beacons,Horizon,1,0,0,0.89523,0.9058526699388812
5585,Cleveland State Vikings,Youngstown State Penguins,Horizon,0,1,0,1.29595,1.1842729041615172
5586,Youngstown State Penguins,Cleveland State Vikings,Horizon,1,0,0,1.01699,0.987175346687406
5587,UMass Lowell River Hawks,Hartford Hawks,AM. EAST,0,1,0,0.86434,0.9052005277707157
5588,Hartford Hawks,UMass Lowell River Hawks,AM. EAST,1,0,0,0.97728,0.9682126825474123
5589,Jacksonville State Gamecocks,UT Martin Skyhawks,OVC,0,1,0,0.92751,0.901071257044219
5590,UT Martin Skyhawks,Jacksonville State Gamecocks,OVC,1,0,0,0.99258,0.9036572926344881
5591,SIU Edwardsville Cougars,Eastern Kentucky Colonels,OVC,0,1,0,0.97676,1.0190680566673331
5592,Eastern Kentucky Colonels,SIU Edwardsville Cougars,OVC,1,0,0,1.22291,1.1845012915615751
5593,UC Santa Barbara Gauchos,Long Beach State Beach,Big West,0,1,0,0.91284,0.9346079449833277
5594,Long Beach State Beach,UC Santa Barbara Gauchos,Big West,1,0,0,1.17983,1.159590539934955
5595,North Texas Mean Green,Old Dominion Monarchs,CUSA,0,1,0,0.89429,0.9854294691583294
5596,Old Dominion Monarchs,North Texas Mean Green,CUSA,1,0,0,1.07625,1.061373874208233
5597,Rice Owls,Charlotte 49ers,CUSA,0,1,0,1.13971,1.1146475024042648
5598,Charlotte 49ers,Rice Owls,CUSA,1,0,0,1.06356,1.0323764115596576
5599,Western Carolina Catamounts,Wofford Terriers,Southern,0,1,0,0.73237,0.7652572368397095
5600,Wofford Terriers,Western Carolina Catamounts,Southern,1,0,0,1.06363,0.9487265218811206
5601,Jacksonville Dolphins,Florida Gulf Coast Eagles,ASUN,0,1,0,0.8894,0.9516721626732272
5602,Florida Gulf Coast Eagles,Jacksonville Dolphins,ASUN,1,0,0,1.42373,1.2864039613993925
5603,Western Michigan Broncos,Toledo Rockets,MAC,0,1,0,1.11666,1.085421442946412
5604,Toledo Rockets,Western Michigan Broncos,MAC,1,0,0,1.08681,1.0025443001510597
5605,Ohio Bobcats,Kent State Golden Flashes,MAC,0,1,0,0.93744,0.925227638348963
5606,Kent State Golden Flashes,Ohio Bobcats,MAC,1,0,0,1.10781,1.0050207224778613
5607,Central Michigan Chippewas,Akron Zips,MAC,0,1,0,1.09165,1.115005900428318
5608,Akron Zips,Central Michigan Chippewas,MAC,1,0,0,1.20713,1.1401401271152132
5609,Army Black Knights,Bucknell Bison,Patriot,0,1,0,1.08507,1.073090732399794
5610,Bucknell Bison,Army Black Knights,Patriot,1,0,0,1.24081,1.1936563852073276
5611,Tennessee Tech Golden Eagles,Southeast Missouri State Redhawks,OVC,0,1,0,0.96685,0.9594862964960477
5612,Southeast Missouri State Redhawks,Tennessee Tech Golden Eagles,OVC,1,0,0,1.08646,0.9943846930141949
5613,Charleston Southern Buccaneers,Presbyterian Blue Hose,Big South,0,1,0,1.20319,1.0877734196288251
5614,Presbyterian Blue Hose,Charleston Southern Buccaneers,Big South,1,0,0,1.06259,0.9721245399217932
5615,Providence Friars,Creighton Bluejays,Big East,0,1,0,1.35519,1.2682326064562806
5616,Creighton Bluejays,Providence Friars,Big East,1,0,0,1.20908,1.1877604378307194
5617,Temple Owls,Cincinnati Bearcats,American,0,1,0,0.87245,1.0012903702055642
5618,Cincinnati Bearcats,Temple Owls,American,1,0,0,1.39598,1.4553298936238728
5619,Elon Phoenix,James Madison Dukes,CAA,0,1,0,1.10294,1.0735832643603773
5620,James Madison Dukes,Elon Phoenix,CAA,1,0,0,1.16257,1.1239493760587593
5621,Tennessee State Tigers,Murray State Racers,OVC,0,1,0,1.1121,1.1354295795469518
5622,Murray State Racers,Tennessee State Tigers,OVC,1,0,0,1.3129,1.252238911044479
5623,New Orleans Privateers,Houston Christian Huskies,Southland,0,1,0,1.0503,0.9700246888989495
5624,Houston Christian Huskies,New Orleans Privateers,Southland,1,0,0,1.0968,1.0293572961872186
5625,UAB Blazers,Southern Miss Golden Eagles,CUSA,0,1,0,1.15537,1.0892729028408774
5626,Southern Miss Golden Eagles,UAB Blazers,CUSA,1,0,0,1.01485,1.0375791859461478
5627,Portland Pilots,Pepperdine Waves,WCC,0,1,0,0.98065,0.9982432149366649
5628,Pepperdine Waves,Portland Pilots,WCC,1,0,0,1.04729,0.954025148505361
5629,Purdue Fort Wayne Mastodons,Oral Roberts Golden Eagles,Summit,0,1,0,0.99109,0.9640195954955509
5630,Oral Roberts Golden Eagles,Purdue Fort Wayne Mastodons,Summit,1,0,0,1.0858,1.0301431513839887
5631,Texas State Bobcats,Arkansas State Red Wolves,Sun Belt,0,1,0,1.02926,1.022800679359236
5632,Arkansas State Red Wolves,Texas State Bobcats,Sun Belt,1,0,0,1.10334,1.1587222466408518
5633,Northwestern Wildcats,Michigan Wolverines,Big Ten,0,1,0,0.95924,0.9390019742698366
5634,Michigan Wolverines,Northwestern Wildcats,Big Ten,1,0,0,1.02627,0.913616570932615
5635,South Alabama Jaguars,Louisiana Ragin' Cajuns,Sun Belt,0,1,0,1.27207,1.3173866923312048
5636,Louisiana Ragin' Cajuns,South Alabama Jaguars,Sun Belt,1,0,0,1.15303,1.0783247696807476
5637,Grambling Tigers,Texas Southern Tigers,SWAC,0,1,0,0.85465,0.8894168150672639
5638,Texas Southern Tigers,Grambling Tigers,SWAC,1,0,0,1.02258,0.9354218828765938
5639,South Carolina Gamecocks,Auburn Tigers,SEC,0,1,0,1.06356,1.0062003984755215
5640,Auburn Tigers,South Carolina Gamecocks,SEC,1,0,0,1.11182,1.1236814439152314
5641,Belmont Bruins,Austin Peay Governors,OVC,0,1,0,1.23743,1.213395361058878
5642,Austin Peay Governors,Belmont Bruins,OVC,1,0,0,1.13403,1.0853747690966875
5643,UC Davis Aggies,Cal State Fullerton Titans,Big West,0,1,0,1.17358,1.1142758394289012
5644,Cal State Fullerton Titans,UC Davis Aggies,Big West,1,0,0,1.05785,0.9879213495187786
5645,Oregon State Beavers,Washington State Cougars,Pac-12,0,1,0,1.19776,1.0858531759780818
5646,Washington State Cougars,Oregon State Beavers,Pac-12,1,0,0,0.82311,0.8491682597552329
5647,UConn Huskies,Stanford Cardinal,American,0,1,0,0.94261,0.9706972346297068
5648,Stanford Cardinal,UConn Huskies,Pac-12,1,0,0,1.16968,1.1486669901233868
5649,Montana State Bobcats,Montana Grizzlies,Big Sky,0,1,0,0.71715,0.6994150957594529
5650,Montana Grizzlies,Montana State Bobcats,Big Sky,1,0,0,0.97714,0.8812369593534759
5651,Weber State Wildcats,Southern Utah Thunderbirds,Big Sky,0,1,0,0.99081,0.8921286922271285
5652,Southern Utah Thunderbirds,Weber State Wildcats,Big Sky,1,0,0,1.15229,1.0815056039746753
5653,Cal Poly Mustangs,Cal State Northridge Matadors,Big West,0,1,0,0.87966,0.8206581917887757
5654,Cal State Northridge Matadors,Cal Poly Mustangs,Big West,1,0,0,1.02234,1.0087903124637703
5655,Colorado State Rams,San José State Spartans,Mountain West,0,1,0,1.17456,1.0931856747173736
5656,San José State Spartans,Colorado State Rams,Mountain West,1,0,0,0.68619,0.7005476183528317
5657,UT Rio Grande Valley Vaqueros,Cal State Bakersfield Roadrunners,WAC,0,1,0,0.89161,0.9795204866908128
5658,Cal State Bakersfield Roadrunners,UT Rio Grande Valley Vaqueros,WAC,1,0,0,1.14127,1.1313094104815336
5659,San Diego Toreros,Pacific Tigers,WCC,0,1,0,0.90621,0.7819918675697264
5660,Pacific Tigers,San Diego Toreros,WCC,1,0,0,0.93801,0.9141927675006206
5661,Eastern Washington Eagles,Sacramento State Hornets,Big Sky,0,1,0,1.15975,1.0774034378489998
5662,Sacramento State Hornets,Eastern Washington Eagles,Big Sky,1,0,0,1.36981,1.2869732816398485
5663,Idaho Vandals,Portland State Vikings,Big Sky,0,1,0,1.01497,0.9681679663786904
5664,Portland State Vikings,Idaho Vandals,Big Sky,1,0,0,1.16871,1.0650278326626115
5665,New Mexico State Aggies,Seattle U Redhawks,WAC,0,1,0,0.9119,1.0211465357000662
5666,Seattle U Redhawks,New Mexico State Aggies,WAC,1,0,0,1.09928,1.234965745162022
5667,BYU Cougars,Saint Mary's Gaels,WCC,0,1,0,1.16582,1.147903990661356
5668,Saint Mary's Gaels,BYU Cougars,WCC,1,0,0,1.26656,1.1925600913472822
5669,Hawai'i Rainbow Warriors,UC Riverside Highlanders,Big West,0,1,0,0.90251,0.8993929671069993
5670,UC Riverside Highlanders,Hawai'i Rainbow Warriors,Big West,1,0,0,0.99178,0.9875495785827693
5671,Virginia Tech Hokies,North Carolina Tar Heels,ACC,0,1,0,0.8138,0.8236523276656713
5672,North Carolina Tar Heels,Virginia Tech Hokies,ACC,1,0,0,1.04969,0.9130001452750637
5673,Missouri State Bears,Northern Iowa Panthers,MVC,0,1,0,0.93078,0.9870614736146487
5674,Northern Iowa Panthers,Missouri State Bears,MVC,1,0,0,1.22742,1.1421161262235702
5675,Indiana Hoosiers,Illinois Fighting Illini,Big Ten,0,1,0,1.26646,1.2779480459662163
5676,Illinois Fighting Illini,Indiana Hoosiers,Big Ten,1,0,0,1.163,1.0258838003232853
5677,Sacred Heart Pioneers,Robert Morris Colonials,NEC,0,1,0,0.97958,0.9967675311066728
5678,Robert Morris Colonials,Sacred Heart Pioneers,NEC,1,0,0,1.262,1.2252428949387388
5679,Boston University Terriers,Loyola Maryland Greyhounds,Patriot,0,1,0,1.20993,1.2085424553852198
5680,Loyola Maryland Greyhounds,Boston University Terriers,Patriot,1,0,0,1.21403,1.1194726812288165
5681,St. Francis Brooklyn Terriers,St. Francis (PA) Red Flash,NEC,0,1,0,1.08281,1.1372856167311842
5682,St. Francis (PA) Red Flash,St. Francis Brooklyn Terriers,NEC,1,0,0,1.06698,1.0676752478512113
5683,IU Indianapolis Jaguars,Omaha Mavericks,Summit,0,1,0,1.26789,1.2705236005520668
5684,Omaha Mavericks,IU Indianapolis Jaguars,Summit,1,0,0,1.1489,1.1452292665798678
5685,Iona Gaels,Canisius Golden Griffins,MAAC,0,1,0,1.23849,1.305006677123781
5686,Canisius Golden Griffins,Iona Gaels,MAAC,1,0,0,1.28886,1.2404444357766333
5687,Rider Broncs,Manhattan Jaspers,MAAC,0,1,0,1.24514,1.2893491345954822
5688,Manhattan Jaspers,Rider Broncs,MAAC,1,0,0,1.14676,1.1559669057702677
5689,Siena Saints,Niagara Purple Eagles,MAAC,0,0,1,1.14164,1.0654382665469082
5690,Niagara Purple Eagles,Siena Saints,MAAC,0,0,1,1.06479,0.9838843797769427
5691,Saint Joseph's Hawks,St. Bonaventure Bonnies,A-10,0,1,0,1.06399,1.0758814781577688
5692,St. Bonaventure Bonnies,Saint Joseph's Hawks,A-10,1,0,0,1.20563,1.1996118671567724
5693,St. John's Red Storm,DePaul Blue Demons,Big East,0,0,1,0.98187,0.8871773986523536
5694,DePaul Blue Demons,St. John's Red Storm,Big East,0,0,1,1.01647,1.0156772025084295
5695,Quinnipiac Bobcats,Marist Red Foxes,MAAC,0,1,0,1.22469,1.211769683743721
5696,Marist Red Foxes,Quinnipiac Bobcats,MAAC,1,0,0,1.14558,1.1431491293177445
5697,Fairfield Stags,Monmouth Hawks,MAAC,0,1,0,1.05128,1.0891760972753233
5698,Monmouth Hawks,Fairfield Stags,MAAC,1,0,0,1.15242,1.1319556388533707
5699,Boise State Broncos,New Mexico Lobos,Mountain West,0,1,0,1.23158,1.2858045612857243
5700,New Mexico Lobos,Boise State Broncos,Mountain West,1,0,0,1.01216,1.0440253991800401
5701,Loyola Chicago Ramblers,Southern Illinois Salukis,MVC,0,1,0,0.97986,0.956362098919962
5702,Southern Illinois Salukis,Loyola Chicago Ramblers,MVC,1,0,0,1.0843,1.0711798750769304
5703,Oregon Ducks,Washington Huskies,Pac-12,0,1,0,1.23246,1.2141788728627205
5704,Washington Huskies,Oregon Ducks,Pac-12,1,0,0,1.358,1.3085080040531416
5705,Villanova Wildcats,Georgetown Hoyas,Big East,0,1,0,0.92834,0.9300454850956527
5706,Georgetown Hoyas,Villanova Wildcats,Big East,1,0,0,1.27271,1.3076922906946942
5707,Pittsburgh Panthers,Duke Blue Devils,ACC,0,1,0,1.06998,1.110128430319219
5708,Duke Blue Devils,Pittsburgh Panthers,ACC,1,0,0,1.37153,1.2392812607691712
5709,Oklahoma Sooners,Kansas Jayhawks,Big 12,0,1,0,1.10937,1.155946411695897
5710,Kansas Jayhawks,Oklahoma Sooners,Big 12,1,0,0,1.28321,1.3201610200377256
5711,Texas Longhorns,TCU Horned Frogs,Big 12,0,1,0,1.10035,1.0994984578785452
5712,TCU Horned Frogs,Texas Longhorns,Big 12,1,0,0,0.80489,0.7887868534682461
5713,Hartford Hawks,UMBC Retrievers,AM. EAST,0,1,0,1.1173,1.0957010280040174
5714,UMBC Retrievers,Hartford Hawks,AM. EAST,1,0,0,1.08723,1.0949123773761085
5715,Detroit Mercy Titans,Northeastern Huskies,Horizon,0,1,0,1.11137,1.1385862161512437
5716,Northeastern Huskies,Detroit Mercy Titans,CAA,1,0,0,0.95173,0.9350926312921213
5717,UMass Lowell River Hawks,New Hampshire Wildcats,AM. EAST,0,1,0,0.95347,1.0379904070199582
5718,New Hampshire Wildcats,UMass Lowell River Hawks,AM. EAST,1,0,0,0.96933,0.9602626825474123
5719,Bethune-Cookman Wildcats,Morgan State Bears,MEAC,0,1,0,1.14994,1.1563401556941337
5720,Morgan State Bears,Bethune-Cookman Wildcats,MEAC,1,0,0,1.02749,1.0219940531580824
5721,Binghamton Bearcats,Vermont Catamounts,AM. EAST,0,1,0,0.82257,0.9440393888438503
5722,Vermont Catamounts,Binghamton Bearcats,AM. EAST,1,0,0,1.14705,1.1235621731743772
5723,UAlbany Great Danes,Stony Brook Seawolves,AM. EAST,0,1,0,1.12765,1.2226953279792465
5724,Stony Brook Seawolves,UAlbany Great Danes,AM. EAST,1,0,0,0.80471,0.8170025249153459
5725,Longwood Lancers,High Point Panthers,Big South,0,1,0,1.01265,1.0016786103060475
5726,High Point Panthers,Longwood Lancers,Big South,1,0,0,1.13088,1.0184389816797355
5727,South Carolina State Bulldogs,Maryland Eastern Shore Hawks,MEAC,0,1,0,1.10205,1.1354419184444904
5728,Maryland Eastern Shore Hawks,South Carolina State Bulldogs,MEAC,1,0,0,1.08194,1.0768949793093545
5729,UNC Asheville Bulldogs,Charleston Southern Buccaneers,Big South,0,1,0,1.23694,1.1796526903164004
5730,Charleston Southern Buccaneers,UNC Asheville Bulldogs,Big South,1,0,0,1.32552,1.2752757931679386
5731,Savannah State Tigers,Delaware State Hornets,MEAC,0,1,0,0.89552,0.9142880007694968
5732,Delaware State Hornets,Savannah State Tigers,MEAC,1,0,0,1.03118,1.0547197551732697
5733,Florida A&M Rattlers,Coppin State Eagles,MEAC,0,1,0,1.00728,0.9691994197392518
5734,Coppin State Eagles,Florida A&M Rattlers,MEAC,1,0,0,1.16305,1.07488269722549
5735,New Orleans Privateers,Stephen F. Austin Lumberjacks,Southland,0,1,0,0.88778,0.9592435011730844
5736,Stephen F. Austin Lumberjacks,New Orleans Privateers,Southland,1,0,0,1.27624,1.2087972961872189
5737,SE Louisiana Lions,Lamar Cardinals,Southland,0,1,0,0.80376,0.7738438571154597
5738,Lamar Cardinals,SE Louisiana Lions,Southland,1,0,0,0.91798,0.8965547546458786
5739,Central Arkansas Bears,Houston Christian Huskies,Southland,0,1,0,0.92196,0.8416846888989494
5740,Houston Christian Huskies,Central Arkansas Bears,Southland,1,0,0,1.30208,1.1582603153226438
5741,Little Rock Trojans,South Alabama Jaguars,Sun Belt,0,1,0,1.01502,0.9734929200753548
5742,South Alabama Jaguars,Little Rock Trojans,Sun Belt,1,0,0,0.99178,0.9203981131027998
5743,Texas State Bobcats,UT Arlington Mavericks,Sun Belt,0,1,0,0.93431,0.9515984158302915
5744,UT Arlington Mavericks,Texas State Bobcats,Sun Belt,1,0,0,1.10887,1.1642522466408518
5745,North Carolina Central Eagles,Hampton Pirates,MEAC,0,1,0,0.96029,1.0439186700917085
5746,Hampton Pirates,North Carolina Central Eagles,MEAC,1,0,0,0.81625,0.8999280432105448
5747,North Carolina A&T Aggies,Norfolk State Spartans,MEAC,0,1,0,1.09803,1.1500075594166979
5748,Norfolk State Spartans,North Carolina A&T Aggies,MEAC,1,0,0,1.33547,1.3020469733462412
5749,UL Monroe Warhawks,Louisiana Ragin' Cajuns,Sun Belt,0,1,0,0.87989,0.9252066923312047
5750,Louisiana Ragin' Cajuns,UL Monroe Warhawks,Sun Belt,1,0,0,0.84352,0.8790913711535246
5751,Georgia State Panthers,Arkansas State Red Wolves,Sun Belt,0,1,0,1.04167,1.035210679359236
5752,Arkansas State Red Wolves,Georgia State Panthers,Sun Belt,1,0,0,0.93563,0.9853512640190629
5753,App State Mountaineers,Troy Trojans,Sun Belt,0,1,0,1.05823,1.0370810543180726
5754,Troy Trojans,App State Mountaineers,Sun Belt,1,0,0,1.03199,0.9718586168315243
5755,Arkansas-Pine Bluff Golden Lions,Alcorn State Braves,SWAC,0,0,1,0.96187,0.9243977250435422
5756,Alcorn State Braves,Arkansas-Pine Bluff Golden Lions,SWAC,0,0,1,0.88369,0.9198256419581889
5757,Jackson State Tigers,Texas Southern Tigers,SWAC,0,1,0,0.93501,0.9697768150672639
5758,Texas Southern Tigers,Jackson State Tigers,SWAC,1,0,0,1.2033,1.2626410552961997
5759,Mississippi Valley State Delta Devils,Southern Jaguars,SWAC,0,1,0,0.83273,0.9374111765476668
5760,Southern Jaguars,Mississippi Valley State Delta Devils,SWAC,1,0,0,1.23561,1.157207639870087
5761,Florida State Seminoles,Clemson Tigers,ACC,0,1,0,0.98871,0.9986283131247521
5762,Clemson Tigers,Florida State Seminoles,ACC,1,0,0,0.96062,0.884313444346556
5763,Grambling Tigers,Prairie View A&M Panthers,SWAC,0,1,0,0.92951,1.0171130606140846
5764,Prairie View A&M Panthers,Grambling Tigers,SWAC,1,0,0,1.12432,1.0371618828765936
5765,Vanderbilt Commodores,Kentucky Wildcats,SEC,0,1,0,0.90954,1.095991257754654
5766,Kentucky Wildcats,Vanderbilt Commodores,SEC,1,0,0,1.07337,1.0074236765789841
5767,Iowa Hawkeyes,Wisconsin Badgers,Big Ten,0,1,0,0.97534,1.0130388093443496
5768,Wisconsin Badgers,Iowa Hawkeyes,Big Ten,1,0,0,1.60076,1.5813133416515524
5769,Kansas State Wildcats,Iowa State Cyclones,Big 12,0,1,0,1.08698,1.0814987151367104
5770,Iowa State Cyclones,Kansas State Wildcats,Big 12,1,0,0,1.22343,1.1775433229154606
5771,Dayton Flyers,Davidson Wildcats,A-10,0,1,0,1.00225,0.9776290117847513
5772,Davidson Wildcats,Dayton Flyers,A-10,1,0,0,1.32532,1.3572303854574732
5773,Harvard Crimson,Bryant Bulldogs,Ivy,0,1,0,1.09475,1.0088324548144483
5774,Bryant Bulldogs,Harvard Crimson,NEC,1,0,0,0.99289,1.0887806320882538
5775,Michigan Wolverines,Rutgers Scarlet Knights,Big Ten,0,1,0,1.0016,0.9411637856654049
5776,Rutgers Scarlet Knights,Michigan Wolverines,Big Ten,1,0,0,0.91118,0.8577638238752295
5777,Valparaiso Beacons,Youngstown State Penguins,Horizon,0,1,0,1.29955,1.1878729041615173
5778,Youngstown State Penguins,Valparaiso Beacons,Horizon,1,0,0,1.08799,1.0986126699388814
5779,Ole Miss Rebels,Georgia Bulldogs,SEC,0,1,0,0.96395,1.0007779819723956
5780,Georgia Bulldogs,Ole Miss Rebels,SEC,1,0,0,1.07856,1.0354214829033364
5781,LSU Tigers,Florida Gators,SEC,0,1,0,1.19402,1.2641058983576094
5782,Florida Gators,LSU Tigers,SEC,1,0,0,0.92789,0.9258280079552664
5783,Boston College Eagles,Syracuse Orange,ACC,0,1,0,1.01052,1.0527508890351585
5784,Syracuse Orange,Boston College Eagles,ACC,1,0,0,1.1294,1.0259655384949344
5785,Sam Houston Bearkats,Nicholls Colonels,Southland,0,1,0,1.07139,1.0507354316985502
5786,Nicholls Colonels,Sam Houston Bearkats,Southland,1,0,0,0.71372,0.7963702801223757
5787,Wright State Raiders,Milwaukee Panthers,Horizon,0,1,0,0.71514,0.6746588822167996
5788,Milwaukee Panthers,Wright State Raiders,Horizon,1,0,0,1.18855,1.1345877454200557
5789,UIC Flames,Green Bay Phoenix,Horizon,0,0,1,0.84551,0.9258862819822832
5790,Green Bay Phoenix,UIC Flames,Horizon,0,0,1,1.17007,1.110004883479407
5791,Northwestern State Demons,Texas A&M-Corpus Christi Islanders,Southland,0,1,0,1.18018,1.1722782166918142
5792,Texas A&M-Corpus Christi Islanders,Northwestern State Demons,Southland,1,0,0,1.36409,1.2280302813453035
5793,Abilene Christian Wildcats,McNeese Cowboys,Southland,0,1,0,0.85084,0.7942573481036136
5794,McNeese Cowboys,Abilene Christian Wildcats,Southland,1,0,0,0.93965,0.8213840993465665
5795,Illinois State Redbirds,Drake Bulldogs,MVC,0,1,0,1.16959,1.0424095947707825
5796,Drake Bulldogs,Illinois State Redbirds,MVC,1,0,0,0.95378,0.9977418892662081
5797,Minnesota Golden Gophers,Nebraska Cornhuskers,Big Ten,0,1,0,0.75774,0.7708317188505879
5798,Nebraska Cornhuskers,Minnesota Golden Gophers,Big Ten,1,0,0,0.85653,0.784793712821091
5799,Tennessee Volunteers,South Carolina Gamecocks,SEC,0,1,0,1.13674,1.1817795943098386
5800,South Carolina Gamecocks,Tennessee Volunteers,SEC,1,0,0,1.01546,0.9423894887685125
5801,San Diego State Aztecs,Air Force Falcons,Mountain West,0,0,1,1.42821,1.3796900794128464
5802,Air Force Falcons,San Diego State Aztecs,Mountain West,0,0,1,0.83289,0.9605493482736488
5803,Utah State Aggies,Nevada Wolf Pack,Mountain West,0,1,0,1.09288,1.0802155239581337
5804,Nevada Wolf Pack,Utah State Aggies,Mountain West,1,0,0,0.8321,0.7975618946724176
5805,Washington State Cougars,Utah Utes,Pac-12,0,1,0,0.99681,1.0820835406127671
5806,Utah Utes,Washington State Cougars,Pac-12,1,0,0,1.32363,1.1785450255834748
5807,Wichita State Shockers,Missouri State Bears,MVC,0,1,0,1.41268,1.3605542766181773
5808,Missouri State Bears,Wichita State Shockers,MVC,1,0,0,1.01561,1.0730917817296095
5809,North Carolina Tar Heels,Wake Forest Demon Deacons,ACC,0,1,0,1.2469,1.1951242767377346
5810,Wake Forest Demon Deacons,North Carolina Tar Heels,ACC,1,0,0,1.02096,0.9976341772710643
5811,Indiana State Sycamores,Northern Iowa Panthers,MVC,0,1,0,1.0586,1.1148814736146486
5812,Northern Iowa Panthers,Indiana State Sycamores,MVC,1,0,0,1.21124,1.1742857539831513
5813,Massachusetts Minutemen,Saint Joseph's Hawks,A-10,0,1,0,0.99749,1.0246500175513795
5814,Saint Joseph's Hawks,Massachusetts Minutemen,A-10,1,0,0,1.13703,1.0972095604898913
5815,Drexel Dragons,Hofstra Pride,CAA,0,1,0,0.86706,0.8445955934445669
5816,Hofstra Pride,Drexel Dragons,CAA,1,0,0,1.2886,1.2327931708633897
5817,William & Mary Tribe,Delaware Blue Hens,CAA,0,1,0,1.32275,1.253777173160001
5818,Delaware Blue Hens,William & Mary Tribe,CAA,1,0,0,1.35198,1.2833971149000183
5819,Missouri Tigers,Texas A&M Aggies,SEC,0,1,0,0.91055,0.9185709558072419
5820,Texas A&M Aggies,Missouri Tigers,SEC,1,0,0,1.17853,1.0491426878024845
5821,Penn State Nittany Lions,Michigan State Spartans,Big Ten,0,1,0,1.01329,1.0593409450675157
5822,Michigan State Spartans,Penn State Nittany Lions,Big Ten,1,0,0,1.10887,1.0810920413369747
5823,Marquette Golden Eagles,St. John's Red Storm,Big East,0,0,1,0.96388,0.9630872025084297
5824,St. John's Red Storm,Marquette Golden Eagles,Big East,0,0,1,1.01264,0.9991114681897305
5825,Buffalo Bulls,Central Michigan Chippewas,MAC,0,0,1,1.11042,1.0766082775098202
5826,Central Michigan Chippewas,Buffalo Bulls,MAC,0,0,1,1.31381,1.3270359150238653
5827,Ohio Bobcats,Ball State Cardinals,MAC,0,1,0,1.34557,1.2770648161476037
5828,Ball State Cardinals,Ohio Bobcats,MAC,1,0,0,1.17348,1.0706907224778615
5829,Toledo Rockets,Kent State Golden Flashes,MAC,0,1,0,1.01264,1.0004276383489628
5830,Kent State Golden Flashes,Toledo Rockets,MAC,1,0,0,1.15626,1.091843292551805
5831,Western Michigan Broncos,Miami (OH) RedHawks,MAC,0,1,0,1.14087,1.0774921688080061
5832,Miami (OH) RedHawks,Western Michigan Broncos,MAC,1,0,0,0.96884,0.8845743001510598
5833,Eastern Michigan Eagles,Bowling Green Falcons,MAC,0,1,0,0.95355,0.9708704312833856
5834,Bowling Green Falcons,Eastern Michigan Eagles,MAC,1,0,0,1.21048,1.202816224940405
5835,American University Eagles,Boston University Terriers,Patriot,0,1,0,1.07594,1.0145608316234236
5836,Boston University Terriers,American University Eagles,Patriot,1,0,0,1.16134,1.161262692038683
5837,Navy Midshipmen,Lehigh Mountain Hawks,Patriot,0,1,0,0.85952,0.8954524111590282
5838,Lehigh Mountain Hawks,Navy Midshipmen,Patriot,1,0,0,1.10932,1.068251838278373
5839,Colgate Raiders,Army Black Knights,Patriot,0,1,0,1.16795,1.1539745356019349
5840,Army Black Knights,Colgate Raiders,Patriot,1,0,0,1.12323,1.054535628808975
5841,Memphis Tigers,Tulsa Golden Hurricane,American,0,1,0,0.88687,0.9764246246393079
5842,Tulsa Golden Hurricane,Memphis Tigers,American,1,0,0,1.13563,1.1892423123263192
5843,Houston Cougars,Cincinnati Bearcats,American,0,1,0,1.04476,1.1736003702055642
5844,Cincinnati Bearcats,Houston Cougars,American,1,0,0,1.305,1.260634361416003
5845,Quinnipiac Bobcats,Saint Peter's Peacocks,MAAC,0,1,0,1.05303,1.0915283170045507
5846,Saint Peter's Peacocks,Quinnipiac Bobcats,MAAC,1,0,0,0.90195,0.8995191293177445
5847,Lafayette Leopards,Holy Cross Crusaders,Patriot,0,1,0,1.26567,1.25020325291367
5848,Holy Cross Crusaders,Lafayette Leopards,Patriot,1,0,0,1.2465,1.1202831776941318
5849,UNC Wilmington Seahawks,Charleston Cougars,CAA,0,1,0,0.90661,0.8981428504180792
5850,Charleston Cougars,UNC Wilmington Seahawks,CAA,1,0,0,0.84541,0.83452602496789
5851,Monmouth Hawks,Pennsylvania Quakers,MAAC,0,1,0,1.21164,1.1846204083205019
5852,Pennsylvania Quakers,Monmouth Hawks,Ivy,1,0,0,0.93723,0.9301842790324206
5853,Akron Zips,Northern Illinois Huskies,MAC,0,1,0,1.0131,0.9848092393794264
5854,Northern Illinois Huskies,Akron Zips,MAC,1,0,0,1.05285,1.0430277500337108
5855,Bucknell Bison,Loyola Maryland Greyhounds,Patriot,0,1,0,1.31879,1.3174024553852197
5856,Loyola Maryland Greyhounds,Bucknell Bison,Patriot,1,0,0,1.01569,0.9705325820051869
5857,Purdue Fort Wayne Mastodons,South Dakota State Jackrabbits,Summit,0,1,0,0.83145,0.8947576270209762
5858,South Dakota State Jackrabbits,Purdue Fort Wayne Mastodons,Summit,1,0,0,1.26431,1.2086531513839887
5859,Oral Roberts Golden Eagles,Denver Pioneers,Summit,0,1,0,1.17562,1.1629333989445576
5860,Denver Pioneers,Oral Roberts Golden Eagles,Summit,1,0,0,1.28362,1.2233714451009439
5861,Evansville Purple Aces,Loyola Chicago Ramblers,MVC,0,1,0,1.07953,1.0995880254715376
5862,Loyola Chicago Ramblers,Evansville Purple Aces,MVC,1,0,0,0.96069,0.9420520227108795
5863,Bradley Braves,Southern Illinois Salukis,MVC,0,1,0,0.95789,0.9343920989199621
5864,Southern Illinois Salukis,Bradley Braves,MVC,1,0,0,1.13507,1.103944471556673
5865,Mississippi State Bulldogs,Auburn Tigers,SEC,0,1,0,1.13414,1.0767803984755213
5866,Auburn Tigers,Mississippi State Bulldogs,SEC,1,0,0,1.02549,0.9766115720506441
5867,Purdue Boilermakers,Illinois Fighting Illini,Big Ten,0,1,0,0.95828,0.9697680459662164
5868,Illinois Fighting Illini,Purdue Boilermakers,Big Ten,1,0,0,1.08166,1.0450429157700556
5869,Creighton Bluejays,Butler Bulldogs,Big East,0,1,0,0.95236,1.02524151096877
5870,Butler Bulldogs,Creighton Bluejays,Big East,1,0,0,0.98678,0.8666444560616736
5871,SMU Mustangs,Tulane Green Wave,American,0,1,0,1.18534,1.1904051357457754
5872,Tulane Green Wave,SMU Mustangs,American,1,0,0,0.94105,0.9929163688840024
5873,Texas Tech Red Raiders,Oklahoma State Cowboys,Big 12,0,1,0,0.79757,0.8032341676189406
5874,Oklahoma State Cowboys,Texas Tech Red Raiders,Big 12,1,0,0,1.15051,1.0802189347901745
5875,Central Connecticut Blue Devils,St. Francis Brooklyn Terriers,NEC,0,0,1,0.90103,0.9349033982458184
5876,St. Francis Brooklyn Terriers,Central Connecticut Blue Devils,NEC,0,0,1,1.11759,1.0576576746391921
5877,San José State Spartans,Boise State Broncos,Mountain West,0,1,0,0.56784,0.6328835495746473
5878,Boise State Broncos,San José State Spartans,Mountain West,1,0,0,1.31431,1.1997575243227665
5879,New Mexico Lobos,UNLV Rebels,Mountain West,0,1,0,1.22448,1.2737840683531385
5880,UNLV Rebels,New Mexico Lobos,Mountain West,1,0,0,1.17366,1.1947064108911172
5881,Georgia Tech Yellow Jackets,Virginia Cavaliers,ACC,0,1,0,0.55534,0.6703576640880128
5882,Virginia Cavaliers,Georgia Tech Yellow Jackets,ACC,1,0,0,1.12794,1.0925019796404984
5883,Arizona Wildcats,Stanford Cardinal,Pac-12,0,1,0,1.27277,1.2467184227599117
5884,Stanford Cardinal,Arizona Wildcats,Pac-12,1,0,0,1.20918,1.2941894213507645
5885,Notre Dame Fighting Irish,Virginia Tech Hokies,ACC,0,1,0,1.37829,1.2747782956696707
5886,Virginia Tech Hokies,Notre Dame Fighting Irish,ACC,1,0,0,0.93507,0.8621898996196178
5887,Maryland Terrapins,Indiana Hoosiers,Big Ten,0,1,0,1.15229,1.0483519507178924
5888,Indiana Hoosiers,Maryland Terrapins,Big Ten,1,0,0,1.45038,1.4322746556986508
5889,DePaul Blue Demons,Seton Hall Pirates,Big East,0,0,1,0.95896,0.9179405448346737
5890,Seton Hall Pirates,DePaul Blue Demons,Big East,0,0,1,0.88778,0.7930873986523536
5891,Stony Brook Seawolves,UMass Lowell River Hawks,AM. EAST,0,1,0,1.11878,1.1428908329420195
5892,UMass Lowell River Hawks,Stony Brook Seawolves,AM. EAST,1,0,0,0.78755,0.8494171775846392
5893,South Florida Bulls,Temple Owls,American,0,1,0,0.76127,0.8537980440184799
5894,Temple Owls,South Florida Bulls,American,1,0,0,1.15145,1.0904325493675635
5895,La Salle Explorers,Rhode Island Rams,A-10,0,1,0,0.74586,0.8356478644701051
5896,Rhode Island Rams,La Salle Explorers,A-10,1,0,0,0.94377,0.9960696135171564
5897,James Madison Dukes,Northeastern Huskies,CAA,0,1,0,1.03118,1.068781185521285
5898,Northeastern Huskies,James Madison Dukes,CAA,1,0,0,1.36448,1.30194511396577
5899,Towson Tigers,Elon Phoenix,CAA,0,1,0,0.87632,0.8708775264533662
5900,Elon Phoenix,Towson Tigers,CAA,1,0,0,0.85246,0.7733872421604595
5901,Milwaukee Panthers,Oakland Golden Grizzlies,Horizon,0,0,1,0.89276,0.8176395927094273
5902,Oakland Golden Grizzlies,Milwaukee Panthers,Horizon,0,0,1,1.10602,1.0655388822167997
5903,Vermont Catamounts,New Hampshire Wildcats,AM. EAST,0,1,0,1.04597,1.130490407019958
5904,New Hampshire Wildcats,Vermont Catamounts,AM. EAST,1,0,0,1.20167,1.2899612384492432
5905,Alabama Crimson Tide,Arkansas Razorbacks,SEC,0,1,0,1.21031,1.1935317493844821
5906,Arkansas Razorbacks,Alabama Crimson Tide,SEC,1,0,0,1.24135,1.198452129693252
5907,Morehead State Eagles,Tennessee Tech Golden Eagles,OVC,0,1,0,1.33987,1.280972843408802
5908,Tennessee Tech Golden Eagles,Morehead State Eagles,OVC,1,0,0,1.24328,1.249650668940772
5909,UAlbany Great Danes,Hartford Hawks,AM. EAST,0,1,0,1.12829,1.1691505277707157
5910,Hartford Hawks,UAlbany Great Danes,AM. EAST,1,0,0,0.91586,0.9281525249153458
5911,St. Francis (PA) Red Flash,Wagner Seahawks,NEC,0,1,0,0.96822,0.9501368606036904
5912,Wagner Seahawks,St. Francis (PA) Red Flash,NEC,1,0,0,1.06534,1.086637466336577
5913,Ohio State Buckeyes,Northwestern Wildcats,Big Ten,0,1,0,1.2844,1.204924721327222
5914,Northwestern Wildcats,Ohio State Buckeyes,Big Ten,1,0,0,1.19999,1.203055994923663
5915,Robert Morris Colonials,Mount St. Mary's Mountaineers,NEC,0,1,0,0.97598,1.0244818338061579
5916,Mount St. Mary's Mountaineers,Robert Morris Colonials,NEC,1,0,0,0.88049,0.8644993807120658
5917,Fairleigh Dickinson Knights,Sacred Heart Pioneers,NEC,0,1,0,0.96404,0.960461045333346
5918,Sacred Heart Pioneers,Fairleigh Dickinson Knights,NEC,1,0,0,1.00062,0.9356606430614742
5919,Long Island University Sharks,Bryant Bulldogs,NEC,0,1,0,1.15037,1.107330678457823
5920,Bryant Bulldogs,Long Island University Sharks,NEC,1,0,0,1.24973,1.2330046296747814
5921,UTSA Roadrunners,Marshall Thundering Herd,CUSA,0,1,0,1.11336,1.1075938251930852
5922,Marshall Thundering Herd,UTSA Roadrunners,CUSA,1,0,0,0.89481,0.8067505626473469
5923,St. Bonaventure Bonnies,Duquesne Dukes,A-10,0,1,0,1.42071,1.3022261287499852
5924,Duquesne Dukes,St. Bonaventure Bonnies,A-10,1,0,0,1.31771,1.2964233277631616
5925,George Washington Revolutionaries,Fordham Rams,A-10,0,1,0,1.25139,1.215646582462525
5926,Fordham Rams,George Washington Revolutionaries,A-10,1,0,0,0.95789,0.981000833539144
5927,Winthrop Eagles,Liberty Flames,Big South,0,1,0,1.06691,1.022760491089706
5928,Liberty Flames,Winthrop Eagles,Big South,1,0,0,0.82252,0.7974387061348895
5929,High Point Panthers,Radford Highlanders,Big South,0,1,0,1.10247,1.0878918573169594
5930,Radford Highlanders,High Point Panthers,Big South,1,0,0,1.23045,1.1863004599114404
5931,Coastal Carolina Chanticleers,UNC Asheville Bulldogs,Big South,0,1,0,1.01725,1.0001839435625457
5932,UNC Asheville Bulldogs,Coastal Carolina Chanticleers,Big South,1,0,0,1.19971,1.190396825116341
5933,Campbell Fighting Camels,Presbyterian Blue Hose,Big South,0,1,0,1.31429,1.198873419628825
5934,Presbyterian Blue Hose,Campbell Fighting Camels,Big South,1,0,0,1.34409,1.2610870869341142
5935,Longwood Lancers,Gardner-Webb Runnin' Bulldogs,Big South,0,1,0,0.97747,0.9077099230106582
5936,Gardner-Webb Runnin' Bulldogs,Longwood Lancers,Big South,1,0,0,1.16429,1.0518489816797356
5937,Furman Paladins,Wofford Terriers,Southern,0,1,0,0.8752,0.9080872368397095
5938,Wofford Terriers,Furman Paladins,Southern,1,0,0,1.31542,1.1533173760178304
5939,Mercer Bears,Western Carolina Catamounts,Southern,0,1,0,0.92688,0.8451546722757277
5940,Western Carolina Catamounts,Mercer Bears,Southern,1,0,0,1.04725,0.9577094411888674
5941,The Citadel Bulldogs,East Tennessee State Buccaneers,Southern,0,1,0,1.02022,0.9561260076244881
5942,East Tennessee State Buccaneers,The Citadel Bulldogs,Southern,1,0,0,1.19692,0.938114360528205
5943,VMI Keydets,Chattanooga Mocs,Southern,0,1,0,0.81301,0.7815108864954137
5944,Chattanooga Mocs,VMI Keydets,Southern,1,0,0,1.14733,1.021531033580026
5945,Stetson Hatters,Kennesaw State Owls,ASUN,0,1,0,1.3247,1.2619190910854272
5946,Kennesaw State Owls,Stetson Hatters,ASUN,1,0,0,1.45503,1.3355075440852457
5947,North Florida Ospreys,Northern Kentucky Norse,ASUN,0,1,0,1.18226,1.1253843215536294
5948,Northern Kentucky Norse,North Florida Ospreys,ASUN,1,0,0,1.00219,0.9837165067030327
5949,Florida Gulf Coast Eagles,South Carolina Upstate Spartans,ASUN,0,1,0,1.20768,1.2241046691008513
5950,South Carolina Upstate Spartans,Florida Gulf Coast Eagles,ASUN,1,0,0,1.16887,1.1979640122786201
5951,Xavier Musketeers,Providence Friars,Big East,0,1,0,0.95486,0.9667185882253267
5952,Providence Friars,Xavier Musketeers,Big East,1,0,0,1.01576,0.9677822728936177
5953,UCF Knights,UConn Huskies,American,0,1,0,1.00547,1.0717739523877892
5954,UConn Huskies,UCF Knights,American,1,0,0,1.16865,1.0568920542737126
5955,Iona Gaels,Rider Broncs,MAAC,0,1,0,1.15281,1.1951950561648748
5956,Rider Broncs,Iona Gaels,MAAC,1,0,0,1.01133,0.9629144357766336
5957,South Alabama Jaguars,App State Mountaineers,Sun Belt,0,1,0,0.87134,0.8443867672261315
5958,App State Mountaineers,South Alabama Jaguars,Sun Belt,1,0,0,1.02627,0.9515647696807477
5959,Jacksonville Dolphins,Lipscomb Bisons,ASUN,0,1,0,1.07403,1.0315975566970468
5960,Lipscomb Bisons,Jacksonville Dolphins,ASUN,1,0,0,1.08904,0.9517139613993926
5961,UMBC Retrievers,Maine Black Bears,AM. EAST,0,0,1,1.20534,1.1578198491109137
5962,Maine Black Bears,UMBC Retrievers,AM. EAST,0,0,1,0.89589,0.8742910280040174
5963,UT Martin Skyhawks,Belmont Bruins,OVC,0,1,0,1.02877,1.0132929194912945
5964,Belmont Bruins,UT Martin Skyhawks,OVC,1,0,0,1.11342,1.0538031066496119
5965,Eastern Kentucky Colonels,Jacksonville State Gamecocks,OVC,0,1,0,1.08372,1.0279754430290953
5966,Jacksonville State Gamecocks,Eastern Kentucky Colonels,OVC,1,0,0,1.1822,1.191329906272726
5967,Austin Peay Governors,SIU Edwardsville Cougars,OVC,0,1,0,1.06527,1.0600394419561823
5968,SIU Edwardsville Cougars,Austin Peay Governors,OVC,1,0,0,1.13654,1.0793272106642708
5969,Southern Miss Golden Eagles,Rice Owls,CUSA,0,1,0,1.06994,1.0719345619542646
5970,Rice Owls,Southern Miss Golden Eagles,CUSA,1,0,0,1.1314,1.0321247524462702
5971,Louisiana Tech Bulldogs,North Texas Mean Green,CUSA,0,1,0,1.03166,1.0499620246028403
5972,North Texas Mean Green,Louisiana Tech Bulldogs,CUSA,1,0,0,1.15215,1.186541111980859
5973,Old Dominion Monarchs,Middle Tennessee Blue Raiders,CUSA,0,1,0,0.94697,0.9856267790654589
5974,Middle Tennessee Blue Raiders,Old Dominion Monarchs,CUSA,1,0,0,1.13442,1.1923813187637222
5975,Charlotte 49ers,UAB Blazers,CUSA,0,1,0,1.15403,1.2099373363407548
5976,UAB Blazers,Charlotte 49ers,CUSA,1,0,0,1.30692,1.2486793520096577
5977,Utah Valley Wolverines,UT Rio Grande Valley Vaqueros,WAC,0,1,0,1.28513,1.3083475608761408
5978,UT Rio Grande Valley Vaqueros,Utah Valley Wolverines,WAC,1,0,0,0.95859,0.978856320950678
5979,UNC Greensboro Spartans,Samford Bulldogs,Southern,0,0,1,1.13668,1.0293361990177299
5980,Samford Bulldogs,UNC Greensboro Spartans,Southern,0,0,1,1.3436,1.2645844754226674
5981,NC State Wolfpack,Miami Hurricanes,ACC,0,1,0,0.99586,0.973904469750457
5982,Miami Hurricanes,NC State Wolfpack,ACC,1,0,0,1.12398,1.0668762355865766
5983,South Dakota Coyotes,Western Illinois Leathernecks,Summit,0,1,0,1.09378,1.0746607426888042
5984,Western Illinois Leathernecks,South Dakota Coyotes,Summit,1,0,0,0.90661,0.8418161188396204
5985,North Dakota State Bison,IU Indianapolis Jaguars,Summit,0,1,0,1.10713,1.1366374169744748
5986,IU Indianapolis Jaguars,North Dakota State Bison,Summit,1,0,0,0.96392,0.952396747213022
5987,Canisius Golden Griffins,Fairfield Stags,MAAC,0,0,1,1.03584,1.048553789247978
5988,Fairfield Stags,Canisius Golden Griffins,MAAC,0,0,1,0.85383,0.9203466771237808
5989,Cal State Bakersfield Roadrunners,Kansas City Roos,WAC,0,1,0,1.04832,1.099654218834465
5990,Kansas City Roos,Cal State Bakersfield Roadrunners,WAC,1,0,0,1.0803,1.1350323362962056
5991,Seattle U Redhawks,Chicago State Cougars,WAC,0,1,0,1.34513,1.4198279196719275
5992,Chicago State Cougars,Seattle U Redhawks,WAC,1,0,0,1.2227,1.2987683853054588
5993,Arkansas State Red Wolves,Louisiana Ragin' Cajuns,Sun Belt,0,1,0,0.84934,0.8946566923312047
5994,Louisiana Ragin' Cajuns,Arkansas State Red Wolves,Sun Belt,1,0,0,1.38045,1.3408125289646287
5995,UT Arlington Mavericks,UL Monroe Warhawks,Sun Belt,0,1,0,1.02223,1.0909795215481317
5996,UL Monroe Warhawks,UT Arlington Mavericks,Sun Belt,1,0,0,0.92083,0.9049402654356844
5997,Georgia Southern Eagles,Texas State Bobcats,Sun Belt,0,1,0,0.79503,0.8835903970354589
5998,Texas State Bobcats,Georgia Southern Eagles,Sun Belt,1,0,0,0.76436,0.7959829606615105
5999,Troy Trojans,Little Rock Trojans,Sun Belt,0,1,0,1.02217,0.983966263497407
6000,Little Rock Trojans,Troy Trojans,Sun Belt,1,0,0,1.19188,1.1375529039234655
6001,Murray State Racers,Eastern Illinois Panthers,OVC,0,1,0,1.25718,1.2499993467296717
6002,Eastern Illinois Panthers,Murray State Racers,OVC,1,0,0,0.97205,0.9622014291523446
6003,UCLA Bruins,Oregon State Beavers,Pac-12,0,1,0,0.90709,0.96632641014984
6004,Oregon State Beavers,UCLA Bruins,Pac-12,1,0,0,1.1103,1.0719259077426826
6005,UTEP Miners,Western Kentucky Hilltoppers,CUSA,0,1,0,0.88641,0.9059696280047106
6006,Western Kentucky Hilltoppers,UTEP Miners,CUSA,1,0,0,0.9788,1.017429984027186
6007,Southern Utah Thunderbirds,Montana State Bobcats,Big Sky,0,1,0,0.97282,0.910095109748083
6008,Montana State Bobcats,Southern Utah Thunderbirds,Big Sky,1,0,0,1.20946,1.0776005418325214
6009,Washington Huskies,Colorado Buffaloes,Pac-12,0,1,0,0.9156,0.9093680048924536
6010,Colorado Buffaloes,Washington Huskies,Pac-12,1,0,0,0.89001,0.8385507224681134
6011,UC Riverside Highlanders,UC Santa Barbara Gauchos,Big West,0,1,0,1.20118,1.2141186903295622
6012,UC Santa Barbara Gauchos,UC Riverside Highlanders,Big West,1,0,0,1.3577,1.3214048167123922
6013,UC Irvine Anteaters,Cal State Northridge Matadors,Big West,0,1,0,1.3312,1.2721981917887757
6014,Cal State Northridge Matadors,UC Irvine Anteaters,Big West,1,0,0,0.80864,0.832921628812807
6015,Cal State Fullerton Titans,Cal Poly Mustangs,Big West,0,1,0,0.92168,0.9413084628583773
6016,Cal Poly Mustangs,Cal State Fullerton Titans,Big West,1,0,0,1.09127,0.9987876890342938
6017,Pepperdine Waves,San Francisco Dons,WCC,0,1,0,1.01083,0.9812844256147102
6018,San Francisco Dons,Pepperdine Waves,WCC,1,0,0,1.28489,1.2693050645420578
6019,Pacific Tigers,Portland Pilots,WCC,0,1,0,1.16832,1.1082332988999681
6020,Portland Pilots,Pacific Tigers,WCC,1,0,0,1.26178,1.1043837171751192
6021,North Dakota Fighting Hawks,Idaho Vandals,Big Sky,0,1,0,1.0452,0.9746959830572186
6022,Idaho Vandals,North Dakota Fighting Hawks,Big Sky,1,0,0,0.88301,0.7833633310454486
6023,Saint Mary's Gaels,Gonzaga Bulldogs,WCC,0,1,0,0.80789,0.8713653998588375
6024,Gonzaga Bulldogs,Saint Mary's Gaels,WCC,1,0,0,1.18609,1.1349958402667488
6025,Arizona State Sun Devils,California Golden Bears,Pac-12,0,1,0,1.22022,1.2311561481507347
6026,California Golden Bears,Arizona State Sun Devils,Pac-12,1,0,0,0.69402,0.6593933001638087
6027,USC Trojans,Oregon Ducks,Pac-12,0,1,0,0.94415,0.9278361544477488
6028,Oregon Ducks,USC Trojans,Pac-12,1,0,0,1.07551,1.0114894649686366
6029,Loyola Marymount Lions,Santa Clara Broncos,WCC,0,1,0,1.26535,1.1808608047248987
6030,Santa Clara Broncos,Loyola Marymount Lions,WCC,1,0,0,1.33179,1.1721992194316349
6031,UC Davis Aggies,Hawai'i Rainbow Warriors,Big West,0,1,0,1.13095,1.1598977289773764
6032,Hawai'i Rainbow Warriors,UC Davis Aggies,Big West,1,0,0,1.27775,1.2078213495187786
6033,VCU Rams,Saint Louis Billikens,A-10,0,1,0,0.99613,0.9359257766661443
6034,Saint Louis Billikens,VCU Rams,A-10,1,0,0,0.97576,1.004286821411293
6035,Detroit Mercy Titans,Cleveland State Vikings,Horizon,0,1,0,0.98046,0.9838234970820131
6036,Cleveland State Vikings,Detroit Mercy Titans,Horizon,1,0,0,1.09616,1.06913766192208
6037,Marist Red Foxes,Siena Saints,MAAC,0,0,1,1.01461,0.9337043797769428
6038,Siena Saints,Marist Red Foxes,MAAC,0,0,1,1.13943,1.126509683743721
6039,Manhattan Jaspers,Quinnipiac Bobcats,MAAC,0,1,0,0.89904,0.9297872797123515
6040,Quinnipiac Bobcats,Manhattan Jaspers,MAAC,1,0,0,1.11498,1.1260109842008752
6041,Niagara Purple Eagles,Monmouth Hawks,MAAC,0,1,0,0.99829,1.0361860972753234
6042,Monmouth Hawks,Niagara Purple Eagles,MAAC,1,0,0,1.16227,1.052890116152301
6043,Valparaiso Beacons,Green Bay Phoenix,Horizon,0,0,1,0.84992,0.9302962819822832
6044,Green Bay Phoenix,Valparaiso Beacons,Horizon,0,0,1,0.90287,0.9466708203334883
6045,Kentucky Wildcats,South Carolina Gamecocks,SEC,0,1,0,1.08119,1.1262295943098386
6046,South Carolina Gamecocks,Kentucky Wildcats,SEC,1,0,0,0.79644,0.9497131073600469
6047,Pacific Tigers,Gonzaga Bulldogs,WCC,0,1,0,1.02661,1.0900853998588376
6048,Gonzaga Bulldogs,Pacific Tigers,WCC,1,0,0,1.55907,1.4016737171751192
6049,Wisconsin Badgers,Michigan Wolverines,Big Ten,0,1,0,1.23158,1.2113419742698366
6050,Michigan Wolverines,Wisconsin Badgers,Big Ten,1,0,0,1.16387,1.1683906589497424
6051,Arizona Wildcats,California Golden Bears,Pac-12,0,1,0,1.12755,1.1384861481507347
6052,California Golden Bears,Arizona Wildcats,Pac-12,1,0,0,0.78016,0.8651694213507647
6053,Iowa State Cyclones,Texas Tech Red Raiders,Big 12,0,1,0,1.09444,1.0573270851847818
6054,Texas Tech Red Raiders,Iowa State Cyclones,Big 12,1,0,0,1.18926,1.1506005647421031
6055,Kansas Jayhawks,Texas Longhorns,Big 12,0,1,0,1.29432,1.3113950038628532
6056,Texas Longhorns,Kansas Jayhawks,Big 12,1,0,0,1.03168,1.04507826130129
6057,Florida State Seminoles,North Carolina Tar Heels,ACC,0,1,0,1.14231,1.1521623276656712
6058,North Carolina Tar Heels,Florida State Seminoles,ACC,1,0,0,1.24388,1.167573444346556
6059,TCU Horned Frogs,West Virginia Mountaineers,Big 12,0,1,0,1.17492,1.199535348499778
6060,West Virginia Mountaineers,TCU Horned Frogs,Big 12,1,0,0,1.13282,1.098790307483938
6061,Oklahoma Sooners,Baylor Bears,Big 12,0,1,0,0.94283,0.9804019873672487
6062,Baylor Bears,Oklahoma Sooners,Big 12,1,0,0,1.18762,1.2245710200377256
6063,Richmond Spiders,Dayton Flyers,A-10,0,1,0,1.02594,1.0910285358520804
6064,Dayton Flyers,Richmond Spiders,A-10,1,0,0,1.1417,1.167972743052118
6065,Iowa Hawkeyes,Purdue Boilermakers,Big Ten,0,1,0,1.10405,1.1006110661646626
6066,Purdue Boilermakers,Iowa Hawkeyes,Big Ten,1,0,0,1.16087,1.1414233416515525
6067,Charleston Cougars,Drexel Dragons,CAA,0,1,0,1.09221,1.0695813212579968
6068,Drexel Dragons,Charleston Cougars,CAA,1,0,0,1.19914,1.157494700023472
6069,Rutgers Scarlet Knights,Penn State Nittany Lions,Big Ten,0,0,1,0.85465,0.8600501917315819
6070,Penn State Nittany Lions,Rutgers Scarlet Knights,Big Ten,0,0,1,1.31456,1.2541237856654048
6071,DePaul Blue Demons,Xavier Musketeers,Big East,0,1,0,1.15202,1.1372204232882248
6072,Xavier Musketeers,DePaul Blue Demons,Big East,1,0,0,1.4298,1.3019292482577463
6073,Wake Forest Demon Deacons,Clemson Tigers,ACC,0,1,0,0.89636,0.9062783131247522
6074,Clemson Tigers,Wake Forest Demon Deacons,ACC,1,0,0,0.96209,0.8771361263431275
6075,Tulsa Golden Hurricane,East Carolina Pirates,American,0,1,0,1.21124,1.169507190266818
6076,East Carolina Pirates,Tulsa Golden Hurricane,American,1,0,0,1.1439,1.2002764742447007
6077,Oklahoma State Cowboys,Kansas State Wildcats,Big 12,0,1,0,1.02847,1.0157614733100677
6078,Kansas State Wildcats,Oklahoma State Cowboys,Big 12,1,0,0,1.19231,1.1647960172243335
6079,Navy Midshipmen,Holy Cross Crusaders,Patriot,0,1,0,1.11216,1.09669325291367
6080,Holy Cross Crusaders,Navy Midshipmen,Patriot,1,0,0,1.26545,1.2243818382783729
6081,Texas A&M Aggies,Tennessee Volunteers,SEC,0,1,0,1.25525,1.2153576391631196
6082,Tennessee Volunteers,Texas A&M Aggies,SEC,1,0,0,1.15867,1.1335128054126349
6083,The Citadel Bulldogs,VMI Keydets,Southern,0,1,0,1.02258,0.9299591839746334
6084,VMI Keydets,The Citadel Bulldogs,Southern,1,0,0,1.10456,0.845754360528205
6085,Jacksonville Dolphins,Northern Kentucky Norse,ASUN,0,1,0,1.03118,0.9743043215536293
6086,Northern Kentucky Norse,Jacksonville Dolphins,ASUN,1,0,0,1.34099,1.2036639613993925
6087,Bucknell Bison,Boston University Terriers,Patriot,0,1,0,1.5202,1.4588208316234237
6088,Boston University Terriers,Bucknell Bison,Patriot,1,0,0,1.23019,1.1850325820051868
6089,South Dakota Coyotes,IU Indianapolis Jaguars,Summit,0,1,0,0.77046,0.7999674169744749
6090,IU Indianapolis Jaguars,South Dakota Coyotes,Summit,1,0,0,1.01118,0.9463861188396203
6091,Loyola Chicago Ramblers,Indiana State Sycamores,MVC,0,1,0,0.95236,0.9485839043777584
6092,Indiana State Sycamores,Loyola Chicago Ramblers,MVC,1,0,0,1.12816,1.1150398750769304
6093,Northeastern Huskies,William & Mary Tribe,CAA,0,1,0,0.99115,0.9557452652946254
6094,William & Mary Tribe,Northeastern Huskies,CAA,1,0,0,1.27112,1.2755430351266779
6095,Arkansas Razorbacks,Missouri Tigers,SEC,0,1,0,1.09706,1.0008508381970915
6096,Missouri Tigers,Arkansas Razorbacks,SEC,1,0,0,1.08057,1.030613598989875
6097,Boise State Broncos,Air Force Falcons,Mountain West,0,0,1,1.3791,1.3305800794128464
6098,Air Force Falcons,Boise State Broncos,Mountain West,0,0,1,1.19894,1.2639835495746472
6099,Dartmouth Big Green,Harvard Crimson,Ivy,0,1,0,1.04705,1.133240558839486
6100,Harvard Crimson,Dartmouth Big Green,Ivy,1,0,0,0.93885,0.9164683005364723
6101,Brown Bears,Yale Bulldogs,Ivy,0,1,0,1.01786,1.0962856998872086
6102,Yale Bulldogs,Brown Bears,Ivy,1,0,0,1.0683,1.0007465138466527
6103,Duquesne Dukes,George Washington Revolutionaries,A-10,0,1,0,1.09669,1.1529789839337512
6104,George Washington Revolutionaries,Duquesne Dukes,A-10,1,0,0,1.33086,1.179197978355378
6105,Florida Gulf Coast Eagles,Kennesaw State Owls,ASUN,0,1,0,0.9827,0.9199190910854274
6106,Kennesaw State Owls,Florida Gulf Coast Eagles,ASUN,1,0,0,0.87291,0.90200401227862
6107,Stetson Hatters,South Carolina Upstate Spartans,ASUN,0,1,0,1.04479,1.0612146691008513
6108,South Carolina Upstate Spartans,Stetson Hatters,ASUN,1,0,0,1.39318,1.2736575440852458
6109,Buffalo Bulls,Ohio Bobcats,MAC,0,1,0,0.9972,0.9275888728724685
6110,Ohio Bobcats,Buffalo Bulls,MAC,1,0,0,1.02475,1.0047977646292583
6111,Kent State Golden Flashes,Ball State Cardinals,MAC,0,1,0,1.15051,1.0820048161476037
6112,Ball State Cardinals,Kent State Golden Flashes,MAC,1,0,0,0.93649,0.8910994879543559
6113,Akron Zips,Western Michigan Broncos,MAC,0,1,0,1.0731,1.0220124505456667
6114,Western Michigan Broncos,Akron Zips,MAC,1,0,0,1.02855,1.0187277500337109
6115,Loyola Maryland Greyhounds,Colgate Raiders,Patriot,0,1,0,1.01986,0.9843437792035821
6116,Colgate Raiders,Loyola Maryland Greyhounds,Patriot,1,0,0,1.01283,0.9782643049906126
6117,Lehigh Mountain Hawks,Lafayette Leopards,Patriot,0,1,0,1.248,1.154961328088739
6118,Lafayette Leopards,Lehigh Mountain Hawks,Patriot,1,0,0,1.19057,1.193324260764421
6119,Denver Pioneers,Omaha Mavericks,Summit,0,1,0,1.06513,1.0677636005520668
6120,Omaha Mavericks,Denver Pioneers,Summit,1,0,0,1.2876,1.2417352485499504
6121,Illinois Fighting Illini,Minnesota Golden Gophers,Big Ten,0,1,0,1.1732,1.1346418632156983
6122,Minnesota Golden Gophers,Illinois Fighting Illini,Big Ten,1,0,0,1.31121,1.2895198955716092
6123,Louisiana Ragin' Cajuns,Georgia State Panthers,Sun Belt,0,1,0,0.92439,1.0072894144136701
6124,Georgia State Panthers,Louisiana Ragin' Cajuns,Sun Belt,1,0,0,1.11416,1.1262985419365976
6125,St. Francis (PA) Red Flash,Mount St. Mary's Mountaineers,NEC,0,1,0,0.7174,0.7659018338061578
6126,Mount St. Mary's Mountaineers,St. Francis (PA) Red Flash,NEC,1,0,0,0.99206,1.0133574663365772
6127,Georgetown Hoyas,Marquette Golden Eagles,Big East,0,1,0,1.3729,1.3593714681897302
6128,Marquette Golden Eagles,Georgetown Hoyas,Big East,1,0,0,1.23317,1.2016973347010456
6129,Georgia Bulldogs,Mississippi State Bulldogs,SEC,0,0,1,1.20734,1.1916397224452513
6130,Mississippi State Bulldogs,Georgia Bulldogs,SEC,0,0,1,1.06821,1.1050379819723959
6131,UTSA Roadrunners,Western Kentucky Hilltoppers,CUSA,0,1,0,1.12366,1.1432196280047107
6132,Western Kentucky Hilltoppers,UTSA Roadrunners,CUSA,1,0,0,1.27145,1.1833905626473469
6133,UTEP Miners,Marshall Thundering Herd,CUSA,0,1,0,1.02209,1.0163238251930853
6134,Marshall Thundering Herd,UTEP Miners,CUSA,1,0,0,1.13351,1.172139984027186
6135,Cal State Bakersfield Roadrunners,Chicago State Cougars,WAC,0,1,0,1.03297,1.1076679196719275
6136,Chicago State Cougars,Cal State Bakersfield Roadrunners,WAC,1,0,0,0.77765,0.8323823362962056
6137,Maryland Eastern Shore Hawks,Bethune-Cookman Wildcats,MEAC,0,1,0,1.19993,1.2276122035526893
6138,Bethune-Cookman Wildcats,Maryland Eastern Shore Hawks,MEAC,1,0,0,1.12874,1.1289537680498833
6139,James Madison Dukes,Hofstra Pride,CAA,0,1,0,1.10918,1.086715593444567
6140,Hofstra Pride,James Madison Dukes,CAA,1,0,0,1.00344,0.9409051139657703
6141,Michigan State Spartans,Nebraska Cornhuskers,Big Ten,0,1,0,1.16244,1.1755317188505878
6142,Nebraska Cornhuskers,Michigan State Spartans,Big Ten,1,0,0,1.24158,1.2544527946729087
6143,UCLA Bruins,Oregon Ducks,Pac-12,0,1,0,1.08015,1.0638361544477486
6144,Oregon Ducks,UCLA Bruins,Pac-12,1,0,0,1.39115,1.3527759077426826
6145,Robert Morris Colonials,St. Francis Brooklyn Terriers,NEC,0,1,0,1.03303,1.0669033982458183
6146,St. Francis Brooklyn Terriers,Robert Morris Colonials,NEC,1,0,0,1.02093,1.0049393807120657
6147,Sacred Heart Pioneers,Bryant Bulldogs,NEC,0,1,0,1.4754,1.4323606784578231
6148,Bryant Bulldogs,Sacred Heart Pioneers,NEC,1,0,0,1.1489,1.1121428949387389
6149,New Mexico Lobos,Wyoming Cowboys,Mountain West,0,1,0,1.08726,1.1389367396646906
6150,Wyoming Cowboys,New Mexico Lobos,Mountain West,1,0,0,1.08149,1.1025364108911173
6151,Presbyterian Blue Hose,Coastal Carolina Chanticleers,Big South,0,1,0,0.94763,0.971494975510948
6152,Coastal Carolina Chanticleers,Presbyterian Blue Hose,Big South,1,0,0,1.14409,0.9954952692342178
6153,Campbell Fighting Camels,Winthrop Eagles,Big South,0,1,0,1.05236,1.0604568565294967
6154,Winthrop Eagles,Campbell Fighting Camels,Big South,1,0,0,1.18904,1.1060370869341143
6155,Miami Hurricanes,Syracuse Orange,ACC,0,1,0,1.08851,1.1307408890351585
6156,Syracuse Orange,Miami Hurricanes,ACC,1,0,0,0.98812,0.9329863193558497
6157,Miami (OH) RedHawks,Northern Illinois Huskies,MAC,0,1,0,1.08961,1.0613192393794264
6158,Northern Illinois Huskies,Miami (OH) RedHawks,MAC,1,0,0,0.97105,0.8744940184133991
6159,BYU Cougars,San Diego Toreros,WCC,0,1,0,1.07839,1.0877509178952278
6160,San Diego Toreros,BYU Cougars,WCC,1,0,0,1.09754,1.0235400913472823
6161,Southern Illinois Salukis,Evansville Purple Aces,MVC,0,1,0,1.05965,1.0741901731054864
6162,Evansville Purple Aces,Southern Illinois Salukis,MVC,1,0,0,1.2034,1.1467239485253549
6163,Austin Peay Governors,Eastern Illinois Panthers,OVC,0,1,0,0.92593,0.9187493467296718
6164,Eastern Illinois Panthers,Austin Peay Governors,OVC,1,0,0,0.83797,0.7807572106642707
6165,Coppin State Eagles,North Carolina Central Eagles,MEAC,0,1,0,1.21897,1.3358261936051519
6166,North Carolina Central Eagles,Coppin State Eagles,MEAC,1,0,0,1.25292,1.1816612693446447
6167,McNeese Cowboys,Northwestern State Demons,Southland,0,1,0,1.06715,0.9642684317399104
6168,Northwestern State Demons,McNeese Cowboys,Southland,1,0,0,1.48399,1.3942291977090062
6169,Long Island University Sharks,Fairleigh Dickinson Knights,NEC,0,0,1,1.14469,1.1129087934560813
6170,Fairleigh Dickinson Knights,Long Island University Sharks,NEC,0,0,1,1.05556,1.0720127800693886
6171,Liberty Flames,Radford Highlanders,Big South,0,1,0,1.14934,1.1347618573169593
6172,Radford Highlanders,Liberty Flames,Big South,1,0,0,1.29745,1.2201223406950987
6173,Eastern Michigan Eagles,Central Michigan Chippewas,MAC,0,0,1,0.8153,0.7814882775098205
6174,Central Michigan Chippewas,Eastern Michigan Eagles,MAC,0,0,1,1.05794,1.0834543753350123
6175,Northern Arizona Lumberjacks,Montana State Bobcats,Big Sky,0,1,0,1.24091,1.178185109748083
6176,Montana State Bobcats,Northern Arizona Lumberjacks,Big Sky,1,0,0,1.09721,1.0705895561616856
6177,North Florida Ospreys,Lipscomb Bisons,ASUN,0,1,0,1.27655,1.2341175566970468
6178,Lipscomb Bisons,North Florida Ospreys,ASUN,1,0,0,1.08302,1.0645465067030329
6179,North Dakota Fighting Hawks,Eastern Washington Eagles,Big Sky,0,1,0,1.13533,1.0856714320344556
6180,Eastern Washington Eagles,North Dakota Fighting Hawks,Big Sky,1,0,0,1.42963,1.3299833310454485
6181,Arkansas State Red Wolves,Troy Trojans,Sun Belt,0,1,0,1.00949,0.9883410543180726
6182,Troy Trojans,Arkansas State Red Wolves,Sun Belt,1,0,0,0.88359,0.8439525289646287
6183,Morehead State Eagles,Jacksonville State Gamecocks,OVC,0,1,0,1.16922,1.1134754430290952
6184,Jacksonville State Gamecocks,Morehead State Eagles,OVC,1,0,0,1.08795,1.094320668940772
6185,Stephen F. Austin Lumberjacks,Sam Houston Bearkats,Southland,0,1,0,1.33072,1.4465484305169825
6186,Sam Houston Bearkats,Stephen F. Austin Lumberjacks,Southland,1,0,0,1.10746,1.1457453507784772
6187,Incarnate Word Cardinals,Abilene Christian Wildcats,Southland,0,1,0,1.29787,1.2127822497411738
6188,Abilene Christian Wildcats,Incarnate Word Cardinals,Southland,1,0,0,1.00477,0.9159992899222679
6189,App State Mountaineers,Texas State Bobcats,Sun Belt,0,1,0,1.08648,1.1750403970354588
6190,Texas State Bobcats,App State Mountaineers,Sun Belt,1,0,0,0.96021,0.9000786168315243
6191,Old Dominion Monarchs,UAB Blazers,CUSA,0,1,0,1.14617,1.2020773363407549
6192,UAB Blazers,Old Dominion Monarchs,CUSA,1,0,0,1.44379,1.5017513187637221
6193,Gardner-Webb Runnin' Bulldogs,Charleston Southern Buccaneers,Big South,0,1,0,1.29722,1.2399326903164005
6194,Charleston Southern Buccaneers,Gardner-Webb Runnin' Bulldogs,Big South,1,0,0,1.45984,1.3569017726160513
6195,Georgia Southern Eagles,UL Monroe Warhawks,Sun Belt,0,1,0,0.98303,1.0517795215481316
6196,UL Monroe Warhawks,Georgia Southern Eagles,Sun Belt,1,0,0,0.91465,0.9462729606615105
6197,Nicholls Colonels,Central Arkansas Bears,Southland,0,1,0,1.00269,0.892048465717251
6198,Central Arkansas Bears,Nicholls Colonels,Southland,1,0,0,0.91295,0.8591172813039429
6199,Prairie View A&M Panthers,Mississippi Valley State Delta Devils,SWAC,0,1,0,0.99681,0.9515857902646941
6200,Mississippi Valley State Delta Devils,Prairie View A&M Panthers,SWAC,1,0,0,0.86407,0.9184949102194776
6201,Howard Bison,Florida A&M Rattlers,MEAC,0,1,0,1.0737,1.0187108476200972
6202,Florida A&M Rattlers,Howard Bison,MEAC,1,0,0,0.9036,0.979141716875975
6203,Florida Gators,Ole Miss Rebels,SEC,0,0,1,1.1281,1.1181396332979436
6204,Ole Miss Rebels,Florida Gators,SEC,0,0,1,1.1302,1.2002858983576095
6205,LSU Tigers,Vanderbilt Commodores,SEC,0,1,0,1.09547,1.0627018269735913
6206,Vanderbilt Commodores,LSU Tigers,SEC,1,0,0,1.04894,1.0468780079552664
6207,USC Trojans,Oregon State Beavers,Pac-12,0,1,0,0.94044,0.9996764101498402
6208,Oregon State Beavers,USC Trojans,Pac-12,1,0,0,1.02567,0.9616494649686368
6209,Charlotte 49ers,Middle Tennessee Blue Raiders,CUSA,0,1,0,1.23158,1.2702367790654587
6210,Middle Tennessee Blue Raiders,Charlotte 49ers,CUSA,1,0,0,1.25251,1.1942693520096577
6211,UNC Greensboro Spartans,Chattanooga Mocs,Southern,0,1,0,1.1075,1.0760008864954136
6212,Chattanooga Mocs,UNC Greensboro Spartans,Southern,1,0,0,1.24594,1.1337463250280604
6213,Houston Cougars,SMU Mustangs,American,0,1,0,0.94668,1.0317245192786095
6214,SMU Mustangs,Houston Cougars,American,1,0,0,1.37332,1.328954361416003
6215,Norfolk State Spartans,South Carolina State Bulldogs,MEAC,0,1,0,1.183,1.2111331297039616
6216,South Carolina State Bulldogs,Norfolk State Spartans,MEAC,1,0,0,0.95274,0.9715394090220908
6217,Hampton Pirates,Savannah State Tigers,MEAC,0,1,0,1.02981,1.0865279055678767
6218,Savannah State Tigers,Hampton Pirates,MEAC,1,0,0,1.11725,1.1677005196971013
6219,Delaware State Hornets,North Carolina A&T Aggies,MEAC,0,1,0,1.15092,1.1506751237408483
6220,North Carolina A&T Aggies,Delaware State Hornets,MEAC,1,0,0,0.89384,0.8794298503748896
6221,UT Arlington Mavericks,Little Rock Trojans,Sun Belt,0,1,0,1.12313,1.084926263497407
6222,Little Rock Trojans,UT Arlington Mavericks,Sun Belt,1,0,0,1.01772,1.0018302654356843
6223,Alcorn State Braves,Alabama State Hornets,SWAC,0,1,0,0.84323,0.9200062090144575
6224,Alabama State Hornets,Alcorn State Braves,SWAC,1,0,0,1.16667,1.0960195746489352
6225,Jackson State Tigers,Grambling Tigers,SWAC,0,1,0,1.15463,1.1006500332712008
6226,Grambling Tigers,Jackson State Tigers,SWAC,1,0,0,1.03837,1.0977110552961997
6227,Delaware Blue Hens,Elon Phoenix,CAA,0,1,0,1.17914,1.1736975264533664
6228,Elon Phoenix,Delaware Blue Hens,CAA,1,0,0,1.35469,1.2525390227653936
6229,UIC Flames,Youngstown State Penguins,Horizon,0,1,0,0.96618,0.8545029041615171
6230,Youngstown State Penguins,UIC Flames,Horizon,1,0,0,1.15374,1.0604967330847999
6231,Southeast Missouri State Redhawks,UT Martin Skyhawks,OVC,0,1,0,0.89103,0.864591257044219
6232,UT Martin Skyhawks,Southeast Missouri State Redhawks,OVC,1,0,0,1.19301,1.1524681461014403
6233,Cal State Fullerton Titans,UC Santa Barbara Gauchos,Big West,0,1,0,0.85468,0.8676186903295621
6234,UC Santa Barbara Gauchos,Cal State Fullerton Titans,Big West,1,0,0,1.19813,1.105647689034294
6235,Wagner Seahawks,Central Connecticut Blue Devils,NEC,0,1,0,0.86863,0.8086976746391921
6236,Central Connecticut Blue Devils,Wagner Seahawks,NEC,1,0,0,0.92445,0.8731887102090834
6237,Nevada Wolf Pack,Fresno State Bulldogs,Mountain West,0,1,0,0.98211,0.9475906542958344
6238,Fresno State Bulldogs,Nevada Wolf Pack,Mountain West,1,0,0,1.0493,1.0034573735635264
6239,Cornell Big Red,Columbia Lions,Ivy,0,1,0,1.1144,1.0918916162603092
6240,Columbia Lions,Cornell Big Red,Ivy,1,0,0,0.90731,0.8831937831490061
6241,Pennsylvania Quakers,Saint Joseph's Hawks,Ivy,1,0,0,0.98337,1.0023612321680457
6242,Saint Joseph's Hawks,Pennsylvania Quakers,A-10,1,0,0,0.86973,0.7727592250663253
6243,Davidson Wildcats,George Mason Patriots,A-10,0,1,0,1.20424,1.1648194188580099
6244,George Mason Patriots,Davidson Wildcats,A-10,1,0,0,1.08942,1.031620861390144
6245,Seattle U Redhawks,Kansas City Roos,WAC,0,1,0,0.85766,0.908994218834465
6246,Kansas City Roos,Seattle U Redhawks,WAC,1,0,0,1.14285,1.2189183853054588
6247,UNC Asheville Bulldogs,High Point Panthers,Big South,0,1,0,0.80249,0.7915186103060474
6248,High Point Panthers,UNC Asheville Bulldogs,Big South,1,0,0,1.1646,1.1143557931679386
6249,East Tennessee State Buccaneers,Wofford Terriers,Southern,0,1,0,0.98386,1.0167472368397095
6250,Wofford Terriers,East Tennessee State Buccaneers,Southern,1,0,0,1.07821,0.9809378572298809
6251,Western Carolina Catamounts,Samford Bulldogs,Southern,0,0,1,1.09521,0.9878661990177301
6252,Samford Bulldogs,Western Carolina Catamounts,Southern,0,0,1,1.22512,1.1433946722757276
6253,Bowling Green Falcons,Toledo Rockets,MAC,0,1,0,0.98243,0.9511914429464121
6254,Toledo Rockets,Bowling Green Falcons,MAC,1,0,0,1.10386,1.0880022808887784
6255,North Dakota State Bison,Purdue Fort Wayne Mastodons,Summit,0,1,0,1.20689,1.1844113017785958
6256,Purdue Fort Wayne Mastodons,North Dakota State Bison,Summit,1,0,0,1.26193,1.250406747213022
6257,Canisius Golden Griffins,Rider Broncs,MAAC,0,1,0,0.73718,0.7795650561648749
6258,Rider Broncs,Canisius Golden Griffins,MAAC,1,0,0,0.9919,1.0252385267291737
6259,Texas A&M-Corpus Christi Islanders,New Orleans Privateers,Southland,0,1,0,1.0756,1.0413354465818259
6260,New Orleans Privateers,Texas A&M-Corpus Christi Islanders,Southland,1,0,0,0.93354,0.892460066297207
6261,Southern Jaguars,Alabama A&M Bulldogs,SWAC,0,1,0,1.03847,1.0276715761380928
6262,Alabama A&M Bulldogs,Southern Jaguars,SWAC,1,0,0,0.90879,0.9802930261530597
6263,Towson Tigers,UNC Wilmington Seahawks,CAA,0,1,0,0.99924,1.0215341753624971
6264,UNC Wilmington Seahawks,Towson Tigers,CAA,1,0,0,1.02386,0.9447872421604595
6265,Murray State Racers,SIU Edwardsville Cougars,OVC,0,1,0,1.02258,1.0173494419561824
6266,SIU Edwardsville Cougars,Murray State Racers,OVC,1,0,0,0.92638,0.9165314291523446
6267,Lamar Cardinals,Houston Christian Huskies,Southland,0,1,0,1.21749,1.1372146888989496
6268,Houston Christian Huskies,Lamar Cardinals,Southland,1,0,0,1.32132,1.2582257067208524
6269,Washington State Cougars,Colorado Buffaloes,Pac-12,0,1,0,0.86507,0.8588380048924537
6270,Colorado Buffaloes,Washington State Cougars,Pac-12,1,0,0,1.36662,1.2215350255834747
6271,Utah State Aggies,UNLV Rebels,Mountain West,0,1,0,1.14978,1.1990840683531385
6272,UNLV Rebels,Utah State Aggies,Mountain West,1,0,0,1.19056,1.156021894672418
6273,Southern Miss Golden Eagles,North Texas Mean Green,CUSA,0,1,0,1.11226,1.1305620246028403
6274,North Texas Mean Green,Southern Miss Golden Eagles,CUSA,1,0,0,1.03467,0.9353947524462702
6275,Louisiana Tech Bulldogs,Rice Owls,CUSA,0,1,0,1.0592,1.0611945619542646
6276,Rice Owls,Louisiana Tech Bulldogs,CUSA,1,0,0,0.8032,0.8375911119808591
6277,Grand Canyon Lopes,UT Rio Grande Valley Vaqueros,WAC,0,1,0,1.20501,1.2282275608761406
6278,UT Rio Grande Valley Vaqueros,Grand Canyon Lopes,WAC,1,0,0,1.20548,1.1974240134177603
6279,South Dakota State Jackrabbits,Oral Roberts Golden Eagles,Summit,0,1,0,1.19371,1.166639595495551
6280,Oral Roberts Golden Eagles,South Dakota State Jackrabbits,Summit,1,0,0,1.1675,1.197629476626369
6281,Memphis Tigers,Tulane Green Wave,American,0,1,0,0.90787,0.9129351357457752
6282,Tulane Green Wave,Memphis Tigers,American,1,0,0,0.91055,0.9641623123263193
6283,Missouri State Bears,Bradley Braves,MVC,0,1,0,1.1014,1.1034526219512801
6284,Bradley Braves,Missouri State Bears,MVC,1,0,0,1.08953,1.0042261262235703
6285,Texas Southern Tigers,Arkansas-Pine Bluff Golden Lions,SWAC,0,1,0,0.94753,0.983665641958189
6286,Arkansas-Pine Bluff Golden Lions,Texas Southern Tigers,SWAC,1,0,0,0.99985,1.0014386646726567
6287,Auburn Tigers,Alabama Crimson Tide,SEC,0,1,0,0.96127,0.9515502800878592
6288,Alabama Crimson Tide,Auburn Tigers,SEC,1,0,0,1.07876,0.9882222480809142
6289,Utah Valley Wolverines,New Mexico State Aggies,WAC,0,1,0,0.78161,0.9504738955566292
6290,New Mexico State Aggies,Utah Valley Wolverines,WAC,1,0,0,1.28993,1.3101963209506777
6291,Southern Utah Thunderbirds,Montana Grizzlies,Big Sky,0,1,0,0.89799,0.8802550957594529
6292,Montana Grizzlies,Southern Utah Thunderbirds,Big Sky,1,0,0,0.97258,0.8407205418325214
6293,Sacramento State Hornets,Weber State Wildcats,Big Sky,0,1,0,1.42744,1.3898337543692825
6294,Weber State Wildcats,Sacramento State Hornets,Big Sky,1,0,0,1.38292,1.2673952874543926
6295,Portland State Vikings,Idaho State Bengals,Big Sky,0,1,0,1.15403,1.105062002899891
6296,Idaho State Bengals,Portland State Vikings,Big Sky,1,0,0,1.21124,1.1312598159840834
6297,Eastern Kentucky Colonels,Tennessee Tech Golden Eagles,OVC,0,1,0,1.27841,1.219512843408802
6298,Tennessee Tech Golden Eagles,Eastern Kentucky Colonels,OVC,1,0,0,1.30523,1.314359906272726
6299,UC Riverside Highlanders,Cal Poly Mustangs,Big West,0,1,0,0.8758,0.8954284628583773
6300,Cal Poly Mustangs,UC Riverside Highlanders,Big West,1,0,0,1.18928,1.1529848167123922
6301,Long Beach State Beach,Cal State Northridge Matadors,Big West,0,1,0,0.98328,0.9242781917887758
6302,Cal State Northridge Matadors,Long Beach State Beach,Big West,1,0,0,0.90174,0.8903297945887205
6303,San Diego State Aztecs,Colorado State Rams,Mountain West,0,1,0,1.23685,1.2843857687474391
6304,Colorado State Rams,San Diego State Aztecs,Mountain West,1,0,0,1.42669,1.5211711978790419
6305,Saint Mary's Gaels,Portland Pilots,WCC,0,1,0,1.14707,1.0869832988999681
6306,Portland Pilots,Saint Mary's Gaels,WCC,1,0,0,1.01194,0.9608458402667488
6307,Loyola Marymount Lions,San Francisco Dons,WCC,0,1,0,1.10013,1.0705844256147103
6308,San Francisco Dons,Loyola Marymount Lions,WCC,1,0,0,1.0818,0.9222092194316349
6309,Northern Colorado Bears,Idaho Vandals,Big Sky,0,1,0,1.29227,1.2217659830572187
6310,Idaho Vandals,Northern Colorado Bears,Big Sky,1,0,0,1.38201,1.201376231858414
6311,Pepperdine Waves,Santa Clara Broncos,WCC,0,1,0,0.97849,0.8940008047248987
6312,Santa Clara Broncos,Pepperdine Waves,WCC,1,0,0,1.05646,1.0408750645420577
6313,UC Irvine Anteaters,Hawai'i Rainbow Warriors,Big West,0,1,0,1.14566,1.1746077289773764
6314,Hawai'i Rainbow Warriors,UC Irvine Anteaters,Big West,1,0,0,1.05753,1.081811628812807
6315,Arizona State Sun Devils,Stanford Cardinal,Pac-12,0,1,0,1.05432,1.0282684227599117
6316,Stanford Cardinal,Arizona State Sun Devils,Pac-12,1,0,0,1.38619,1.3515633001638088
6317,Virginia Cavaliers,Virginia Tech Hokies,ACC,0,1,0,0.94217,0.8386582956696709
6318,Virginia Tech Hokies,Virginia Cavaliers,ACC,1,0,0,0.84295,0.9247895136934058
6319,Creighton Bluejays,Villanova Wildcats,Big East,0,1,0,0.83041,0.8985704410893014
6320,Villanova Wildcats,Creighton Bluejays,Big East,1,0,0,1.22936,1.1092244560616735
6321,Duke Blue Devils,St. John's Red Storm,ACC,0,0,1,1.19929,1.1942073488682299
6322,St. John's Red Storm,Duke Blue Devils,Big East,0,0,1,1.04105,1.0854882839594187
6323,Notre Dame Fighting Irish,NC State Wolfpack,ACC,0,1,0,1.24889,1.2249643859811838
6324,NC State Wolfpack,Notre Dame Fighting Irish,ACC,1,0,0,1.18995,1.1170698996196178
6325,Louisville Cardinals,Pittsburgh Panthers,ACC,0,1,0,1.23128,1.1322094111637784
6326,Pittsburgh Panthers,Louisville Cardinals,ACC,1,0,0,1.08242,1.136105069549806
6327,Washington Huskies,Utah Utes,Pac-12,0,1,0,1.02627,1.1115435406127672
6328,Utah Utes,Washington Huskies,Pac-12,1,0,0,1.36874,1.3172807224681133
6329,Northwestern Wildcats,Maryland Terrapins,Big Ten,0,1,0,1.10851,1.123582806093258
6330,Maryland Terrapins,Northwestern Wildcats,Big Ten,1,0,0,1.08974,0.9770865709326149
6331,Drake Bulldogs,Wichita State Shockers,MVC,0,1,0,0.75211,0.8427699321242167
6332,Wichita State Shockers,Drake Bulldogs,MVC,1,0,0,1.4005,1.2401414443761756
6333,Northern Iowa Panthers,Illinois State Redbirds,MVC,0,1,0,0.98615,1.0632900396608151
6334,Illinois State Redbirds,Northern Iowa Panthers,MVC,1,0,0,0.93828,0.9613833232200415
6335,Indiana Hoosiers,Ohio State Buckeyes,Big Ten,0,1,0,1.20484,1.2410841453182702
6336,Ohio State Buckeyes,Indiana Hoosiers,Big Ten,1,0,0,1.35239,1.2152738003232852
6337,Seton Hall Pirates,Butler Bulldogs,Big East,0,1,0,0.93533,1.00821151096877
6338,Butler Bulldogs,Seton Hall Pirates,Big East,1,0,0,1.24085,1.1666523944400664
6339,South Florida Bulls,UConn Huskies,American,0,0,1,0.91953,0.9858339523877889
6340,UConn Huskies,South Florida Bulls,American,0,0,1,1.17001,1.1421706997621706
6341,Boston College Eagles,Georgia Tech Yellow Jackets,ACC,0,1,0,1.09794,1.0956801300351056
6342,Georgia Tech Yellow Jackets,Boston College Eagles,ACC,1,0,0,1.04301,0.9395755384949346
6343,St. Bonaventure Bonnies,Rhode Island Rams,A-10,0,1,0,0.79164,0.8814278644701051
6344,Rhode Island Rams,St. Bonaventure Bonnies,A-10,1,0,0,0.89161,0.8703233277631615
6345,Vermont Catamounts,UMass Lowell River Hawks,AM. EAST,0,1,0,1.14119,1.1653008329420194
6346,UMass Lowell River Hawks,Vermont Catamounts,AM. EAST,1,0,0,0.88879,0.9770812384492431
6347,Maine Black Bears,Hartford Hawks,AM. EAST,0,1,0,1.14075,1.1816105277707156
6348,Hartford Hawks,Maine Black Bears,AM. EAST,1,0,0,0.98667,0.9059716987163066
6349,Stony Brook Seawolves,Binghamton Bearcats,AM. EAST,0,0,1,1.12983,1.1395203235689844
6350,Binghamton Bearcats,Stony Brook Seawolves,AM. EAST,0,0,1,0.96716,1.0622053279792465
6351,Cincinnati Bearcats,UCF Knights,American,0,1,0,1.08185,1.0032702046683197
6352,UCF Knights,Cincinnati Bearcats,American,1,0,0,0.85627,0.9519322198109571
6353,Monmouth Hawks,Manhattan Jaspers,MAAC,0,1,0,1.07527,1.1194791345954822
6354,Manhattan Jaspers,Monmouth Hawks,MAAC,1,0,0,1.23676,1.2414779468807162
6355,Fairfield Stags,Marist Red Foxes,MAAC,0,1,0,1.05873,1.045809683743721
6356,Marist Red Foxes,Fairfield Stags,MAAC,1,0,0,1.18151,1.1610456388533708
6357,Saint Peter's Peacocks,Siena Saints,MAAC,0,0,1,1.18606,1.1051543797769425
6358,Siena Saints,Saint Peter's Peacocks,MAAC,0,0,1,0.91229,0.9507883170045508
6359,UMBC Retrievers,UAlbany Great Danes,AM. EAST,0,1,0,0.95232,0.997790675309953
6360,UAlbany Great Danes,UMBC Retrievers,AM. EAST,1,0,0,1.25568,1.2009028776094102
6361,Niagara Purple Eagles,Iona Gaels,MAAC,0,0,1,0.97466,0.9594225861712407
6362,Iona Gaels,Niagara Purple Eagles,MAAC,0,0,1,1.34458,1.2683782665469083
6363,Belmont Bruins,Tennessee State Tigers,OVC,1,0,0,1.08221,1.0215489110444789
6364,Tennessee State Tigers,Belmont Bruins,OVC,1,0,0,0.89686,0.8482047690966874
6365,Syracuse Orange,North Carolina Tar Heels,ACC,0,1,0,1.09275,1.1026023276656713
6366,North Carolina Tar Heels,Syracuse Orange,ACC,1,0,0,1.23881,1.2478627386405512
6367,Texas Longhorns,Iowa State Cyclones,Big 12,0,1,0,1.25678,1.2512987151367103
6368,Iowa State Cyclones,Texas Longhorns,Big 12,1,0,0,1.36899,1.352886853468246
6369,Delaware State Hornets,North Carolina Central Eagles,MEAC,0,1,0,0.90029,1.0171461936051518
6370,North Carolina Central Eagles,Delaware State Hornets,MEAC,1,0,0,0.94603,0.9316198503748897
6371,Wright State Raiders,Detroit Mercy Titans,Horizon,0,1,0,1.04297,1.0491258123166871
6372,Detroit Mercy Titans,Wright State Raiders,Horizon,1,0,0,0.84884,0.7948777454200557
6373,Cleveland State Vikings,Oakland Golden Grizzlies,Horizon,0,0,1,0.93965,0.8645295927094273
6374,Oakland Golden Grizzlies,Cleveland State Vikings,Horizon,0,0,1,1.00226,1.005623497082013
6375,High Point Panthers,Presbyterian Blue Hose,Big South,0,1,0,1.29387,1.1784534196288252
6376,Presbyterian Blue Hose,High Point Panthers,Big South,1,0,0,1.06939,1.0252404599114404
6377,Army Black Knights,American University Eagles,Patriot,0,1,0,1.13152,1.1646208424332902
6378,American University Eagles,Army Black Knights,Patriot,1,0,0,1.1046,1.0574463852073277
6379,Coppin State Eagles,North Carolina A&T Aggies,MEAC,0,1,0,1.24857,1.2483251237408484
6380,North Carolina A&T Aggies,Coppin State Eagles,MEAC,1,0,0,1.03699,0.9657312693446448
6381,Hampton Pirates,South Carolina State Bulldogs,MEAC,0,1,0,0.82907,0.8572031297039617
6382,South Carolina State Bulldogs,Hampton Pirates,MEAC,1,0,0,0.98931,1.0397605196971014
6383,Howard Bison,Bethune-Cookman Wildcats,MEAC,0,1,0,0.86549,0.8931722035526896
6384,Bethune-Cookman Wildcats,Howard Bison,MEAC,1,0,0,0.8132,0.888741716875975
6385,Nicholls Colonels,Northwestern State Demons,Southland,0,1,0,0.8143,0.7114184317399104
6386,Northwestern State Demons,Nicholls Colonels,Southland,1,0,0,1.28363,1.2297972813039428
6387,Gardner-Webb Runnin' Bulldogs,Campbell Fighting Camels,Big South,0,1,0,0.96693,0.9171052373287213
6388,Campbell Fighting Camels,Gardner-Webb Runnin' Bulldogs,Big South,1,0,0,1.30125,1.1983117726160513
6389,Norfolk State Spartans,Savannah State Tigers,MEAC,0,1,0,1.15667,1.213387905567877
6390,Savannah State Tigers,Norfolk State Spartans,MEAC,1,0,0,0.88611,0.9049094090220907
6391,Maryland Eastern Shore Hawks,Florida A&M Rattlers,MEAC,0,1,0,1.15884,1.1038508476200972
6392,Florida A&M Rattlers,Maryland Eastern Shore Hawks,MEAC,1,0,0,1.03847,1.0386837680498833
6393,Texas A&M-Corpus Christi Islanders,SE Louisiana Lions,Southland,0,1,0,0.99179,1.0035429050404856
6394,SE Louisiana Lions,Texas A&M-Corpus Christi Islanders,Southland,1,0,0,0.91929,0.878210066297207
6395,Stephen F. Austin Lumberjacks,Lamar Cardinals,Southland,0,1,0,1.26656,1.2366438571154594
6396,Lamar Cardinals,Stephen F. Austin Lumberjacks,Southland,1,0,0,1.00756,1.0458453507784773
6397,McNeese Cowboys,Incarnate Word Cardinals,Southland,0,1,0,1.29899,1.2433974403168753
6398,Incarnate Word Cardinals,McNeese Cowboys,Southland,1,0,0,1.34107,1.2513091977090065
6399,Central Arkansas Bears,New Orleans Privateers,Southland,0,1,0,0.89799,0.8637254465818257
6400,New Orleans Privateers,Central Arkansas Bears,Southland,1,0,0,1.15416,1.0103403153226438
6401,Sam Houston Bearkats,Abilene Christian Wildcats,Southland,0,1,0,1.38336,1.2982722497411734
6402,Abilene Christian Wildcats,Sam Houston Bearkats,Southland,1,0,0,1.08939,1.1720402801223755
6403,Milwaukee Panthers,Valparaiso Beacons,Horizon,0,1,0,0.84688,0.8906808203334883
6404,Valparaiso Beacons,Milwaukee Panthers,Horizon,1,0,0,1.32017,1.2465107318221926
6405,Alcorn State Braves,Alabama A&M Bulldogs,SWAC,0,1,0,0.95646,0.9456615761380929
6406,Alabama A&M Bulldogs,Alcorn State Braves,SWAC,1,0,0,1.1502,1.079549574648935
6407,Prairie View A&M Panthers,Arkansas-Pine Bluff Golden Lions,SWAC,0,1,0,1.06548,1.1016156419581888
6408,Arkansas-Pine Bluff Golden Lions,Prairie View A&M Panthers,SWAC,1,0,0,1.61989,1.6743149102194776
6409,Texas Southern Tigers,Mississippi Valley State Delta Devils,SWAC,0,0,1,1.05558,1.010355790264694
6410,Mississippi Valley State Delta Devils,Texas Southern Tigers,SWAC,0,0,1,1.00714,1.0419068150672637
6411,Southern Jaguars,Alabama State Hornets,SWAC,0,1,0,0.90433,0.9811062090144574
6412,Alabama State Hornets,Southern Jaguars,SWAC,1,0,0,1.01148,1.0829830261530595
6413,George Washington Revolutionaries,VCU Rams,A-10,0,1,0,0.76546,0.8271649718059001
6414,VCU Rams,George Washington Revolutionaries,A-10,1,0,0,1.21359,1.236700833539144
6415,West Virginia Mountaineers,Kansas State Wildcats,Big 12,0,1,0,0.89372,0.8810114733100678
6416,Kansas State Wildcats,West Virginia Mountaineers,Big 12,1,0,0,0.80443,0.7958671981051708
6417,Baylor Bears,Oklahoma State Cowboys,Big 12,0,1,0,0.89624,0.9019041676189407
6418,Oklahoma State Cowboys,Baylor Bears,Big 12,1,0,0,1.09361,1.0980038369726417
6419,Xavier Musketeers,Georgetown Hoyas,Big East,0,1,0,1.08989,1.0915954850956526
6420,Georgetown Hoyas,Xavier Musketeers,Big East,1,0,0,0.82945,0.7814722728936178
6421,Saint Joseph's Hawks,La Salle Explorers,A-10,1,0,0,0.79517,0.8474696135171563
6422,La Salle Explorers,Saint Joseph's Hawks,A-10,1,0,0,0.90269,0.8966718671567722
6423,Vanderbilt Commodores,Georgia Bulldogs,SEC,0,1,0,1.10437,1.1411979819723959
6424,Georgia Bulldogs,Vanderbilt Commodores,SEC,1,0,0,1.25718,1.1912336765789842
6425,Nebraska Cornhuskers,Michigan Wolverines,Big Ten,0,1,0,0.80184,0.7816019742698367
6426,Michigan Wolverines,Nebraska Cornhuskers,Big Ten,1,0,0,1.06894,1.0488535684559808
6427,Pittsburgh Panthers,Virginia Tech Hokies,ACC,0,1,0,1.08238,0.9788682956696707
6428,Virginia Tech Hokies,Pittsburgh Panthers,ACC,1,0,0,1.13084,0.9985912607691715
6429,Central Michigan Chippewas,Kent State Golden Flashes,MAC,0,1,0,0.85781,0.845597638348963
6430,Kent State Golden Flashes,Central Michigan Chippewas,MAC,1,0,0,1.03314,0.9661501271152133
6431,Northern Illinois Huskies,Bowling Green Falcons,MAC,0,1,0,0.83829,0.8556104312833855
6432,Bowling Green Falcons,Northern Illinois Huskies,MAC,1,0,0,1.02844,0.9669710889848195
6433,Western Michigan Broncos,Buffalo Bulls,MAC,0,1,0,1.09926,1.1124859150238653
6434,Buffalo Bulls,Western Michigan Broncos,MAC,1,0,0,1.21454,1.1302743001510596
6435,Ball State Cardinals,Akron Zips,MAC,0,1,0,0.84005,0.863405900428318
6436,Akron Zips,Ball State Cardinals,MAC,1,0,0,1.00095,0.8992666657529967
6437,Miami (OH) RedHawks,Toledo Rockets,MAC,0,1,0,1.10925,1.078011442946412
6438,Toledo Rockets,Miami (OH) RedHawks,MAC,1,0,0,1.16704,1.070484018413399
6439,Ohio Bobcats,Eastern Michigan Eagles,MAC,0,1,0,0.59118,0.6166943753350125
6440,Eastern Michigan Eagles,Ohio Bobcats,MAC,1,0,0,1.10199,0.9992007224778615
6441,Tulsa Golden Hurricane,Tulane Green Wave,American,0,1,0,1.00597,1.0110351357457754
6442,Tulane Green Wave,Tulsa Golden Hurricane,American,1,0,0,0.85154,0.9079164742447007
6443,Indiana State Sycamores,Evansville Purple Aces,MVC,0,1,0,1.16604,1.1805801731054864
6444,Evansville Purple Aces,Indiana State Sycamores,MVC,1,0,0,1.30502,1.2680657539831512
6445,Texas A&M Aggies,Auburn Tigers,SEC,0,1,0,1.26468,1.2073203984755214
6446,Auburn Tigers,Texas A&M Aggies,SEC,1,0,0,1.08804,1.0628828054126347
6447,Tennessee Volunteers,Arkansas Razorbacks,SEC,0,1,0,0.97182,0.9550417493844823
6448,Arkansas Razorbacks,Tennessee Volunteers,SEC,1,0,0,1.01691,0.9438394887685124
6449,Florida Gators,Alabama Crimson Tide,SEC,0,1,0,0.95096,0.9412402800878592
6450,Alabama Crimson Tide,Florida Gators,SEC,1,0,0,0.92543,0.9623377479630022
6451,Wyoming Cowboys,Utah State Aggies,Mountain West,0,1,0,0.78589,0.7845300450670247
6452,Utah State Aggies,Wyoming Cowboys,Mountain West,1,0,0,1.03208,1.0505785892700836
6453,Fresno State Bulldogs,San Diego State Aztecs,Mountain West,0,1,0,0.80312,0.9307793482736487
6454,San Diego State Aztecs,Fresno State Bulldogs,Mountain West,1,0,0,0.96946,0.9017625039012273
6455,UNLV Rebels,Nevada Wolf Pack,Mountain West,0,1,0,1.1078,1.0951355239581335
6456,Nevada Wolf Pack,UNLV Rebels,Mountain West,1,0,0,1.01101,1.0271359179585313
6457,Colorado State Rams,Boise State Broncos,Mountain West,0,1,0,1.24084,1.3058835495746473
6458,Boise State Broncos,Colorado State Rams,Mountain West,1,0,0,1.29341,1.307767618352832
6459,Duke Blue Devils,Notre Dame Fighting Irish,ACC,0,0,1,1.13835,1.0986480500142248
6460,Notre Dame Fighting Irish,Duke Blue Devils,ACC,0,0,1,1.17884,1.218988430319219
6461,Oregon Ducks,Arizona Wildcats,Pac-12,0,1,0,0.86037,0.978557571745372
6462,Arizona Wildcats,Oregon Ducks,Pac-12,1,0,0,1.3893,1.3398080040531415
6463,Kansas Jayhawks,TCU Horned Frogs,Big 12,0,1,0,1.01317,1.0123184578785451
6464,TCU Horned Frogs,Kansas Jayhawks,Big 12,1,0,0,0.92411,0.93750826130129
6465,Louisville Cardinals,Boston College Eagles,ACC,0,1,0,1.28699,1.2167336888895417
6466,Boston College Eagles,Louisville Cardinals,ACC,1,0,0,1.16099,1.214675069549806
6467,Loyola Chicago Ramblers,Wichita State Shockers,MVC,0,1,0,0.93218,1.0228399321242168
6468,Wichita State Shockers,Loyola Chicago Ramblers,MVC,1,0,0,1.15829,1.1451698750769304
6469,Northern Iowa Panthers,Southern Illinois Salukis,MVC,0,1,0,1.14661,1.1231120989199619
6470,Southern Illinois Salukis,Northern Iowa Panthers,MVC,1,0,0,0.94367,0.9667733232200415
6471,Indiana Hoosiers,Purdue Boilermakers,Big Ten,0,1,0,1.05873,1.0552910661646626
6472,Purdue Boilermakers,Indiana Hoosiers,Big Ten,1,0,0,1.31957,1.1824538003232852
6473,Georgia Tech Yellow Jackets,Miami Hurricanes,ACC,0,1,0,1.20166,1.1797044697504568
6474,Miami Hurricanes,Georgia Tech Yellow Jackets,ACC,1,0,0,0.85439,0.8189519796404986
6475,Texas Tech Red Raiders,Oklahoma Sooners,Big 12,0,1,0,0.62127,0.6913991704323328
6476,Oklahoma Sooners,Texas Tech Red Raiders,Big 12,1,0,0,1.36177,1.2914789347901745
6477,Hofstra Pride,William & Mary Tribe,CAA,0,1,0,1.07206,1.0366552652946255
6478,William & Mary Tribe,Hofstra Pride,CAA,1,0,0,1.30208,1.2464374430499596
6479,Elon Phoenix,UNC Wilmington Seahawks,CAA,0,1,0,1.02651,1.0488041753624973
6480,UNC Wilmington Seahawks,Elon Phoenix,CAA,1,0,0,1.28099,1.2423693760587593
6481,Northeastern Huskies,Drexel Dragons,CAA,0,1,0,0.99143,0.9688013212579969
6482,Drexel Dragons,Northeastern Huskies,CAA,1,0,0,1.09348,1.0979030351266779
6483,Delaware Blue Hens,James Madison Dukes,CAA,0,1,0,1.27411,1.2447532643603774
6484,James Madison Dukes,Delaware Blue Hens,CAA,1,0,0,1.38386,1.2817090227653938
6485,Wright State Raiders,Oakland Golden Grizzlies,Horizon,0,0,1,1.07739,1.0022695927094276
6486,Oakland Golden Grizzlies,Wright State Raiders,Horizon,0,0,1,1.16542,1.1446358958146627
6487,South Carolina Gamecocks,LSU Tigers,SEC,0,1,0,0.94995,0.9810661583498737
6488,LSU Tigers,South Carolina Gamecocks,SEC,1,0,0,1.05219,1.0640514439152313
6489,New Hampshire Wildcats,Maine Black Bears,AM. EAST,0,0,1,0.92743,0.8799098491109136
6490,Maine Black Bears,New Hampshire Wildcats,AM. EAST,0,0,1,0.8299,0.914420407019958
6491,Hartford Hawks,Stony Brook Seawolves,AM. EAST,0,1,0,1.09405,1.1890953279792464
6492,Stony Brook Seawolves,Hartford Hawks,AM. EAST,1,0,0,1.19962,1.2073023773761085
6493,Binghamton Bearcats,UMBC Retrievers,AM. EAST,0,1,0,1.11866,1.0970610280040174
6494,UMBC Retrievers,Binghamton Bearcats,AM. EAST,1,0,0,0.89359,0.8701021731743774
6495,UAlbany Great Danes,Vermont Catamounts,AM. EAST,0,1,0,0.83206,0.9535293888438503
6496,Vermont Catamounts,UAlbany Great Danes,AM. EAST,1,0,0,0.76338,0.7756725249153458
6497,Minnesota Golden Gophers,Penn State Nittany Lions,Big Ten,0,0,1,0.88174,0.8871401917315819
6498,Penn State Nittany Lions,Minnesota Golden Gophers,Big Ten,0,0,1,1.02156,0.9830018632156983
6499,Duquesne Dukes,Richmond Spiders,A-10,0,1,0,0.90081,0.960260893446725
6500,Richmond Spiders,Duquesne Dukes,A-10,1,0,0,1.41836,1.2666979783553782
6501,Rhode Island Rams,Fordham Rams,A-10,0,1,0,0.98213,0.9463865824625248
6502,Fordham Rams,Rhode Island Rams,A-10,1,0,0,1.00775,1.064359714075498
6503,UNC Asheville Bulldogs,Longwood Lancers,Big South,0,1,0,1.08446,1.0051971320743425
6504,Longwood Lancers,UNC Asheville Bulldogs,Big South,1,0,0,0.93844,0.8881957931679385
6505,Winthrop Eagles,Coastal Carolina Chanticleers,Big South,0,1,0,1.25927,1.283134975510948
6506,Coastal Carolina Chanticleers,Winthrop Eagles,Big South,1,0,0,1.09717,1.0720887061348896
6507,Seton Hall Pirates,Marquette Golden Eagles,Big East,0,1,0,1.23056,1.2170314681897303
6508,Marquette Golden Eagles,Seton Hall Pirates,Big East,1,0,0,1.07483,1.0006323944400664
6509,Wake Forest Demon Deacons,Florida State Seminoles,ACC,0,1,0,1.11881,1.075681594741163
6510,Florida State Seminoles,Wake Forest Demon Deacons,ACC,1,0,0,1.19967,1.1147161263431276
6511,Lafayette Leopards,Colgate Raiders,Patriot,0,1,0,1.0707,1.035183779203582
6512,Colgate Raiders,Lafayette Leopards,Patriot,1,0,0,0.93129,0.8050731776941318
6513,American University Eagles,Navy Midshipmen,Patriot,0,1,0,1.20501,1.19711998867298
6514,Navy Midshipmen,American University Eagles,Patriot,1,0,0,1.32908,1.329002692038683
6515,Temple Owls,UCF Knights,American,0,1,0,1.33627,1.2576902046683198
6516,UCF Knights,Temple Owls,American,1,0,0,0.95087,1.0102198936238729
6517,SMU Mustangs,South Florida Bulls,American,0,1,0,1.10778,1.0799406997621706
6518,South Florida Bulls,SMU Mustangs,American,1,0,0,0.91933,0.9711963688840024
6519,Radford Highlanders,Charleston Southern Buccaneers,Big South,0,1,0,1.35031,1.2930226903164004
6520,Charleston Southern Buccaneers,Radford Highlanders,Big South,1,0,0,1.27965,1.2318937069223521
6521,Morehead State Eagles,Austin Peay Governors,OVC,0,1,0,1.2315,1.207465361058878
6522,Austin Peay Governors,Morehead State Eagles,OVC,1,0,0,1.05142,1.0577906689407721
6523,Oregon State Beavers,Arizona State Sun Devils,Pac-12,0,1,0,0.90195,0.900501450558416
6524,Arizona State Sun Devils,Oregon State Beavers,Pac-12,1,0,0,1.24414,1.2701982597552328
6525,Lehigh Mountain Hawks,Bucknell Bison,Patriot,0,1,0,0.99604,0.9840607323997941
6526,Bucknell Bison,Lehigh Mountain Hawks,Patriot,1,0,0,1.11654,1.1192942607644212
6527,Omaha Mavericks,South Dakota State Jackrabbits,Summit,0,1,0,0.94643,1.0097376270209761
6528,South Dakota State Jackrabbits,Omaha Mavericks,Summit,1,0,0,1.26602,1.2354754501574596
6529,Rice Owls,Houston Cougars,CUSA,1,0,0,0.98116,0.9411842323046665
6530,Houston Cougars,Rice Owls,American,1,0,0,1.20886,1.1732865406709942
6531,Drake Bulldogs,Bradley Braves,MVC,0,1,0,1.33299,1.33504262195128
6532,Bradley Braves,Drake Bulldogs,MVC,1,0,0,1.08349,0.9231314443761758
6533,Missouri State Bears,Illinois State Redbirds,MVC,0,1,0,0.9289,1.0060400396608151
6534,Illinois State Redbirds,Missouri State Bears,MVC,1,0,0,1.0844,0.9990961262235704
6535,Mississippi State Bulldogs,Ole Miss Rebels,SEC,0,0,1,1.13767,1.1277096332979435
6536,Ole Miss Rebels,Mississippi State Bulldogs,SEC,0,0,1,1.2606,1.2448997224452512
6537,Clemson Tigers,NC State Wolfpack,ACC,0,1,0,1.10058,1.0766543859811837
6538,NC State Wolfpack,Clemson Tigers,ACC,1,0,0,0.94727,0.924010162730145
6539,East Carolina Pirates,Memphis Tigers,American,0,1,0,1.09213,1.1789204627209264
6540,Memphis Tigers,East Carolina Pirates,American,1,0,0,1.32191,1.2469990398722106
6541,St. John's Red Storm,Creighton Bluejays,Big East,0,1,0,1.12563,1.0386726064562806
6542,Creighton Bluejays,St. John's Red Storm,Big East,1,0,0,1.14192,1.1079490521138224
6543,Air Force Falcons,San José State Spartans,Mountain West,0,1,0,1.20614,1.1247656747173735
6544,San José State Spartans,Air Force Falcons,Mountain West,1,0,0,0.91746,0.8357619290182392
6545,Stanford Cardinal,Washington Huskies,Pac-12,0,1,0,1.3306,1.3123188728627204
6546,Washington Huskies,Stanford Cardinal,Pac-12,1,0,0,1.10816,1.0489302723653047
6547,Kentucky Wildcats,Missouri Tigers,SEC,0,1,0,1.13582,1.0396108381970917
6548,Missouri Tigers,Kentucky Wildcats,SEC,1,0,0,0.90803,1.061303107360047
6549,Portland Pilots,Gonzaga Bulldogs,WCC,0,1,0,0.74917,0.8126453998588375
6550,Gonzaga Bulldogs,Portland Pilots,WCC,1,0,0,1.08436,0.991095148505361
6551,Utah Utes,UCLA Bruins,Pac-12,0,1,0,1.04237,1.0371740581372897
6552,UCLA Bruins,Utah Utes,Pac-12,1,0,0,1.22737,1.27946539021816
6553,Maryland Terrapins,Ohio State Buckeyes,Big Ten,0,1,0,0.89688,0.9331241453182701
6554,Ohio State Buckeyes,Maryland Terrapins,Big Ten,1,0,0,1.29319,1.2750846556986508
6555,DePaul Blue Demons,Providence Friars,Big East,0,1,0,1.11874,1.1305985882253269
6556,Providence Friars,DePaul Blue Demons,Big East,1,0,0,1.37323,1.2453592482577462
6557,Michigan State Spartans,Rutgers Scarlet Knights,Big Ten,0,1,0,1.08507,1.0246337856654049
6558,Rutgers Scarlet Knights,Michigan State Spartans,Big Ten,1,0,0,0.79672,0.8095927946729087
6559,Saint Louis Billikens,George Mason Patriots,A-10,0,1,0,1.02796,0.9885394188580098
6560,George Mason Patriots,Saint Louis Billikens,A-10,1,0,0,1.18134,1.0879576262715374
6561,Charleston Cougars,Towson Tigers,CAA,0,1,0,1.14577,1.0998753925550666
6562,Towson Tigers,Charleston Cougars,CAA,1,0,0,1.20972,1.168074700023472
6563,Youngstown State Penguins,Detroit Mercy Titans,Horizon,0,1,0,1.08196,1.0881158123166872
6564,Detroit Mercy Titans,Youngstown State Penguins,Horizon,1,0,0,1.14024,0.9953847537669099
6565,Sacred Heart Pioneers,Wagner Seahawks,NEC,0,1,0,0.94536,0.9272768606036905
6566,Wagner Seahawks,Sacred Heart Pioneers,NEC,1,0,0,1.14285,1.1060928949387387
6567,Mount St. Mary's Mountaineers,St. Francis Brooklyn Terriers,NEC,0,1,0,1.00972,1.0435933982458183
6568,St. Francis Brooklyn Terriers,Mount St. Mary's Mountaineers,NEC,1,0,0,1.12956,1.1448836834115506
6569,Fairleigh Dickinson Knights,Robert Morris Colonials,NEC,0,1,0,1.01664,1.033827531106673
6570,Robert Morris Colonials,Fairleigh Dickinson Knights,NEC,1,0,0,1.3798,1.314840643061474
6571,Central Connecticut Blue Devils,Long Island University Sharks,NEC,0,0,1,0.87817,0.8946227800693884
6572,Long Island University Sharks,Central Connecticut Blue Devils,NEC,0,0,1,1.03548,0.975547674639192
6573,Bryant Bulldogs,St. Francis (PA) Red Flash,NEC,0,1,0,1.13225,1.1867256167311842
6574,St. Francis (PA) Red Flash,Bryant Bulldogs,NEC,1,0,0,1.23303,1.156812528063216
6575,Western Kentucky Hilltoppers,Louisiana Tech Bulldogs,CUSA,0,1,0,0.82345,0.8910192623754662
6576,Louisiana Tech Bulldogs,Western Kentucky Hilltoppers,CUSA,1,0,0,1.02444,1.0108214776101034
6577,Florida International Panthers,Old Dominion Monarchs,CUSA,0,1,0,0.9794,1.0705394691583294
6578,Old Dominion Monarchs,Florida International Panthers,CUSA,1,0,0,1.25951,1.2262685058870155
6579,Florida Atlantic Owls,Charlotte 49ers,CUSA,0,1,0,0.86996,0.8448975024042649
6580,Charlotte 49ers,Florida Atlantic Owls,CUSA,1,0,0,1.22315,1.1495432210598926
6581,Dayton Flyers,Massachusetts Minutemen,A-10,0,1,0,1.02312,1.0164777108844985
6582,Massachusetts Minutemen,Dayton Flyers,A-10,1,0,0,1.05316,1.0850703854574733
6583,High Point Panthers,Liberty Flames,Big South,0,1,0,1.19199,1.147840491089706
6584,Liberty Flames,High Point Panthers,Big South,1,0,0,0.86915,0.8250004599114402
6585,Western Carolina Catamounts,VMI Keydets,Southern,0,1,0,1.11457,1.0219491839746333
6586,VMI Keydets,Western Carolina Catamounts,Southern,1,0,0,0.8949,0.7799965218811206
6587,Wofford Terriers,UNC Greensboro Spartans,Southern,0,1,0,1.04383,0.9648144754226676
6588,UNC Greensboro Spartans,Wofford Terriers,Southern,1,0,0,0.77406,0.7737690864451023
6589,Chattanooga Mocs,Mercer Bears,Southern,0,1,0,1.18371,1.1273475915834745
6590,Mercer Bears,Chattanooga Mocs,Southern,1,0,0,1.1975,1.1328227361008065
6591,East Tennessee State Buccaneers,Furman Paladins,Southern,0,1,0,0.92946,0.8005355264124375
6592,Furman Paladins,East Tennessee State Buccaneers,Southern,1,0,0,0.99641,0.899137857229881
6593,Lipscomb Bisons,Florida Gulf Coast Eagles,ASUN,0,1,0,0.9827,1.0449721626732271
6594,Florida Gulf Coast Eagles,Lipscomb Bisons,ASUN,1,0,0,1.20192,1.12630940630244
6595,Northern Kentucky Norse,Stetson Hatters,ASUN,0,1,0,1.12184,1.0354956944798528
6596,Stetson Hatters,Northern Kentucky Norse,ASUN,1,0,0,1.31056,1.2205061711590222
6597,Kennesaw State Owls,North Florida Ospreys,ASUN,0,1,0,1.04229,1.0569946570976398
6598,North Florida Ospreys,Kennesaw State Owls,ASUN,1,0,0,1.34752,1.2515609406908201
6599,South Carolina Upstate Spartans,Jacksonville Dolphins,ASUN,0,1,0,1.32588,1.2217321117939997
6600,Jacksonville Dolphins,South Carolina Upstate Spartans,ASUN,1,0,0,1.10274,1.085986518706244
6601,Boston University Terriers,Army Black Knights,Patriot,0,1,0,0.97366,0.9596845356019348
6602,Army Black Knights,Boston University Terriers,Patriot,1,0,0,1.03641,0.9418526812288166
6603,Holy Cross Crusaders,Loyola Maryland Greyhounds,Patriot,0,1,0,0.88947,0.8880824553852198
6604,Loyola Maryland Greyhounds,Holy Cross Crusaders,Patriot,1,0,0,1.08085,1.0322051025190628
6605,Eastern Illinois Panthers,UT Martin Skyhawks,OVC,0,1,0,0.88778,0.861341257044219
6606,UT Martin Skyhawks,Eastern Illinois Panthers,OVC,1,0,0,1.41854,1.3781811963350645
6607,App State Mountaineers,Georgia Southern Eagles,Sun Belt,0,1,0,0.76398,0.8287811110561176
6608,Georgia Southern Eagles,App State Mountaineers,Sun Belt,1,0,0,1.35176,1.2916286168315245
6609,UIC Flames,Milwaukee Panthers,Horizon,0,1,0,1.05728,1.0167988822167997
6610,Milwaukee Panthers,UIC Flames,Horizon,1,0,0,1.14345,1.0502067330848
6611,SIU Edwardsville Cougars,Southeast Missouri State Redhawks,OVC,0,1,0,1.19166,1.1842962964960475
6612,Southeast Missouri State Redhawks,SIU Edwardsville Cougars,OVC,1,0,0,0.92196,0.8835512915615752
6613,Tennessee Tech Golden Eagles,Tennessee State Tigers,OVC,0,1,0,0.8833,0.8558170614390861
6614,Tennessee State Tigers,Tennessee Tech Golden Eagles,OVC,1,0,0,1.05419,0.9621146930141948
6615,Jacksonville State Gamecocks,Belmont Bruins,OVC,0,1,0,1.15678,1.1413029194912945
6616,Belmont Bruins,Jacksonville State Gamecocks,OVC,1,0,0,1.47948,1.390557292634488
6617,Middle Tennessee Blue Raiders,UTSA Roadrunners,CUSA,0,1,0,0.97008,0.9151987130419541
6618,UTSA Roadrunners,Middle Tennessee Blue Raiders,CUSA,1,0,0,1.20434,1.2098186286708517
6619,Marshall Thundering Herd,Southern Miss Golden Eagles,CUSA,0,1,0,1.10645,1.0403529028408773
6620,Southern Miss Golden Eagles,Marshall Thundering Herd,CUSA,1,0,0,0.87726,0.8383156747984781
6621,Purdue Fort Wayne Mastodons,South Dakota Coyotes,Summit,0,1,0,1.12853,1.0969142692342275
6622,South Dakota Coyotes,Purdue Fort Wayne Mastodons,Summit,1,0,0,0.90195,0.8462931513839885
6623,Denver Pioneers,North Dakota State Bison,Summit,0,1,0,0.98546,1.0071148976076292
6624,North Dakota State Bison,Denver Pioneers,Summit,1,0,0,1.13467,1.0888052485499504
6625,UConn Huskies,Cincinnati Bearcats,American,0,1,0,0.92892,1.0577603702055642
6626,Cincinnati Bearcats,UConn Huskies,American,1,0,0,1.18912,1.222245801993182
6627,Rider Broncs,Saint Peter's Peacocks,MAAC,0,1,0,0.9872,1.0256983170045506
6628,Saint Peter's Peacocks,Rider Broncs,MAAC,1,0,0,0.82432,0.8335269057702679
6629,Weber State Wildcats,North Dakota Fighting Hawks,Big Sky,0,1,0,1.05362,0.9871514814400557
6630,North Dakota Fighting Hawks,Weber State Wildcats,Big Sky,1,0,0,0.98394,0.9131556039746754
6631,Louisiana Ragin' Cajuns,South Alabama Jaguars,Sun Belt,0,1,0,1.28919,1.2476629200753548
6632,South Alabama Jaguars,Louisiana Ragin' Cajuns,Sun Belt,1,0,0,1.32744,1.3395785419365975
6633,Georgia State Panthers,UT Arlington Mavericks,Sun Belt,0,1,0,1.37061,1.3878984158302916
6634,UT Arlington Mavericks,Georgia State Panthers,Sun Belt,1,0,0,1.12563,1.1753512640190629
6635,Little Rock Trojans,Arkansas State Red Wolves,Sun Belt,0,1,0,1.21237,1.2059106793592358
6636,Arkansas State Red Wolves,Little Rock Trojans,Sun Belt,1,0,0,1.01664,0.9452581131027998
6637,UL Monroe Warhawks,Troy Trojans,Sun Belt,0,1,0,0.97008,0.9489310543180727
6638,Troy Trojans,UL Monroe Warhawks,Sun Belt,1,0,0,0.89462,0.9301913711535246
6639,Eastern Kentucky Colonels,Murray State Racers,OVC,0,1,0,1.10755,1.1308795795469517
6640,Murray State Racers,Eastern Kentucky Colonels,OVC,1,0,0,1.20563,1.2147599062727261
6641,UAB Blazers,UTEP Miners,CUSA,0,1,0,1.03866,1.110468134421793
6642,UTEP Miners,UAB Blazers,CUSA,1,0,0,1.12879,1.1515191859461478
6643,Kansas City Roos,Grand Canyon Lopes,WAC,0,1,0,1.03875,1.0638721638123674
6644,Grand Canyon Lopes,Kansas City Roos,WAC,1,0,0,1.44573,1.4638860684398576
6645,Idaho State Bengals,Northern Colorado Bears,Big Sky,0,1,0,1.2105,1.0630443822530211
6646,Northern Colorado Bears,Idaho State Bengals,Big Sky,1,0,0,1.2826,1.200453852505284
6647,Chicago State Cougars,Utah Valley Wolverines,WAC,0,1,0,1.03366,1.087104471345285
6648,Utah Valley Wolverines,Chicago State Cougars,WAC,1,0,0,1.33284,1.3743597692773204
6649,Colorado Buffaloes,USC Trojans,Pac-12,0,1,0,1.15374,1.1228976153632437
6650,USC Trojans,Colorado Buffaloes,Pac-12,1,0,0,1.0713,1.0318898544978463
6651,Hawai'i Rainbow Warriors,Cal State Northridge Matadors,Big West,0,1,0,1.25863,1.1996281917887757
6652,Cal State Northridge Matadors,Hawai'i Rainbow Warriors,Big West,1,0,0,1.10783,1.1035995785827695
6653,UC Santa Barbara Gauchos,UC Davis Aggies,Big West,0,1,0,1.10595,1.0691994999133858
6654,UC Davis Aggies,UC Santa Barbara Gauchos,Big West,1,0,0,1.22838,1.2081405399349552
6655,Cal Poly Mustangs,UC Irvine Anteaters,Big West,0,1,0,0.93474,0.9921997792074141
6656,UC Irvine Anteaters,Cal Poly Mustangs,Big West,1,0,0,1.14039,1.1268403124637703
6657,Santa Clara Broncos,San Diego Toreros,WCC,0,1,0,1.14548,1.154840917895228
6658,San Diego Toreros,Santa Clara Broncos,WCC,1,0,0,1.23922,1.1215526543302916
6659,Pepperdine Waves,Pacific Tigers,WCC,0,1,0,0.89552,0.7713018675697264
6660,Pacific Tigers,Pepperdine Waves,WCC,1,0,0,0.7897,0.7741150645420578
6661,Montana Grizzlies,Portland State Vikings,Big Sky,0,1,0,1.24495,1.1981479663786905
6662,Portland State Vikings,Montana Grizzlies,Big Sky,1,0,0,0.93875,0.8878369453648458
6663,Montana State Bobcats,Sacramento State Hornets,Big Sky,0,1,0,0.97988,0.8975334378489997
6664,Sacramento State Hornets,Montana State Bobcats,Big Sky,1,0,0,1.20937,1.113466959353476
6665,Long Beach State Beach,Cal State Fullerton Titans,Big West,0,1,0,1.18846,1.1291558394289012
6666,Cal State Fullerton Titans,Long Beach State Beach,Big West,1,0,0,1.10788,1.0964697945887207
6667,Loyola Marymount Lions,Saint Mary's Gaels,WCC,0,1,0,1.03553,1.017613990661356
6668,Saint Mary's Gaels,Loyola Marymount Lions,WCC,1,0,0,1.35488,1.195289219431635
6669,California Golden Bears,Washington State Cougars,Pac-12,0,1,0,1.23006,1.1181531759780818
6670,Washington State Cougars,California Golden Bears,Pac-12,1,0,0,1.08305,1.0608079977561276
6671,San Francisco Dons,BYU Cougars,WCC,0,1,0,1.00684,0.9660182417418894
6672,BYU Cougars,San Francisco Dons,WCC,1,0,0,1.06181,0.9990862752201031
6673,Oregon State Beavers,Arizona Wildcats,Pac-12,0,1,0,0.60853,0.7267175717453719
6674,Arizona Wildcats,Oregon State Beavers,Pac-12,1,0,0,0.98892,1.0149782597552328
6675,Harvard Crimson,Princeton Tigers,Ivy,0,1,0,1.20638,1.1711469460819544
6676,Princeton Tigers,Harvard Crimson,Ivy,1,0,0,1.15314,1.2061524084448791
6677,Dartmouth Big Green,Pennsylvania Quakers,Ivy,0,1,0,0.9103,0.8715167404722062
6678,Pennsylvania Quakers,Dartmouth Big Green,Ivy,1,0,0,0.98979,0.9674083005364723
6679,Brown Bears,Cornell Big Red,Ivy,0,1,0,0.80711,0.8161719335436133
6680,Cornell Big Red,Brown Bears,Ivy,1,0,0,0.96765,0.9000965138466528
6681,Marist Red Foxes,Niagara Purple Eagles,MAAC,0,0,1,1.08368,1.0074782665469082
6682,Niagara Purple Eagles,Marist Red Foxes,MAAC,0,0,1,0.98851,0.975589683743721
6683,Quinnipiac Bobcats,Canisius Golden Griffins,MAAC,0,1,0,0.90511,0.9716266771237808
6684,Canisius Golden Griffins,Quinnipiac Bobcats,MAAC,1,0,0,1.02667,1.0242391293177444
6685,Siena Saints,Manhattan Jaspers,MAAC,0,1,0,1.14997,1.1941791345954822
6686,Manhattan Jaspers,Siena Saints,MAAC,1,0,0,1.27354,1.1594562293823354
6687,Oregon Ducks,Arizona State Sun Devils,Pac-12,0,1,0,1.0242,1.0227514505584159
6688,Arizona State Sun Devils,Oregon Ducks,Pac-12,1,0,0,1.00275,0.9532580040531416
6689,Yale Bulldogs,Columbia Lions,Ivy,0,1,0,1.17439,1.1518816162603092
6690,Columbia Lions,Yale Bulldogs,Ivy,1,0,0,1.10457,1.1498175494926015
6691,IU Indianapolis Jaguars,Western Illinois Leathernecks,Summit,0,1,0,1.01955,1.000430742688804
6692,Western Illinois Leathernecks,IU Indianapolis Jaguars,Summit,1,0,0,1.09814,1.0944692665798677
6693,Monmouth Hawks,Fairfield Stags,MAAC,0,0,1,1.07536,1.088073789247978
6694,Fairfield Stags,Monmouth Hawks,MAAC,0,0,1,1.04096,1.0788560972753234
6695,Kent State Golden Flashes,Buffalo Bulls,MAC,0,1,0,0.98035,0.9935759150238656
6696,Buffalo Bulls,Kent State Golden Flashes,MAC,1,0,0,1.39821,1.3528194879543556
6697,Alabama Crimson Tide,Kentucky Wildcats,SEC,0,1,0,1.08097,1.267421257754654
6698,Kentucky Wildcats,Alabama Crimson Tide,SEC,1,0,0,1.42638,1.383482129693252
6699,Duke Blue Devils,Virginia Cavaliers,ACC,0,1,0,1.24524,1.3602576640880126
6700,Virginia Cavaliers,Duke Blue Devils,ACC,1,0,0,1.1048,1.1117702799246119
6701,Memphis Tigers,Gonzaga Bulldogs,American,0,1,0,0.93686,1.0547568843420618
6702,Gonzaga Bulldogs,Memphis Tigers,WCC,1,0,0,1.23649,1.235680827843095
6703,Wisconsin Badgers,Iowa Hawkeyes,Big Ten,0,0,1,1.41593,1.4296614920461594
6704,Iowa Hawkeyes,Wisconsin Badgers,Big Ten,0,0,1,1.13538,1.1730788093443496
6705,Villanova Wildcats,DePaul Blue Demons,Big East,0,0,1,1.29069,1.1959973986523533
6706,DePaul Blue Demons,Villanova Wildcats,Big East,0,0,1,1.02234,1.0905004410893013
6707,Notre Dame Fighting Irish,Pittsburgh Panthers,ACC,0,1,0,1.21124,1.1121694111637785
6708,Pittsburgh Panthers,Notre Dame Fighting Irish,ACC,1,0,0,1.29442,1.2215398996196176
6709,Kansas State Wildcats,Kansas Jayhawks,Big 12,0,1,0,0.93888,0.9854564116958973
6710,Kansas Jayhawks,Kansas State Wildcats,Big 12,1,0,0,1.1337,1.0878133229154605
6711,North Carolina Tar Heels,Louisville Cardinals,ACC,0,1,0,0.94697,1.0338332199444134
6712,Louisville Cardinals,North Carolina Tar Heels,ACC,1,0,0,1.10755,1.0842241772710641
6713,Wichita State Shockers,Northern Iowa Panthers,MVC,0,1,0,0.96187,1.0181514736146486
6714,Northern Iowa Panthers,Wichita State Shockers,MVC,1,0,0,1.25459,1.3120717817296097
6715,Richmond Spiders,VCU Rams,A-10,1,0,0,1.04888,1.077406821411293
6716,VCU Rams,Richmond Spiders,A-10,1,0,0,0.84601,0.872282743052118
6717,TCU Horned Frogs,Iowa State Cyclones,Big 12,0,1,0,1.03352,1.0280387151367103
6718,Iowa State Cyclones,TCU Horned Frogs,Big 12,1,0,0,1.2752,1.241170307483938
6719,Texas Tech Red Raiders,West Virginia Mountaineers,Big 12,0,1,0,0.90174,0.926355348499778
6720,West Virginia Mountaineers,Texas Tech Red Raiders,Big 12,1,0,0,1.20144,1.1311489347901746
6721,Texas Longhorns,Baylor Bears,Big 12,0,1,0,0.98705,1.0246219873672489
6722,Baylor Bears,Texas Longhorns,Big 12,1,0,0,1.37673,1.3606268534682462
6723,Georgetown Hoyas,Creighton Bluejays,Big East,0,1,0,1.14488,1.0579226064562806
6724,Creighton Bluejays,Georgetown Hoyas,Big East,1,0,0,0.69677,0.6652973347010455
6725,Rutgers Scarlet Knights,Indiana Hoosiers,Big Ten,0,1,0,1.07043,0.9664919507178924
6726,Indiana Hoosiers,Rutgers Scarlet Knights,Big Ten,1,0,0,1.26348,1.1698656352707977
6727,Oklahoma Sooners,Oklahoma State Cowboys,Big 12,0,1,0,1.08085,1.0865141676189407
6728,Oklahoma State Cowboys,Oklahoma Sooners,Big 12,1,0,0,0.95943,0.9963810200377257
6729,Butler Bulldogs,Marquette Golden Eagles,Big East,0,1,0,1.08822,1.0746914681897304
6730,Marquette Golden Eagles,Butler Bulldogs,Big East,1,0,0,0.99095,1.0306533605741628
6731,Stony Brook Seawolves,New Hampshire Wildcats,AM. EAST,0,1,0,0.73228,0.816800407019958
6732,New Hampshire Wildcats,Stony Brook Seawolves,AM. EAST,1,0,0,0.97889,1.0407571775846394
6733,Auburn Tigers,Tennessee Volunteers,SEC,0,1,0,1.06396,1.0240676391631196
6734,Tennessee Volunteers,Auburn Tigers,SEC,1,0,0,1.21963,1.1290922480809142
6735,Davidson Wildcats,Saint Joseph's Hawks,A-10,0,1,0,1.08185,1.1090100175513795
6736,Saint Joseph's Hawks,Davidson Wildcats,A-10,1,0,0,1.16604,1.108240861390144
6737,Xavier Musketeers,Seton Hall Pirates,Big East,0,0,1,1.13405,1.0930305448346735
6738,Seton Hall Pirates,Xavier Musketeers,Big East,0,0,1,1.29489,1.2800904232882249
6739,Providence Friars,St. John's Red Storm,Big East,0,0,1,1.04104,1.0402472025084295
6740,St. John's Red Storm,Providence Friars,Big East,0,0,1,1.19166,1.2035185882253268
6741,Boston College Eagles,Clemson Tigers,ACC,0,1,0,0.8961,0.9060183131247521
6742,Clemson Tigers,Boston College Eagles,ACC,1,0,0,1.16632,1.0628855384949345
6743,NC State Wolfpack,Georgia Tech Yellow Jackets,ACC,0,1,0,1.18239,1.1801301300351057
6744,Georgia Tech Yellow Jackets,NC State Wolfpack,ACC,1,0,0,1.16975,1.1126462355865767
6745,Western Michigan Broncos,Eastern Michigan Eagles,MAC,0,1,0,1.09375,1.1192643753350122
6746,Eastern Michigan Eagles,Western Michigan Broncos,MAC,1,0,0,1.19792,1.1136543001510597
6747,Tulane Green Wave,Temple Owls,American,0,1,0,0.62649,0.7190180440184799
6748,Temple Owls,Tulane Green Wave,American,1,0,0,0.93798,0.9098669853511682
6749,Arkansas Razorbacks,Florida Gators,SEC,0,1,0,0.88277,0.9528558983576094
6750,Florida Gators,Arkansas Razorbacks,SEC,1,0,0,0.94246,0.892503598989875
6751,Penn State Nittany Lions,Illinois Fighting Illini,Big Ten,0,1,0,0.98463,0.9961180459662164
6752,Illinois Fighting Illini,Penn State Nittany Lions,Big Ten,1,0,0,1.00032,0.9725420413369747
6753,Lipscomb Bisons,Stetson Hatters,ASUN,0,1,0,1.1613,1.0749556944798528
6754,Stetson Hatters,Lipscomb Bisons,ASUN,1,0,0,1.21918,1.1435694063024398
6755,South Florida Bulls,Tulsa Golden Hurricane,American,0,1,0,1.14274,1.232294624639308
6756,Tulsa Golden Hurricane,South Florida Bulls,American,1,0,0,1.25231,1.1912925493675635
6757,Bradley Braves,Indiana State Sycamores,MVC,0,1,0,0.94107,0.9372939043777584
6758,Indiana State Sycamores,Bradley Braves,MVC,1,0,0,1.01812,0.986994471556673
6759,Charleston Cougars,Delaware Blue Hens,CAA,0,1,0,1.1222,1.053227173160001
6760,Delaware Blue Hens,Charleston Cougars,CAA,1,0,0,1.14771,1.106064700023472
6761,Green Bay Phoenix,Cleveland State Vikings,Horizon,0,1,0,1.02774,1.0311034970820132
6762,Cleveland State Vikings,Green Bay Phoenix,Horizon,1,0,0,1.26384,1.3110381315876762
6763,LSU Tigers,Mississippi State Bulldogs,SEC,0,0,1,0.92759,0.9118897224452512
6764,Mississippi State Bulldogs,LSU Tigers,SEC,0,0,1,1.06501,1.0961261583498736
6765,Vermont Catamounts,Hartford Hawks,AM. EAST,0,1,0,1.03403,1.0748905277707157
6766,Hartford Hawks,Vermont Catamounts,AM. EAST,1,0,0,0.74312,0.8314112384492431
6767,UMass Lowell River Hawks,Binghamton Bearcats,AM. EAST,0,0,1,1.09566,1.1053503235689845
6768,Binghamton Bearcats,UMass Lowell River Hawks,AM. EAST,0,0,1,1.27524,1.2993508329420194
6769,UAlbany Great Danes,Maine Black Bears,AM. EAST,0,0,1,1.37061,1.3230898491109138
6770,Maine Black Bears,UAlbany Great Danes,AM. EAST,0,0,1,1.08278,1.128250675309953
6771,Arkansas State Red Wolves,Georgia State Panthers,Sun Belt,0,1,0,0.64504,0.72793941441367
6772,Georgia State Panthers,Arkansas State Red Wolves,Sun Belt,1,0,0,1.11392,1.0742825289646287
6773,Mount St. Mary's Mountaineers,Sacred Heart Pioneers,NEC,0,1,0,1.14912,1.1455410453333459
6774,Sacred Heart Pioneers,Mount St. Mary's Mountaineers,NEC,1,0,0,1.06568,1.0810036834115506
6775,Kennesaw State Owls,Jacksonville Dolphins,ASUN,0,1,0,0.89436,0.7902121117939997
6776,Jacksonville Dolphins,Kennesaw State Owls,ASUN,1,0,0,0.89367,0.7977109406908202
6777,Virginia Tech Hokies,Wake Forest Demon Deacons,ACC,0,1,0,1.19929,1.1475142767377347
6778,Wake Forest Demon Deacons,Virginia Tech Hokies,ACC,1,0,0,1.24904,1.1123501452750635
6779,Boston University Terriers,Lehigh Mountain Hawks,Patriot,0,1,0,1.26745,1.3033824111590282
6780,Lehigh Mountain Hawks,Boston University Terriers,Patriot,1,0,0,1.32289,1.2283326812288164
6781,Purdue Fort Wayne Mastodons,Omaha Mavericks,Summit,0,1,0,1.04557,1.048203600552067
6782,Omaha Mavericks,Purdue Fort Wayne Mastodons,Summit,1,0,0,0.94406,0.8884031513839885
6783,Illinois State Redbirds,Loyola Chicago Ramblers,MVC,0,1,0,0.9705,0.9905580254715375
6784,Loyola Chicago Ramblers,Illinois State Redbirds,MVC,1,0,0,0.91268,0.9566418892662082
6785,Bethune-Cookman Wildcats,Florida A&M Rattlers,MEAC,0,1,0,1.1926,1.1376108476200972
6786,Florida A&M Rattlers,Bethune-Cookman Wildcats,MEAC,1,0,0,0.83944,0.8339440531580824
6787,Valparaiso Beacons,UIC Flames,Horizon,0,1,0,1.13507,1.075004883479407
6788,UIC Flames,Valparaiso Beacons,Horizon,1,0,0,1.05596,1.0665826699388814
6789,Tennessee Tech Golden Eagles,Belmont Bruins,OVC,0,1,0,0.84988,0.8344029194912945
6790,Belmont Bruins,Tennessee Tech Golden Eagles,OVC,1,0,0,1.17245,1.0803746930141949
6791,UAB Blazers,UTSA Roadrunners,CUSA,0,1,0,1.03975,0.984868713041954
6792,UTSA Roadrunners,UAB Blazers,CUSA,1,0,0,0.94727,0.9699991859461476
6793,Loyola Maryland Greyhounds,Army Black Knights,Patriot,0,1,0,1.11711,1.1031345356019349
6794,Army Black Knights,Loyola Maryland Greyhounds,Patriot,1,0,0,1.00981,0.9752443049906128
6795,Idaho State Bengals,North Dakota Fighting Hawks,Big Sky,0,1,0,0.9609,0.8944314814400558
6796,North Dakota Fighting Hawks,Idaho State Bengals,Big Sky,1,0,0,1.16063,1.078483852505284
6797,Evansville Purple Aces,Drake Bulldogs,MVC,0,1,0,1.13452,1.0073395947707826
6798,Drake Bulldogs,Evansville Purple Aces,MVC,1,0,0,1.19536,1.1767220227108792
6799,Ball State Cardinals,Miami (OH) RedHawks,MAC,0,1,0,1.26399,1.200612168808006
6800,Miami (OH) RedHawks,Ball State Cardinals,MAC,1,0,0,1.38445,1.2827666657529966
6801,Massachusetts Minutemen,Saint Louis Billikens,A-10,0,1,0,1.02594,0.9657357766661444
6802,Saint Louis Billikens,Massachusetts Minutemen,A-10,1,0,0,1.03281,0.9929895604898912
6803,George Washington Revolutionaries,Rhode Island Rams,A-10,0,1,0,0.90252,0.992307864470105
6804,Rhode Island Rams,George Washington Revolutionaries,A-10,1,0,0,0.99641,1.0195208335391441
6805,William & Mary Tribe,James Madison Dukes,CAA,0,1,0,1.29209,1.2627332643603772
6806,James Madison Dukes,William & Mary Tribe,CAA,1,0,0,1.02526,0.9566771149000184
6807,UNC Wilmington Seahawks,Drexel Dragons,CAA,0,1,0,1.12071,1.098081321257997
6808,Drexel Dragons,UNC Wilmington Seahawks,CAA,1,0,0,1.26923,1.2583460249678902
6809,Ole Miss Rebels,Missouri Tigers,SEC,0,1,0,1.171,1.0747908381970916
6810,Missouri Tigers,Ole Miss Rebels,SEC,1,0,0,0.82421,0.7810714829033365
6811,Georgia Bulldogs,South Carolina Gamecocks,SEC,0,1,0,0.83897,0.8840095943098386
6812,South Carolina Gamecocks,Georgia Bulldogs,SEC,1,0,0,1.06977,1.0734198315777888
6813,Long Island University Sharks,St. Francis Brooklyn Terriers,NEC,0,1,0,1.04888,1.0827533982458184
6814,St. Francis Brooklyn Terriers,Long Island University Sharks,NEC,1,0,0,1.30611,1.2893846296747815
6815,Fairleigh Dickinson Knights,St. Francis (PA) Red Flash,NEC,0,1,0,1.02475,1.0792256167311842
6816,St. Francis (PA) Red Flash,Fairleigh Dickinson Knights,NEC,1,0,0,1.12864,1.0636806430614743
6817,Central Connecticut Blue Devils,Wagner Seahawks,NEC,0,1,0,0.81939,0.8013068606036904
6818,Wagner Seahawks,Central Connecticut Blue Devils,NEC,1,0,0,1.32755,1.234439524244585
6819,Bryant Bulldogs,Robert Morris Colonials,NEC,0,1,0,1.22691,1.2440975311066726
6820,Robert Morris Colonials,Bryant Bulldogs,NEC,1,0,0,1.15816,1.081942528063216
6821,Winthrop Eagles,Radford Highlanders,Big South,0,1,0,1.00747,0.9928918573169594
6822,Radford Highlanders,Winthrop Eagles,Big South,1,0,0,1.09633,1.0712487061348896
6823,Coastal Carolina Chanticleers,Gardner-Webb Runnin' Bulldogs,Big South,0,1,0,0.95841,0.8886499230106583
6824,Gardner-Webb Runnin' Bulldogs,Coastal Carolina Chanticleers,Big South,1,0,0,1.00102,0.9917068251163409
6825,Loyola Marymount Lions,Pacific Tigers,WCC,0,1,0,1.26951,1.1452918675697263
6826,Pacific Tigers,Loyola Marymount Lions,WCC,1,0,0,1.1585,0.9989092194316349
6827,SIU Edwardsville Cougars,Eastern Illinois Panthers,OVC,0,1,0,0.92456,0.9173793467296718
6828,Eastern Illinois Panthers,SIU Edwardsville Cougars,OVC,1,0,0,0.97464,0.9362312915615751
6829,Coppin State Eagles,Maryland Eastern Shore Hawks,MEAC,0,1,0,1.01397,1.0473619184444904
6830,Maryland Eastern Shore Hawks,Coppin State Eagles,MEAC,1,0,0,1.28878,1.2175212693446447
6831,Morgan State Bears,Howard Bison,MEAC,0,1,0,0.91575,1.024469867270582
6832,Howard Bison,Morgan State Bears,MEAC,1,0,0,1.11259,1.0858120052995266
6833,Vanderbilt Commodores,Texas A&M Aggies,SEC,0,1,0,0.89533,0.9033509558072419
6834,Texas A&M Aggies,Vanderbilt Commodores,SEC,1,0,0,1.1017,1.035753676578984
6835,Incarnate Word Cardinals,Nicholls Colonels,Southland,0,1,0,1.19156,1.17090543169855
6836,Nicholls Colonels,Incarnate Word Cardinals,Southland,1,0,0,0.99109,0.902319289922268
6837,Campbell Fighting Camels,UNC Asheville Bulldogs,Big South,0,1,0,1.08292,1.0658539435625458
6838,UNC Asheville Bulldogs,Campbell Fighting Camels,Big South,1,0,0,1.16779,1.0847870869341143
6839,Ohio Bobcats,Central Michigan Chippewas,MAC,0,0,1,1.08311,1.0492982775098203
6840,Central Michigan Chippewas,Ohio Bobcats,MAC,0,0,1,1.17937,1.1097588728724685
6841,Eastern Kentucky Colonels,Morehead State Eagles,OVC,0,1,0,1.09335,1.1328988193353793
6842,Morehead State Eagles,Eastern Kentucky Colonels,OVC,1,0,0,0.9324,0.941529906272726
6843,Detroit Mercy Titans,Milwaukee Panthers,Horizon,0,1,0,1.19546,1.1549788822167997
6844,Milwaukee Panthers,Detroit Mercy Titans,Horizon,1,0,0,1.26165,1.23462766192208
6845,Jackson State Tigers,Mississippi Valley State Delta Devils,SWAC,0,1,0,0.98812,0.9428957902646941
6846,Mississippi Valley State Delta Devils,Jackson State Tigers,SWAC,1,0,0,1.20415,1.2634910552961998
6847,Western Carolina Catamounts,UNC Greensboro Spartans,Southern,0,1,0,1.1721,1.0930844754226674
6848,UNC Greensboro Spartans,Western Carolina Catamounts,Southern,1,0,0,1.11498,1.0000765218811205
6849,Idaho Vandals,Eastern Washington Eagles,Big Sky,0,1,0,1.33511,1.2854514320344557
6850,Eastern Washington Eagles,Idaho Vandals,Big Sky,1,0,0,1.32576,1.2220778326626116
6851,Houston Christian Huskies,Sam Houston Bearkats,Southland,0,1,0,0.8242,0.9400284305169828
6852,Sam Houston Bearkats,Houston Christian Huskies,Southland,1,0,0,1.02092,0.9074665385043424
6853,South Alabama Jaguars,UL Monroe Warhawks,Sun Belt,0,1,0,0.94612,1.0148695215481318
6854,UL Monroe Warhawks,South Alabama Jaguars,Sun Belt,1,0,0,1.04105,0.9663447696807477
6855,Marshall Thundering Herd,Louisiana Tech Bulldogs,CUSA,0,1,0,0.82603,0.8935992623754663
6856,Louisiana Tech Bulldogs,Marshall Thundering Herd,CUSA,1,0,0,1.16928,1.1303356747984783
6857,Denver Pioneers,South Dakota State Jackrabbits,Summit,0,1,0,0.7642,0.8275076270209761
6858,South Dakota State Jackrabbits,Denver Pioneers,Summit,1,0,0,1.36437,1.3185052485499504
6859,Oral Roberts Golden Eagles,South Dakota Coyotes,Summit,0,1,0,1.23766,1.2060442692342275
6860,South Dakota Coyotes,Oral Roberts Golden Eagles,Summit,1,0,0,1.21912,1.1588714451009439
6861,Louisiana Ragin' Cajuns,Texas State Bobcats,Sun Belt,0,1,0,1.16968,1.258240397035459
6862,Texas State Bobcats,Louisiana Ragin' Cajuns,Sun Belt,1,0,0,1.07021,1.0823485419365977
6863,Delaware State Hornets,South Carolina State Bulldogs,MEAC,0,1,0,1.03662,1.0647531297039619
6864,South Carolina State Bulldogs,Delaware State Hornets,MEAC,1,0,0,1.08973,1.0753198503748898
6865,Purdue Boilermakers,Northwestern Wildcats,Big Ten,0,1,0,1.19894,1.119464721327222
6866,Northwestern Wildcats,Purdue Boilermakers,Big Ten,1,0,0,1.0622,1.0255829157700556
6867,Nebraska Cornhuskers,Minnesota Golden Gophers,Big Ten,0,1,0,0.73902,0.7004618632156981
6868,Minnesota Golden Gophers,Nebraska Cornhuskers,Big Ten,1,0,0,1.0334,1.0133135684559809
6869,Fresno State Bulldogs,Colorado State Rams,Mountain West,0,1,0,0.89045,0.937985768747439
6870,Colorado State Rams,Fresno State Bulldogs,Mountain West,1,0,0,1.23493,1.1672325039012275
6871,Nevada Wolf Pack,Wyoming Cowboys,Mountain West,0,1,0,0.96842,1.0200967396646907
6872,Wyoming Cowboys,Nevada Wolf Pack,Mountain West,1,0,0,1.12295,1.0771073735635264
6873,Western Kentucky Hilltoppers,Southern Miss Golden Eagles,CUSA,0,1,0,1.18667,1.1205729028408773
6874,Southern Miss Golden Eagles,Western Kentucky Hilltoppers,CUSA,1,0,0,1.01419,1.0005714776101033
6875,Dartmouth Big Green,Princeton Tigers,Ivy,0,1,0,0.83045,0.7952169460819545
6876,Princeton Tigers,Dartmouth Big Green,Ivy,1,0,0,1.0101,0.9877183005364724
6877,Yale Bulldogs,Cornell Big Red,Ivy,0,1,0,1.01786,1.0269219335436133
6878,Cornell Big Red,Yale Bulldogs,Ivy,1,0,0,0.89313,0.9383775494926015
6879,The Citadel Bulldogs,Chattanooga Mocs,Southern,0,1,0,1.21472,1.1832208864954137
6880,Chattanooga Mocs,The Citadel Bulldogs,Southern,1,0,0,1.26086,1.002054360528205
6881,Pepperdine Waves,Saint Mary's Gaels,WCC,0,1,0,1.23569,1.2177739906613558
6882,Saint Mary's Gaels,Pepperdine Waves,WCC,1,0,0,1.11504,1.0994550645420578
6883,Arkansas-Pine Bluff Golden Lions,Grambling Tigers,SWAC,0,1,0,1.01725,0.9632700332712009
6884,Grambling Tigers,Arkansas-Pine Bluff Golden Lions,SWAC,1,0,0,0.97266,0.9756174915635818
6885,Alabama A&M Bulldogs,Prairie View A&M Panthers,SWAC,0,1,0,0.88301,0.9706130606140847
6886,Prairie View A&M Panthers,Alabama A&M Bulldogs,SWAC,1,0,0,1.23348,1.1895034257434856
6887,North Carolina A&T Aggies,Savannah State Tigers,MEAC,0,1,0,1.02578,1.0824979055678767
6888,Savannah State Tigers,North Carolina A&T Aggies,MEAC,1,0,0,0.98239,0.9489669733462414
6889,Southern Jaguars,Alcorn State Braves,SWAC,0,0,1,1.08716,1.0496877250435421
6890,Alcorn State Braves,Southern Jaguars,SWAC,0,0,1,0.77201,0.8766911765476668
6891,Hampton Pirates,Norfolk State Spartans,MEAC,0,1,0,0.96929,1.0212675594166978
6892,Norfolk State Spartans,Hampton Pirates,MEAC,1,0,0,1.00899,1.0594405196971013
6893,North Carolina Central Eagles,East Tennessee State Buccaneers,MEAC,0,1,0,1.09201,1.153549362778148
6894,East Tennessee State Buccaneers,North Carolina Central Eagles,Southern,1,0,0,1.10315,1.0611946880568848
6895,La Salle Explorers,St. Bonaventure Bonnies,A-10,0,1,0,1.21295,1.2248414781577688
6896,St. Bonaventure Bonnies,La Salle Explorers,A-10,1,0,0,1.0191,1.0713996135171564
6897,Elon Phoenix,Northeastern Huskies,CAA,0,1,0,0.96042,0.9980211855212852
6898,Northeastern Huskies,Elon Phoenix,CAA,1,0,0,1.23201,1.1933893760587593
6899,Hawai'i Rainbow Warriors,Long Beach State Beach,Big West,0,1,0,0.76056,0.7823279449833277
6900,Long Beach State Beach,Hawai'i Rainbow Warriors,Big West,1,0,0,0.96451,0.9602795785827692
6901,Florida Atlantic Owls,Old Dominion Monarchs,CUSA,0,1,0,1.07253,1.1636694691583294
6902,Old Dominion Monarchs,Florida Atlantic Owls,CUSA,1,0,0,1.29447,1.2208632210598926
6903,Florida International Panthers,Charlotte 49ers,CUSA,0,1,0,1.21924,1.194177502404265
6904,Charlotte 49ers,Florida International Panthers,CUSA,1,0,0,1.07547,1.0422285058870155
6905,Harvard Crimson,Pennsylvania Quakers,Ivy,0,1,0,1.11759,1.0788067404722061
6906,Pennsylvania Quakers,Harvard Crimson,Ivy,1,0,0,0.67687,0.7298824084448791
6907,Brown Bears,Columbia Lions,Ivy,0,1,0,1.03656,1.014051616260309
6908,Columbia Lions,Brown Bears,Ivy,1,0,0,1.3799,1.3123465138466526
6909,George Mason Patriots,Duquesne Dukes,A-10,0,1,0,0.79873,0.6802461287499854
6910,Duquesne Dukes,George Mason Patriots,A-10,1,0,0,0.93545,0.8628512684634027
6911,Longwood Lancers,Presbyterian Blue Hose,Big South,0,1,0,1.19442,1.0790034196288252
6912,Presbyterian Blue Hose,Longwood Lancers,Big South,1,0,0,1.09943,0.9869889816797353
6913,Charleston Southern Buccaneers,Liberty Flames,Big South,0,1,0,1.25217,1.2080204910897059
6914,Liberty Flames,Charleston Southern Buccaneers,Big South,1,0,0,1.04301,0.9525445399217932
6915,Mercer Bears,Wofford Terriers,Southern,0,1,0,0.96762,1.0005072368397094
6916,Wofford Terriers,Mercer Bears,Southern,1,0,0,1.07411,0.9845694411888674
6917,Furman Paladins,Samford Bulldogs,Southern,0,0,1,0.93582,0.82847619901773
6918,Samford Bulldogs,Furman Paladins,Southern,0,0,1,1.0884,0.9594755264124376
6919,Northern Kentucky Norse,Florida Gulf Coast Eagles,ASUN,0,1,0,1.04493,1.1072021626732271
6920,Florida Gulf Coast Eagles,Northern Kentucky Norse,ASUN,1,0,0,1.23928,1.1492261711590221
6921,South Carolina Upstate Spartans,North Florida Ospreys,ASUN,0,1,0,1.18235,1.19705465709764
6922,North Florida Ospreys,South Carolina Upstate Spartans,ASUN,1,0,0,1.08875,1.0719965187062441
6923,Akron Zips,Bowling Green Falcons,MAC,0,1,0,1.06198,1.0793004312833854
6924,Bowling Green Falcons,Akron Zips,MAC,1,0,0,0.99318,0.9833577500337108
6925,Lafayette Leopards,Navy Midshipmen,Patriot,0,1,0,1.25543,1.24753998867298
6926,Navy Midshipmen,Lafayette Leopards,Patriot,1,0,0,1.11436,0.9881431776941318
6927,Colgate Raiders,Bucknell Bison,Patriot,0,1,0,1.29027,1.278290732399794
6928,Bucknell Bison,Colgate Raiders,Patriot,1,0,0,1.25043,1.1817356288089749
6929,Saint Peter's Peacocks,Iona Gaels,MAAC,0,1,0,0.884,0.8687625861712407
6930,Iona Gaels,Saint Peter's Peacocks,MAAC,1,0,0,0.96032,0.9656401666099436
6931,Texas A&M-Corpus Christi Islanders,Stephen F. Austin Lumberjacks,Southland,0,1,0,0.99262,1.0640835011730845
6932,Stephen F. Austin Lumberjacks,Texas A&M-Corpus Christi Islanders,Southland,1,0,0,1.14696,1.1058800662972068
6933,Abilene Christian Wildcats,Lamar Cardinals,Southland,0,1,0,1.09183,1.0619138571154596
6934,Lamar Cardinals,Abilene Christian Wildcats,Southland,1,0,0,1.20258,1.0843140993465665
6935,New Orleans Privateers,McNeese Cowboys,Southland,0,1,0,0.94052,0.8839373481036136
6936,McNeese Cowboys,New Orleans Privateers,Southland,1,0,0,1.07064,1.0031972961872186
6937,Little Rock Trojans,Georgia Southern Eagles,Sun Belt,0,1,0,1.02619,1.0909911110561175
6938,Georgia Southern Eagles,Little Rock Trojans,Sun Belt,1,0,0,1.30724,1.2358581131028
6939,Towson Tigers,Hofstra Pride,CAA,0,1,0,1.29756,1.275095593444567
6940,Hofstra Pride,Towson Tigers,CAA,1,0,0,1.08885,1.0097772421604596
6941,Southeast Missouri State Redhawks,Austin Peay Governors,OVC,0,1,0,1.15667,1.132635361058878
6942,Austin Peay Governors,Southeast Missouri State Redhawks,OVC,1,0,0,1.05419,1.0136481461014406
6943,Cal State Northridge Matadors,UC Riverside Highlanders,Big West,0,1,0,1.03698,1.0338629671069994
6944,UC Riverside Highlanders,Cal State Northridge Matadors,Big West,1,0,0,1.09754,1.0053600413941686
6945,Northwestern State Demons,SE Louisiana Lions,Southland,0,1,0,1.21703,1.228782905040486
6946,SE Louisiana Lions,Northwestern State Demons,Southland,1,0,0,1.05263,0.9165702813453032
6947,Utah State Aggies,San Diego State Aztecs,Mountain West,0,1,0,0.71161,0.8392693482736487
6948,San Diego State Aztecs,Utah State Aggies,Mountain West,1,0,0,1.033,0.9984618946724175
6949,Rice Owls,North Texas Mean Green,CUSA,0,1,0,1.0816,1.0999020246028401
6950,North Texas Mean Green,Rice Owls,CUSA,1,0,0,1.21994,1.1887564115596576
6951,Toledo Rockets,Northern Illinois Huskies,MAC,0,1,0,1.23201,1.2037192393794265
6952,Northern Illinois Huskies,Toledo Rockets,MAC,1,0,0,1.07662,1.0122032925518047
6953,San Francisco Dons,San Diego Toreros,WCC,0,1,0,1.04046,1.0498209178952278
6954,San Diego Toreros,San Francisco Dons,WCC,1,0,0,1.17608,1.1133562752201032
6955,UCF Knights,SMU Mustangs,American,0,1,0,0.8817,0.9667445192786095
6956,SMU Mustangs,UCF Knights,American,1,0,0,1.24641,1.1346520542737126
6957,Southern Illinois Salukis,Missouri State Bears,MVC,0,1,0,0.77989,0.7277642766181776
6958,Missouri State Bears,Southern Illinois Salukis,MVC,1,0,0,0.89031,0.833633948525355
6959,UT Martin Skyhawks,Murray State Racers,OVC,0,1,0,1.041,1.0643295795469516
6960,Murray State Racers,UT Martin Skyhawks,OVC,1,0,0,1.11143,1.0518131066496117
6961,Troy Trojans,UT Arlington Mavericks,Sun Belt,0,1,0,0.88141,0.8986984158302915
6962,UT Arlington Mavericks,Troy Trojans,Sun Belt,1,0,0,0.84867,0.7943429039234655
6963,San José State Spartans,New Mexico Lobos,Mountain West,0,1,0,0.67964,0.7338645612857242
6964,New Mexico Lobos,San José State Spartans,Mountain West,1,0,0,1.11346,0.9989075243227662
6965,Stanford Cardinal,Washington State Cougars,Pac-12,0,1,0,1.39906,1.2871531759780819
6966,Washington State Cougars,Stanford Cardinal,Pac-12,1,0,0,1.47343,1.4142002723653047
6967,Jacksonville State Gamecocks,Tennessee State Tigers,OVC,0,1,0,0.79757,0.7700870614390861
6968,Tennessee State Tigers,Jacksonville State Gamecocks,OVC,1,0,0,0.84918,0.7602572926344882
6969,Alabama State Hornets,Texas Southern Tigers,SWAC,0,1,0,1.09137,1.1261368150672637
6970,Texas Southern Tigers,Alabama State Hornets,SWAC,1,0,0,1.36255,1.4061480586198503
6971,Middle Tennessee Blue Raiders,UTEP Miners,CUSA,0,1,0,1.17608,1.2478881344217931
6972,UTEP Miners,Middle Tennessee Blue Raiders,CUSA,1,0,0,1.37323,1.3787086286708516
6973,UT Rio Grande Valley Vaqueros,New Mexico State Aggies,WAC,0,1,0,0.88778,1.056643895556629
6974,New Mexico State Aggies,UT Rio Grande Valley Vaqueros,WAC,1,0,0,1.01188,1.0019194104815334
6975,Chicago State Cougars,Grand Canyon Lopes,WAC,0,1,0,1.08831,1.1134321638123674
6976,Grand Canyon Lopes,Chicago State Cougars,WAC,1,0,0,1.026,1.0675197692773204
6977,Santa Clara Broncos,BYU Cougars,WCC,0,1,0,0.94186,0.9010382417418895
6978,BYU Cougars,Santa Clara Broncos,WCC,1,0,0,1.28316,1.1654926543302917
6979,Northern Arizona Lumberjacks,Southern Utah Thunderbirds,Big Sky,0,1,0,1.36706,1.2683786922271285
6980,Southern Utah Thunderbirds,Northern Arizona Lumberjacks,Big Sky,1,0,0,1.01002,0.9833995561616855
6981,Weber State Wildcats,Northern Colorado Bears,Big Sky,0,1,0,1.01392,0.8664643822530212
6982,Northern Colorado Bears,Weber State Wildcats,Big Sky,1,0,0,1.30392,1.2331356039746753
6983,UC Santa Barbara Gauchos,UC Irvine Anteaters,Big West,0,1,0,0.89184,0.949299779207414
6984,UC Irvine Anteaters,UC Santa Barbara Gauchos,Big West,1,0,0,1.25876,1.2385205399349553
6985,Cal Poly Mustangs,UC Davis Aggies,Big West,0,1,0,1.26008,1.223329499913386
6986,UC Davis Aggies,Cal Poly Mustangs,Big West,1,0,0,1.38229,1.3687403124637703
6987,Air Force Falcons,UNLV Rebels,Mountain West,0,1,0,1.12141,1.1707140683531385
6988,UNLV Rebels,Air Force Falcons,Mountain West,1,0,0,1.36286,1.2811619290182392
6989,Seattle U Redhawks,Cal State Bakersfield Roadrunners,WAC,0,1,0,0.99783,1.0857404866908127
6990,Cal State Bakersfield Roadrunners,Seattle U Redhawks,WAC,1,0,0,1.16214,1.2382083853054588
6991,Montana Grizzlies,Sacramento State Hornets,Big Sky,0,1,0,1.14816,1.0658134378489998
6992,Sacramento State Hornets,Montana Grizzlies,Big Sky,1,0,0,1.25805,1.2071369453648457
6993,Montana State Bobcats,Portland State Vikings,Big Sky,0,1,0,1.0206,0.9737979663786904
6994,Portland State Vikings,Montana State Bobcats,Big Sky,1,0,0,1.25578,1.159876959353476
6995,Colorado Buffaloes,UCLA Bruins,Pac-12,0,1,0,0.99062,0.9854240581372898
6996,UCLA Bruins,Colorado Buffaloes,Pac-12,1,0,0,1.22709,1.1876798544978464
6997,Kansas City Roos,Utah Valley Wolverines,WAC,0,1,0,1.10887,1.1623144713452849
6998,Utah Valley Wolverines,Kansas City Roos,WAC,1,0,0,0.96754,0.9856960684398578
6999,Utah Utes,USC Trojans,Pac-12,0,1,0,1.11488,1.0840376153632438
7000,USC Trojans,Utah Utes,Pac-12,1,0,0,0.62156,0.6736553902181601
7001,Miami Hurricanes,Florida State Seminoles,ACC,0,1,0,1.04476,1.001631594741163
7002,Florida State Seminoles,Miami Hurricanes,ACC,1,0,0,1.03639,0.9812563193558498
7003,Oakland Golden Grizzlies,Youngstown State Penguins,Horizon,0,1,0,1.41483,1.3031529041615173
7004,Youngstown State Penguins,Oakland Golden Grizzlies,Horizon,1,0,0,1.15356,1.0452614423148203
7005,Michigan Wolverines,Michigan State Spartans,Big Ten,0,1,0,0.97656,1.0226109450675158
7006,Michigan State Spartans,Michigan Wolverines,Big Ten,1,0,0,1.18726,1.1338438238752295
7007,Cincinnati Bearcats,East Carolina Pirates,American,0,1,0,0.88472,0.8429871902668178
7008,East Carolina Pirates,Cincinnati Bearcats,American,1,0,0,0.95321,1.048872219810957
7009,Fordham Rams,Dayton Flyers,A-10,0,1,0,1.04438,1.1094685358520804
7010,Dayton Flyers,Fordham Rams,A-10,1,0,0,1.38505,1.3161284320679179
7011,Quinnipiac Bobcats,Niagara Purple Eagles,MAAC,0,0,1,1.25866,1.182458266546908
7012,Niagara Purple Eagles,Quinnipiac Bobcats,MAAC,0,0,1,1.31145,1.3421972797123516
7013,Marist Red Foxes,Canisius Golden Griffins,MAAC,0,1,0,1.2253,1.2918166771237807
7014,Canisius Golden Griffins,Marist Red Foxes,MAAC,1,0,0,1.04479,0.998691533349114
7015,Manhattan Jaspers,Monmouth Hawks,MAAC,0,1,0,1.25589,1.2937860972753232
7016,Monmouth Hawks,Manhattan Jaspers,MAAC,1,0,0,1.0821,1.0931309842008752
7017,California Golden Bears,Washington Huskies,Pac-12,0,1,0,1.28354,1.2652588728627203
7018,Washington Huskies,California Golden Bears,Pac-12,1,0,0,1.22549,1.2032479977561275
7019,North Dakota State Bison,Western Illinois Leathernecks,Summit,0,1,0,1.14469,1.1255707426888042
7020,Western Illinois Leathernecks,North Dakota State Bison,Summit,1,0,0,1.06223,1.050706747213022
7021,UConn Huskies,Houston Cougars,American,0,1,0,1.01306,1.0018725118106102
7022,Houston Cougars,UConn Huskies,American,1,0,0,1.07357,1.1066958019931816
7023,Virginia Cavaliers,North Carolina Tar Heels,ACC,0,1,0,1.22223,1.2320823276656712
7024,North Carolina Tar Heels,Virginia Cavaliers,ACC,1,0,0,1.04624,1.1280795136934056
7025,Iowa State Cyclones,Kansas Jayhawks,Big 12,0,1,0,1.05331,1.099886411695897
7026,Kansas Jayhawks,Iowa State Cyclones,Big 12,1,0,0,1.20213,1.163470564742103
7027,Rider Broncs,Siena Saints,MAAC,0,0,1,1.13088,1.0499743797769427
7028,Siena Saints,Rider Broncs,MAAC,0,0,1,1.2842,1.3265850561648749
7029,Morgan State Bears,Coppin State Eagles,MEAC,1,0,0,1.02454,0.9532812693446447
7030,Coppin State Eagles,Morgan State Bears,MEAC,1,0,0,1.20983,1.1830520052995266
7031,Bryant Bulldogs,Pittsburgh Panthers,NEC,0,1,0,1.04604,1.0850216487810207
7032,Pittsburgh Panthers,Bryant Bulldogs,ACC,1,0,0,1.16532,0.9510502904459738
7033,Florida A&M Rattlers,North Carolina Central Eagles,MEAC,0,1,0,0.7056,0.8224561936051519
7034,North Carolina Central Eagles,Florida A&M Rattlers,MEAC,1,0,0,1.34972,1.26155269722549
7035,Lamar Cardinals,Sam Houston Bearkats,Southland,0,1,0,0.77969,0.8955184305169828
7036,Sam Houston Bearkats,Lamar Cardinals,Southland,1,0,0,1.23487,1.1717757067208523
7037,New Orleans Privateers,Nicholls Colonels,Southland,0,1,0,0.87441,0.8537554316985501
7038,Nicholls Colonels,New Orleans Privateers,Southland,1,0,0,1.06325,0.9958072961872186
7039,American University Eagles,Holy Cross Crusaders,Patriot,0,1,0,1.16513,1.1496632529136699
7040,Holy Cross Crusaders,American University Eagles,Patriot,1,0,0,1.05689,1.056812692038683
7041,Maryland Eastern Shore Hawks,Howard Bison,MEAC,0,1,0,1.10879,1.217509867270582
7042,Howard Bison,Maryland Eastern Shore Hawks,MEAC,1,0,0,1.25959,1.2598037680498833
7043,Green Bay Phoenix,Wright State Raiders,Horizon,0,1,0,1.15922,1.1384358958146628
7044,Wright State Raiders,Green Bay Phoenix,Horizon,1,0,0,0.97572,1.022918131587676
7045,McNeese Cowboys,SE Louisiana Lions,Southland,0,1,0,1.16557,1.1773229050404859
7046,SE Louisiana Lions,McNeese Cowboys,Southland,1,0,0,0.9262,0.8364391977090064
7047,Abilene Christian Wildcats,Houston Christian Huskies,Southland,0,1,0,0.94444,0.8641646888989495
7048,Houston Christian Huskies,Abilene Christian Wildcats,Southland,1,0,0,1.19785,1.0795840993465666
7049,Charleston Southern Buccaneers,Winthrop Eagles,Big South,0,1,0,0.84501,0.8531068565294967
7050,Winthrop Eagles,Charleston Southern Buccaneers,Big South,1,0,0,1.18441,1.0939445399217933
7051,Mississippi Valley State Delta Devils,Grambling Tigers,SWAC,0,1,0,0.99709,0.9431100332712009
7052,Grambling Tigers,Mississippi Valley State Delta Devils,SWAC,1,0,0,0.94144,0.8630376398700871
7053,Alabama State Hornets,Prairie View A&M Panthers,SWAC,0,1,0,1.15354,1.2411430606140847
7054,Prairie View A&M Panthers,Alabama State Hornets,SWAC,1,0,0,1.07811,1.1217080586198502
7055,Arkansas-Pine Bluff Golden Lions,Jackson State Tigers,SWAC,0,1,0,0.70468,0.7971992056908069
7056,Jackson State Tigers,Arkansas-Pine Bluff Golden Lions,SWAC,1,0,0,1.08115,1.0841074915635818
7057,Alabama A&M Bulldogs,Texas Southern Tigers,SWAC,0,1,0,1.10925,1.1440168150672638
7058,Texas Southern Tigers,Alabama A&M Bulldogs,SWAC,1,0,0,1.16273,1.1187534257434857
7059,Georgia Bulldogs,Kentucky Wildcats,SEC,0,1,0,0.95717,1.143621257754654
7060,Kentucky Wildcats,Georgia Bulldogs,SEC,1,0,0,1.11469,1.1183398315777886
7061,Louisville Cardinals,Miami Hurricanes,ACC,0,1,0,1.1138,1.0918444697504568
7062,Miami Hurricanes,Louisville Cardinals,ACC,1,0,0,0.97968,1.0333650695498062
7063,Northern Iowa Panthers,Indiana State Sycamores,MVC,0,1,0,1.0131,1.0093239043777582
7064,Indiana State Sycamores,Northern Iowa Panthers,MVC,1,0,0,0.86354,0.8866433232200415
7065,West Virginia Mountaineers,Oklahoma Sooners,Big 12,0,1,0,0.86198,0.9321091704323328
7066,Oklahoma Sooners,West Virginia Mountaineers,Big 12,1,0,0,1.17994,1.1713771981051708
7067,St. John's Red Storm,Butler Bulldogs,Big East,0,1,0,0.90809,0.9809715109687701
7068,Butler Bulldogs,St. John's Red Storm,Big East,1,0,0,1.24707,1.2130990521138223
7069,Mississippi State Bulldogs,Tennessee Volunteers,SEC,0,1,0,1.22448,1.1845876391631196
7070,Tennessee Volunteers,Mississippi State Bulldogs,SEC,1,0,0,1.11825,1.069371572050644
7071,Maine Black Bears,Vermont Catamounts,AM. EAST,0,1,0,0.78381,0.9052793888438503
7072,Vermont Catamounts,Maine Black Bears,AM. EAST,1,0,0,1.08176,1.0010616987163066
7073,Hartford Hawks,Binghamton Bearcats,AM. EAST,0,0,1,1.14105,1.1507403235689844
7074,Binghamton Bearcats,Hartford Hawks,AM. EAST,0,0,1,1.08285,1.1237105277707158
7075,Indiana Hoosiers,Wisconsin Badgers,Big Ten,0,1,0,1.27271,1.3104088093443496
7076,Wisconsin Badgers,Indiana Hoosiers,Big Ten,1,0,0,1.48257,1.3454538003232852
7077,Radford Highlanders,High Point Panthers,Big South,0,1,0,1.18211,1.1711386103060475
7078,High Point Panthers,Radford Highlanders,Big South,1,0,0,1.08366,1.0359037069223522
7079,Gardner-Webb Runnin' Bulldogs,Longwood Lancers,Big South,0,1,0,1.39337,1.3141071320743427
7080,Longwood Lancers,Gardner-Webb Runnin' Bulldogs,Big South,1,0,0,1.20192,1.0989817726160513
7081,UNC Asheville Bulldogs,Coastal Carolina Chanticleers,Big South,0,1,0,0.89249,0.916354975510948
7082,Coastal Carolina Chanticleers,UNC Asheville Bulldogs,Big South,1,0,0,1.03861,0.9883657931679385
7083,Presbyterian Blue Hose,Campbell Fighting Camels,Big South,0,1,0,0.93131,0.8814852373287213
7084,Campbell Fighting Camels,Presbyterian Blue Hose,Big South,1,0,0,1.18371,1.035115269234218
7085,Saint Joseph's Hawks,Saint Louis Billikens,A-10,0,1,0,0.91453,0.8543257766661443
7086,Saint Louis Billikens,Saint Joseph's Hawks,A-10,1,0,0,1.04969,1.0436718671567724
7087,Northwestern Wildcats,Nebraska Cornhuskers,Big Ten,0,1,0,1.08885,1.101941718850588
7088,Nebraska Cornhuskers,Northwestern Wildcats,Big Ten,1,0,0,1.3987,1.286046570932615
7089,Florida Atlantic Owls,Florida International Panthers,CUSA,0,1,0,0.87746,0.8773966562816229
7090,Florida International Panthers,Florida Atlantic Owls,CUSA,1,0,0,1.01688,0.9432732210598926
7091,Stetson Hatters,Bethune-Cookman Wildcats,ASUN,0,1,0,1.15507,1.134838852559345
7092,Bethune-Cookman Wildcats,Stetson Hatters,MEAC,1,0,0,1.10035,1.0287408950785903
7093,Incarnate Word Cardinals,Texas A&M-Corpus Christi Islanders,Southland,0,1,0,1.15888,1.150978216691814
7094,Texas A&M-Corpus Christi Islanders,Incarnate Word Cardinals,Southland,1,0,0,1.19057,1.1017992899222677
7095,Northwestern State Demons,Central Arkansas Bears,Southland,0,1,0,1.30922,1.198578465717251
7096,Central Arkansas Bears,Northwestern State Demons,Southland,1,0,0,1.31857,1.1825102813453032
7097,UNC Greensboro Spartans,VMI Keydets,Southern,0,1,0,1.04709,0.9544691839746334
7098,VMI Keydets,UNC Greensboro Spartans,Southern,1,0,0,0.71627,0.6040763250280605
7099,NC State Wolfpack,Wake Forest Demon Deacons,ACC,0,1,0,1.13755,1.0857742767377347
7100,Wake Forest Demon Deacons,NC State Wolfpack,ACC,1,0,0,1.2374,1.1802962355865767
7101,Evansville Purple Aces,Illinois State Redbirds,MVC,0,1,0,0.78125,0.8583900396608153
7102,Illinois State Redbirds,Evansville Purple Aces,MVC,1,0,0,1.18092,1.1622820227108792
7103,South Carolina Gamecocks,Arkansas Razorbacks,SEC,0,1,0,0.7684,0.7516217493844821
7104,Arkansas Razorbacks,South Carolina Gamecocks,SEC,1,0,0,1.04613,1.0579914439152314
7105,Florida Gators,Vanderbilt Commodores,SEC,0,1,0,1.00796,0.9751918269735913
7106,Vanderbilt Commodores,Florida Gators,SEC,1,0,0,1.09943,1.1363377479630021
7107,Virginia Tech Hokies,Syracuse Orange,ACC,0,1,0,0.97848,1.0207108890351584
7108,Syracuse Orange,Virginia Tech Hokies,ACC,1,0,0,1.00321,0.8665201452750637
7109,Seton Hall Pirates,DePaul Blue Demons,Big East,0,0,1,1.03433,0.9396373986523535
7110,DePaul Blue Demons,Seton Hall Pirates,Big East,0,0,1,1.22607,1.1850505448346735
7111,Rutgers Scarlet Knights,Illinois Fighting Illini,Big Ten,0,1,0,0.90961,0.9210980459662164
7112,Illinois Fighting Illini,Rutgers Scarlet Knights,Big Ten,1,0,0,1.12779,1.0341756352707978
7113,Boise State Broncos,Utah State Aggies,Mountain West,0,1,0,1.22719,1.225830045067025
7114,Utah State Aggies,Boise State Broncos,Mountain West,1,0,0,1.12603,1.1578953991800403
7115,Georgia Tech Yellow Jackets,Duke Blue Devils,ACC,0,1,0,1.05316,1.093308430319219
7116,Duke Blue Devils,Georgia Tech Yellow Jackets,ACC,1,0,0,1.17999,1.1445519796404986
7117,Marquette Golden Eagles,Villanova Wildcats,Big East,0,0,1,0.81971,0.8878704410893015
7118,Villanova Wildcats,Marquette Golden Eagles,Big East,0,0,1,1.0988,1.0852714681897304
7119,Boston College Eagles,Notre Dame Fighting Irish,ACC,0,0,1,1.03119,0.991488050014225
7120,Notre Dame Fighting Irish,Boston College Eagles,ACC,0,0,1,1.20532,1.1350636888895416
7121,Wichita State Shockers,Bradley Braves,MVC,0,1,0,1.08653,1.0885826219512802
7122,Bradley Braves,Wichita State Shockers,MVC,1,0,0,1.0298,1.0872817817296097
7123,Penn State Nittany Lions,Maryland Terrapins,Big Ten,0,1,0,0.90553,0.9206028060932578
7124,Maryland Terrapins,Penn State Nittany Lions,Big Ten,1,0,0,0.97238,0.9446020413369747
7125,VCU Rams,George Mason Patriots,A-10,0,1,0,1.19048,1.1510594188580099
7126,George Mason Patriots,VCU Rams,A-10,1,0,0,0.97778,1.0063068214112931
7127,TCU Horned Frogs,Baylor Bears,Big 12,0,1,0,0.91346,0.9510319873672488
7128,Baylor Bears,TCU Horned Frogs,Big 12,1,0,0,1.2821,1.248070307483938
7129,Ohio State Buckeyes,Purdue Boilermakers,Big Ten,0,1,0,1.02471,1.0212710661646627
7130,Purdue Boilermakers,Ohio State Buckeyes,Big Ten,1,0,0,1.06148,1.064545994923663
7131,Providence Friars,Georgetown Hoyas,Big East,0,1,0,1.18444,1.1861454850956525
7132,Georgetown Hoyas,Providence Friars,Big East,1,0,0,1.07186,1.0505404378307197
7133,Oklahoma State Cowboys,Texas Longhorns,Big 12,0,1,0,1.07885,1.0959250038628534
7134,Texas Longhorns,Oklahoma State Cowboys,Big 12,1,0,0,0.99916,0.9716460172243335
7135,Temple Owls,South Florida Bulls,American,0,1,0,1.03018,1.0023406997621707
7136,South Florida Bulls,Temple Owls,American,1,0,0,0.81593,0.8752798936238728
7137,North Carolina A&T Aggies,Charlotte 49ers,MEAC,0,1,0,0.99595,1.0509062326867271
7138,Charlotte 49ers,North Carolina A&T Aggies,CUSA,1,0,0,1.22718,1.113738243063779
7139,Towson Tigers,Northeastern Huskies,CAA,0,1,0,1.02971,1.067311185521285
7140,Northeastern Huskies,Towson Tigers,CAA,1,0,0,1.1706,1.0915272421604596
7141,UNC Wilmington Seahawks,James Madison Dukes,CAA,0,1,0,1.27965,1.2502932643603772
7142,James Madison Dukes,UNC Wilmington Seahawks,CAA,1,0,0,1.05993,1.0490460249678901
7143,Hofstra Pride,Delaware Blue Hens,CAA,0,1,0,1.20662,1.1376471731600009
7144,Delaware Blue Hens,Hofstra Pride,CAA,1,0,0,1.02679,0.9711474430499598
7145,Youngstown State Penguins,Cleveland State Vikings,Horizon,0,1,0,0.93844,0.9418034970820132
7146,Cleveland State Vikings,Youngstown State Penguins,Horizon,1,0,0,1.16772,1.0228647537669102
7147,Texas A&M Aggies,Ole Miss Rebels,SEC,0,0,1,0.90647,0.8965096332979436
7148,Ole Miss Rebels,Texas A&M Aggies,SEC,0,0,1,1.07597,1.083990955807242
7149,New Hampshire Wildcats,UAlbany Great Danes,AM. EAST,0,1,0,1.1021,1.147570675309953
7150,UAlbany Great Danes,New Hampshire Wildcats,AM. EAST,1,0,0,1.13774,1.1890822566253507
7151,St. Bonaventure Bonnies,Davidson Wildcats,A-10,0,1,0,1.06013,1.0355090117847512
7152,Davidson Wildcats,St. Bonaventure Bonnies,A-10,1,0,0,1.02026,0.9989733277631615
7153,Massachusetts Minutemen,Fordham Rams,A-10,0,1,0,1.16471,1.128966582462525
7154,Fordham Rams,Massachusetts Minutemen,A-10,1,0,0,1.101,1.0611795604898913
7155,Liberty Flames,Winthrop Eagles,Big South,0,1,0,1.01181,1.0199068565294969
7156,Winthrop Eagles,Liberty Flames,Big South,1,0,0,1.27033,1.1930023406950987
7157,Buffalo Bulls,Ball State Cardinals,MAC,0,1,0,1.17589,1.1073848161476039
7158,Ball State Cardinals,Buffalo Bulls,MAC,1,0,0,1.15216,1.1322077646292583
7159,Akron Zips,Ohio Bobcats,MAC,0,1,0,1.26281,1.1931988728724685
7160,Ohio Bobcats,Akron Zips,MAC,1,0,0,1.33919,1.3293677500337109
7161,Northern Illinois Huskies,Miami (OH) RedHawks,MAC,0,1,0,1.23667,1.173292168808006
7162,Miami (OH) RedHawks,Northern Illinois Huskies,MAC,1,0,0,1.20248,1.1410110889848193
7163,Bowling Green Falcons,Central Michigan Chippewas,MAC,0,0,1,1.01444,0.9806282775098204
7164,Central Michigan Chippewas,Bowling Green Falcons,MAC,0,0,1,0.99642,1.0137404312833853
7165,Kent State Golden Flashes,Western Michigan Broncos,MAC,0,1,0,1.18127,1.1301824505456668
7166,Western Michigan Broncos,Kent State Golden Flashes,MAC,1,0,0,1.24273,1.1973394879543555
7167,Eastern Michigan Eagles,Toledo Rockets,MAC,0,1,0,0.98955,0.9583114429464121
7168,Toledo Rockets,Eastern Michigan Eagles,MAC,1,0,0,1.34202,1.334356224940405
7169,Navy Midshipmen,Boston University Terriers,Patriot,0,1,0,1.01216,0.9507808316234236
7170,Boston University Terriers,Navy Midshipmen,Patriot,1,0,0,1.06785,1.0267818382783729
7171,Bucknell Bison,Lafayette Leopards,Patriot,0,1,0,1.1165,1.023461328088739
7172,Lafayette Leopards,Bucknell Bison,Patriot,1,0,0,1.32576,1.280602582005187
7173,Army Black Knights,Lehigh Mountain Hawks,Patriot,0,1,0,0.9812,1.0171324111590283
7174,Lehigh Mountain Hawks,Army Black Knights,Patriot,1,0,0,1.34182,1.2946663852073277
7175,East Carolina Pirates,UConn Huskies,American,0,1,0,1.08594,1.1522439523877888
7176,UConn Huskies,East Carolina Pirates,American,1,0,0,1.31421,1.2392990398722108
7177,Loyola Maryland Greyhounds,American University Eagles,Patriot,0,1,0,0.94592,0.9790208424332901
7178,American University Eagles,Loyola Maryland Greyhounds,Patriot,1,0,0,1.20948,1.1749143049906128
7179,Jacksonville State Gamecocks,Memphis Tigers,OVC,0,1,0,0.81753,0.9171255400959188
7180,Memphis Tigers,Jacksonville State Gamecocks,American,1,0,0,1.33547,1.2337422152594957
7181,Detroit Mercy Titans,Valparaiso Beacons,Horizon,0,1,0,1.00326,1.0470608203334886
7182,Valparaiso Beacons,Detroit Mercy Titans,Horizon,1,0,0,1.11853,1.09150766192208
7183,Southern Illinois Salukis,Drake Bulldogs,MVC,0,1,0,1.07189,0.9447095947707829
7184,Drake Bulldogs,Southern Illinois Salukis,MVC,1,0,0,1.10331,1.0466339485253549
7185,Oakland Golden Grizzlies,UIC Flames,Horizon,0,1,0,1.4148,1.354734883479407
7186,UIC Flames,Oakland Golden Grizzlies,Horizon,1,0,0,1.19429,1.0859914423148205
7187,Texas State Bobcats,South Alabama Jaguars,Sun Belt,0,1,0,0.99673,0.9552029200753548
7188,South Alabama Jaguars,Texas State Bobcats,Sun Belt,1,0,0,0.70783,0.7632122466408517
7189,Missouri Tigers,Alabama Crimson Tide,SEC,0,1,0,0.84061,0.8308902800878591
7190,Alabama Crimson Tide,Missouri Tigers,SEC,1,0,0,1.13384,1.0044526878024844
7191,Washington Huskies,Oregon Ducks,Pac-12,0,1,0,1.28387,1.2675561544477487
7192,Oregon Ducks,Washington Huskies,Pac-12,1,0,0,1.30208,1.2506207224681132
7193,Colorado State Rams,Wyoming Cowboys,Mountain West,0,1,0,0.80026,0.8519367396646906
7194,Wyoming Cowboys,Colorado State Rams,Mountain West,1,0,0,1.0016,1.015957618352832
7195,New Mexico Lobos,Air Force Falcons,Mountain West,0,0,1,0.92333,0.8748100794128463
7196,Air Force Falcons,New Mexico Lobos,Mountain West,0,0,1,1.00088,1.0551045612857244
7197,Creighton Bluejays,Xavier Musketeers,Big East,0,1,0,1.13725,1.1224504232882249
7198,Xavier Musketeers,Creighton Bluejays,Big East,1,0,0,1.09075,0.9706144560616737
7199,Clemson Tigers,Florida State Seminoles,ACC,0,1,0,1.00597,0.9628415947411632
7200,Florida State Seminoles,Clemson Tigers,ACC,1,0,0,0.89413,0.870870162730145
7201,Loyola Chicago Ramblers,Missouri State Bears,MVC,0,1,0,1.0401,0.9879742766181775
7202,Missouri State Bears,Loyola Chicago Ramblers,MVC,1,0,0,0.96095,0.9478298750769303
7203,Kansas State Wildcats,Texas Tech Red Raiders,Big 12,0,1,0,0.98627,0.9491570851847817
7204,Texas Tech Red Raiders,Kansas State Wildcats,Big 12,1,0,0,1.32066,1.2747733229154605
7205,San Diego State Aztecs,Nevada Wolf Pack,Mountain West,0,1,0,1.20821,1.1955455239581336
7206,Nevada Wolf Pack,San Diego State Aztecs,Mountain West,1,0,0,1.17776,1.2722411978790418
7207,San José State Spartans,Fresno State Bulldogs,Mountain West,0,1,0,0.97773,0.9432106542958344
7208,Fresno State Bulldogs,San José State Spartans,Mountain West,1,0,0,1.27224,1.1576875243227664
7209,Cincinnati Bearcats,SMU Mustangs,American,0,1,0,1.15741,1.2424545192786096
7210,SMU Mustangs,Cincinnati Bearcats,American,1,0,0,0.99032,1.0859822198109572
7211,Mercer Bears,The Citadel Bulldogs,Southern,0,1,0,1.50393,1.278302510922812
7212,The Citadel Bulldogs,Mercer Bears,Southern,1,0,0,1.02694,0.9373994411888673
7213,Richmond Spiders,La Salle Explorers,A-10,0,1,0,0.93382,1.0192977639117635
7214,La Salle Explorers,Richmond Spiders,A-10,1,0,0,0.9827,1.008972743052118
7215,Drexel Dragons,Elon Phoenix,CAA,0,1,0,1.11133,1.1058875264533663
7216,Elon Phoenix,Drexel Dragons,CAA,1,0,0,1.02475,0.9689431708633898
7217,Auburn Tigers,LSU Tigers,SEC,0,1,0,1.15773,1.1888461583498735
7218,LSU Tigers,Auburn Tigers,SEC,1,0,0,1.09694,1.0064022480809143
7219,UMBC Retrievers,UMass Lowell River Hawks,AM. EAST,0,1,0,0.8563,0.8804108329420194
7220,UMass Lowell River Hawks,UMBC Retrievers,AM. EAST,1,0,0,1.11488,1.0601028776094104
7221,Tennessee State Tigers,Morehead State Eagles,OVC,0,1,0,0.97272,1.0122688193353795
7222,Morehead State Eagles,Tennessee State Tigers,OVC,1,0,0,1.21046,1.149798911044479
7223,Wagner Seahawks,Sacred Heart Pioneers,NEC,0,1,0,1.08991,1.086331045333346
7224,Sacred Heart Pioneers,Wagner Seahawks,NEC,1,0,0,1.24629,1.195028710209083
7225,Iowa Hawkeyes,Michigan Wolverines,Big Ten,0,1,0,1.48104,1.4608019742698366
7226,Michigan Wolverines,Iowa Hawkeyes,Big Ten,1,0,0,1.06453,1.0450833416515524
7227,Robert Morris Colonials,Long Island University Sharks,NEC,0,0,1,0.92397,0.9404227800693885
7228,Long Island University Sharks,Robert Morris Colonials,NEC,0,0,1,1.02459,1.0417775311066728
7229,St. Francis Brooklyn Terriers,Central Connecticut Blue Devils,NEC,0,1,0,1.437,1.377067674639192
7230,Central Connecticut Blue Devils,St. Francis Brooklyn Terriers,NEC,1,0,0,1.29808,1.2987752478512111
7231,Mount St. Mary's Mountaineers,Bryant Bulldogs,NEC,0,1,0,1.11217,1.0691306784578232
7232,Bryant Bulldogs,Mount St. Mary's Mountaineers,NEC,1,0,0,1.01798,1.0333036834115508
7233,Rice Owls,Marshall Thundering Herd,CUSA,0,1,0,0.91814,0.9123738251930852
7234,Marshall Thundering Herd,Rice Owls,CUSA,1,0,0,1.16832,1.1371364115596576
7235,Samford Bulldogs,Western Carolina Catamounts,Southern,0,1,0,1.11881,1.0370846722757276
7236,Western Carolina Catamounts,Samford Bulldogs,Southern,1,0,0,1.08444,0.9439180486231229
7237,Chattanooga Mocs,Furman Paladins,Southern,0,1,0,1.12235,0.9934255264124375
7238,Furman Paladins,Chattanooga Mocs,Southern,1,0,0,1.1281,1.0634227361008066
7239,Wofford Terriers,East Tennessee State Buccaneers,Southern,0,1,0,1.08691,1.022816007624488
7240,East Tennessee State Buccaneers,Wofford Terriers,Southern,1,0,0,0.92593,0.9256390864451024
7241,Colgate Raiders,Holy Cross Crusaders,Patriot,0,1,0,1.08658,1.07111325291367
7242,Holy Cross Crusaders,Colgate Raiders,Patriot,1,0,0,1.31145,1.242755628808975
7243,Oral Roberts Golden Eagles,IU Indianapolis Jaguars,Summit,0,1,0,1.20692,1.236427416974475
7244,IU Indianapolis Jaguars,Oral Roberts Golden Eagles,Summit,1,0,0,1.03983,0.9795814451009438
7245,South Dakota State Jackrabbits,Purdue Fort Wayne Mastodons,Summit,0,1,0,1.15325,1.1307713017785959
7246,Purdue Fort Wayne Mastodons,South Dakota State Jackrabbits,Summit,1,0,0,1.27033,1.300459476626369
7247,Tulsa Golden Hurricane,Houston Cougars,American,0,1,0,1.0016,0.9904125118106103
7248,Houston Cougars,Tulsa Golden Hurricane,American,1,0,0,0.74356,0.7999364742447007
7249,Monmouth Hawks,Quinnipiac Bobcats,MAAC,0,1,0,0.7896,0.8203472797123516
7250,Quinnipiac Bobcats,Monmouth Hawks,MAAC,1,0,0,1.09139,1.0961079468807162
7251,William & Mary Tribe,Charleston Cougars,CAA,0,1,0,1.13705,1.128582850418079
7252,Charleston Cougars,William & Mary Tribe,CAA,1,0,0,1.2342,1.1656171149000183
7253,Georgia State Panthers,Georgia Southern Eagles,Sun Belt,0,1,0,0.82769,0.8924911110561177
7254,Georgia Southern Eagles,Georgia State Panthers,Sun Belt,1,0,0,0.90498,0.954701264019063
7255,UTSA Roadrunners,Florida International Panthers,CUSA,0,1,0,1.08385,1.0837866562816227
7256,Florida International Panthers,UTSA Roadrunners,CUSA,1,0,0,0.91912,0.831060562647347
7257,Milwaukee Panthers,Green Bay Phoenix,Horizon,0,0,1,0.99667,1.0770462819822832
7258,Green Bay Phoenix,Milwaukee Panthers,Horizon,0,0,1,1.20536,1.1648788822167997
7259,North Texas Mean Green,Western Kentucky Hilltoppers,CUSA,0,1,0,0.89329,0.9128496280047106
7260,Western Kentucky Hilltoppers,North Texas Mean Green,CUSA,1,0,0,1.00398,0.9891038742082331
7261,Southern Miss Golden Eagles,Middle Tennessee Blue Raiders,CUSA,0,1,0,0.89799,0.9366467790654589
7262,Middle Tennessee Blue Raiders,Southern Miss Golden Eagles,CUSA,1,0,0,1.10392,1.0046447524462703
7263,UTEP Miners,Florida Atlantic Owls,CUSA,0,1,0,1.05847,1.0180413714544998
7264,Florida Atlantic Owls,UTEP Miners,CUSA,1,0,0,0.92008,0.9587099840271861
7265,UT Rio Grande Valley Vaqueros,Kansas City Roos,WAC,0,1,0,0.70046,0.751794218834465
7266,Kansas City Roos,UT Rio Grande Valley Vaqueros,WAC,1,0,0,1.11698,1.1070194104815336
7267,New Mexico State Aggies,Chicago State Cougars,WAC,0,1,0,1.07791,1.1526079196719274
7268,Chicago State Cougars,New Mexico State Aggies,WAC,1,0,0,0.97636,1.112045745162022
7269,Western Illinois Leathernecks,South Dakota Coyotes,Summit,0,1,0,1.00034,0.9687242692342275
7270,South Dakota Coyotes,Western Illinois Leathernecks,Summit,1,0,0,1.23226,1.179962592294197
7271,Omaha Mavericks,North Dakota State Bison,Summit,0,1,0,0.96702,0.9886748976076292
7272,North Dakota State Bison,Omaha Mavericks,Summit,1,0,0,1.10011,1.0695654501574596
7273,Fairfield Stags,Rider Broncs,MAAC,0,1,0,0.83129,0.873675056164875
7274,Rider Broncs,Fairfield Stags,MAAC,1,0,0,0.87291,0.8524456388533709
7275,Southeast Missouri State Redhawks,Murray State Racers,OVC,0,1,0,1.08822,1.1115495795469517
7276,Murray State Racers,Southeast Missouri State Redhawks,OVC,1,0,0,1.20713,1.1665881461014405
7277,UT Martin Skyhawks,Austin Peay Governors,OVC,0,1,0,1.37252,1.3484853610588778
7278,Austin Peay Governors,UT Martin Skyhawks,OVC,1,0,0,1.09075,1.0311331066496119
7279,App State Mountaineers,Louisiana Ragin' Cajuns,Sun Belt,0,1,0,0.97656,1.0218766923312046
7280,Louisiana Ragin' Cajuns,App State Mountaineers,Sun Belt,1,0,0,1.20124,1.1411086168315245
7281,Troy Trojans,Arkansas State Red Wolves,Sun Belt,0,1,0,1.08507,1.0786106793592358
7282,Arkansas State Red Wolves,Troy Trojans,Sun Belt,1,0,0,0.94859,0.8942629039234655
7283,Northern Colorado Bears,Northern Arizona Lumberjacks,Big Sky,0,1,0,1.00353,1.0100877065562928
7284,Northern Arizona Lumberjacks,Northern Colorado Bears,Big Sky,1,0,0,1.10997,0.9293362318584141
7285,Belmont Bruins,Eastern Kentucky Colonels,OVC,0,1,0,1.13798,1.1802880566673333
7286,Eastern Kentucky Colonels,Belmont Bruins,OVC,1,0,0,1.36265,1.3139947690966873
7287,UL Monroe Warhawks,Little Rock Trojans,Sun Belt,0,1,0,1.25876,1.2205562634974072
7288,Little Rock Trojans,UL Monroe Warhawks,Sun Belt,1,0,0,0.99783,1.0334013711535246
7289,UCLA Bruins,Stanford Cardinal,Pac-12,0,1,0,1.07791,1.0518584227599117
7290,Stanford Cardinal,UCLA Bruins,Pac-12,1,0,0,1.07703,1.0386559077426825
7291,St. Francis (PA) Red Flash,Fairleigh Dickinson Knights,NEC,0,0,1,0.96395,0.9321687934560812
7292,Fairleigh Dickinson Knights,St. Francis (PA) Red Flash,NEC,0,0,1,0.88377,0.9382456167311841
7293,Louisiana Tech Bulldogs,UAB Blazers,CUSA,0,1,0,0.93228,0.9881873363407548
7294,UAB Blazers,Louisiana Tech Bulldogs,CUSA,1,0,0,1.23713,1.2715211119808592
7295,Portland Pilots,San Francisco Dons,WCC,0,1,0,1.2207,1.1911544256147102
7296,San Francisco Dons,Portland Pilots,WCC,1,0,0,0.97785,0.884585148505361
7297,Eastern Washington Eagles,Montana Grizzlies,Big Sky,0,1,0,1.26416,1.246425095759453
7298,Montana Grizzlies,Eastern Washington Eagles,Big Sky,1,0,0,1.16453,1.0816932816398486
7299,North Dakota Fighting Hawks,Southern Utah Thunderbirds,Big Sky,0,1,0,1.10157,1.0028886922271285
7300,Southern Utah Thunderbirds,North Dakota Fighting Hawks,Big Sky,1,0,0,1.07558,0.9759333310454485
7301,Idaho Vandals,Montana State Bobcats,Big Sky,0,1,0,1.28205,1.219325109748083
7302,Montana State Bobcats,Idaho Vandals,Big Sky,1,0,0,1.03641,0.9327278326626116
7303,Hawai'i Rainbow Warriors,Cal Poly Mustangs,Big West,0,1,0,1.06698,1.0866084628583774
7304,Cal Poly Mustangs,Hawai'i Rainbow Warriors,Big West,1,0,0,0.99613,0.9918995785827692
7305,UC Riverside Highlanders,Long Beach State Beach,Big West,0,1,0,1.01713,1.038897944983328
7306,Long Beach State Beach,UC Riverside Highlanders,Big West,1,0,0,1.11233,1.0760348167123923
7307,UC Davis Aggies,UC Irvine Anteaters,Big West,0,1,0,1.19897,1.2564297792074142
7308,UC Irvine Anteaters,UC Davis Aggies,Big West,1,0,0,0.92769,0.8577613495187787
7309,Cal State Northridge Matadors,Cal State Fullerton Titans,Big West,0,1,0,0.89974,0.840435839428901
7310,Cal State Fullerton Titans,Cal State Northridge Matadors,Big West,1,0,0,1.16077,1.0685900413941687
7311,Washington State Cougars,Oregon State Beavers,Pac-12,0,1,0,0.89737,0.95660641014984
7312,Oregon State Beavers,Washington State Cougars,Pac-12,1,0,0,0.95998,0.814895025583475
7313,Grand Canyon Lopes,Seattle U Redhawks,WAC,0,1,0,1.15352,1.2627665357000661
7314,Seattle U Redhawks,Grand Canyon Lopes,WAC,1,0,0,1.13999,1.1319340134177602
7315,Utah Valley Wolverines,Cal State Bakersfield Roadrunners,WAC,0,1,0,1.21247,1.3003804866908126
7316,Cal State Bakersfield Roadrunners,Utah Valley Wolverines,WAC,1,0,0,1.27378,1.2940463209506776
7317,San Diego Toreros,Loyola Marymount Lions,WCC,0,1,0,1.15446,1.028047369826242
7318,Loyola Marymount Lions,San Diego Toreros,WCC,1,0,0,1.30675,1.2829327675006208
7319,Gonzaga Bulldogs,Santa Clara Broncos,WCC,0,1,0,1.32182,1.2373308047248988
7320,Santa Clara Broncos,Gonzaga Bulldogs,WCC,1,0,0,1.09448,1.1247772494642303
7321,USC Trojans,California Golden Bears,Pac-12,0,1,0,0.99937,1.0103061481507345
7322,California Golden Bears,USC Trojans,Pac-12,1,0,0,0.99831,0.9342894649686366
7323,BYU Cougars,Pepperdine Waves,WCC,0,1,0,1.18809,1.205683214936665
7324,Pepperdine Waves,BYU Cougars,WCC,1,0,0,1.2505,1.1765000913472823
7325,Dartmouth Big Green,Yale Bulldogs,Ivy,0,1,0,1.07962,1.1580456998872086
7326,Yale Bulldogs,Dartmouth Big Green,Ivy,1,0,0,1.33759,1.3152083005364723
7327,Princeton Tigers,Columbia Lions,Ivy,0,1,0,1.34105,1.3185416162603092
7328,Columbia Lions,Princeton Tigers,Ivy,1,0,0,1.12124,1.0528287956873472
7329,Harvard Crimson,Brown Bears,Ivy,0,1,0,1.16903,1.1346546642412598
7330,Brown Bears,Harvard Crimson,Ivy,1,0,0,1.14164,1.1946524084448789
7331,Dayton Flyers,George Washington Revolutionaries,A-10,0,1,0,1.02375,1.0800389839337512
7332,George Washington Revolutionaries,Dayton Flyers,A-10,1,0,0,1.04167,1.0735803854574733
7333,Longwood Lancers,UNC Asheville Bulldogs,Big South,0,1,0,0.89413,0.8770639435625456
7334,UNC Asheville Bulldogs,Longwood Lancers,Big South,1,0,0,1.12058,1.0081389816797353
7335,Liberty Flames,Presbyterian Blue Hose,Big South,0,1,0,1.02752,0.9121034196288249
7336,Presbyterian Blue Hose,Liberty Flames,Big South,1,0,0,1.17366,1.0963323406950987
7337,Charleston Southern Buccaneers,Radford Highlanders,Big South,0,1,0,1.29716,1.2825818573169594
7338,Radford Highlanders,Charleston Southern Buccaneers,Big South,1,0,0,1.18828,1.0978145399217933
7339,Campbell Fighting Camels,Gardner-Webb Runnin' Bulldogs,Big South,0,1,0,0.94406,0.8742999230106583
7340,Gardner-Webb Runnin' Bulldogs,Campbell Fighting Camels,Big South,1,0,0,1.06501,0.9820070869341142
7341,Jacksonville Dolphins,North Florida Ospreys,ASUN,1,0,0,0.98792,0.9694465067030328
7342,North Florida Ospreys,Jacksonville Dolphins,ASUN,1,0,0,1.53774,1.4004139613993927
7343,Canisius Golden Griffins,Manhattan Jaspers,MAAC,0,1,0,0.92575,0.9699591345954824
7344,Manhattan Jaspers,Canisius Golden Griffins,MAAC,1,0,0,1.08856,1.1218985267291737
7345,Siena Saints,Iona Gaels,MAAC,0,1,0,1.28812,1.2728825861712405
7346,Iona Gaels,Siena Saints,MAAC,1,0,0,1.34458,1.2304962293823356
7347,Niagara Purple Eagles,Marist Red Foxes,MAAC,0,1,0,0.98554,0.972619683743721
7348,Marist Red Foxes,Niagara Purple Eagles,MAAC,1,0,0,1.05574,0.9463601161523011
7349,Pennsylvania Quakers,Cornell Big Red,Ivy,0,1,0,1.19057,1.1996319335436132
7350,Cornell Big Red,Pennsylvania Quakers,Ivy,1,0,0,1.12727,1.055308590077599
7351,High Point Panthers,Coastal Carolina Chanticleers,Big South,0,1,0,1.02459,1.048454975510948
7352,Coastal Carolina Chanticleers,High Point Panthers,Big South,1,0,0,1.13528,1.0911304599114404
7353,Kentucky Wildcats,Florida Gators,SEC,0,1,0,1.16733,1.2374158983576093
7354,Florida Gators,Kentucky Wildcats,SEC,1,0,0,1.05621,1.209483107360047
7355,Louisville Cardinals,Virginia Cavaliers,ACC,0,1,0,0.87865,0.993667664088013
7356,Virginia Cavaliers,Louisville Cardinals,ACC,1,0,0,1.00907,1.062755069549806
7357,Notre Dame Fighting Irish,Duke Blue Devils,ACC,0,1,0,1.00032,1.040468430319219
7358,Duke Blue Devils,Notre Dame Fighting Irish,ACC,1,0,0,1.57722,1.5043398996196178
7359,Northwestern Wildcats,Wisconsin Badgers,Big Ten,0,1,0,0.97754,1.0152388093443496
7360,Wisconsin Badgers,Northwestern Wildcats,Big Ten,1,0,0,1.26605,1.1533965709326148
7361,Arizona Wildcats,Arizona State Sun Devils,Pac-12,0,1,0,1.14179,1.140341450558416
7362,Arizona State Sun Devils,Arizona Wildcats,Pac-12,1,0,0,1.21718,1.3021894213507645
7363,Georgetown Hoyas,Villanova Wildcats,Big East,0,0,1,0.82796,0.8961204410893014
7364,Villanova Wildcats,Georgetown Hoyas,Big East,0,0,1,1.08115,1.0828554850956527
7365,Kansas Jayhawks,Oklahoma State Cowboys,Big 12,0,1,0,0.97323,0.9788941676189407
7366,Oklahoma State Cowboys,Kansas Jayhawks,Big 12,1,0,0,1.0665,1.07989826130129
7367,Texas Tech Red Raiders,Iowa State Cyclones,Big 12,0,1,0,0.62751,0.6220287151367104
7368,Iowa State Cyclones,Texas Tech Red Raiders,Big 12,1,0,0,1.27074,1.2004489347901746
7369,North Carolina Tar Heels,Boston College Eagles,ACC,0,1,0,1.26837,1.1981136888895416
7370,Boston College Eagles,North Carolina Tar Heels,ACC,1,0,0,1.03618,1.0128541772710642
7371,Utah Utes,Colorado Buffaloes,Pac-12,0,1,0,1.33417,1.3279380048924536
7372,Colorado Buffaloes,Utah Utes,Pac-12,1,0,0,0.83216,0.8842553902181601
7373,Drake Bulldogs,Northern Iowa Panthers,MVC,0,1,0,1.17265,1.2289314736146484
7374,Northern Iowa Panthers,Drake Bulldogs,MVC,1,0,0,1.5024,1.3420414443761755
7375,Baylor Bears,West Virginia Mountaineers,Big 12,0,1,0,1.21808,1.242695348499778
7376,West Virginia Mountaineers,Baylor Bears,Big 12,1,0,0,0.95833,0.9627238369726416
7377,Missouri State Bears,Wichita State Shockers,MVC,0,1,0,0.56228,0.6529399321242167
7378,Wichita State Shockers,Missouri State Bears,MVC,1,0,0,1.26165,1.1763461262235702
7379,VCU Rams,St. Bonaventure Bonnies,A-10,0,1,0,1.15272,1.1646114781577688
7380,St. Bonaventure Bonnies,VCU Rams,A-10,1,0,0,1.17493,1.203456821411293
7381,Oklahoma Sooners,TCU Horned Frogs,Big 12,0,1,0,1.04845,1.0475984578785453
7382,TCU Horned Frogs,Oklahoma Sooners,Big 12,1,0,0,0.81837,0.8553210200377257
7383,DePaul Blue Demons,Butler Bulldogs,Big East,0,1,0,1.08445,1.1573315109687698
7384,Butler Bulldogs,DePaul Blue Demons,Big East,1,0,0,1.30602,1.1781492482577463
7385,SMU Mustangs,Tulsa Golden Hurricane,American,0,1,0,1.11795,1.207504624639308
7386,Tulsa Golden Hurricane,SMU Mustangs,American,1,0,0,0.94366,0.9955263688840024
7387,Texas Longhorns,Kansas State Wildcats,Big 12,0,1,0,1.14862,1.1359114733100677
7388,Kansas State Wildcats,Texas Longhorns,Big 12,1,0,0,1.07955,1.0634468534682462
7389,Delaware Blue Hens,Northeastern Huskies,CAA,0,1,0,1.11433,1.151931185521285
7390,Northeastern Huskies,Delaware Blue Hens,CAA,1,0,0,1.03195,0.9297990227653936
7391,Tennessee Volunteers,Georgia Bulldogs,SEC,0,1,0,0.96182,0.9986479819723957
7392,Georgia Bulldogs,Tennessee Volunteers,SEC,1,0,0,0.99342,0.9203494887685124
7393,Illinois Fighting Illini,Michigan State Spartans,Big Ten,0,1,0,1.02362,1.069670945067516
7394,Michigan State Spartans,Illinois Fighting Illini,Big Ten,1,0,0,0.93875,0.9170598955716092
7395,Marquette Golden Eagles,Seton Hall Pirates,Big East,0,0,1,0.9324,0.8913805448346735
7396,Seton Hall Pirates,Marquette Golden Eagles,Big East,0,0,1,0.86806,0.8545314681897305
7397,Creighton Bluejays,St. John's Red Storm,Big East,0,0,1,1.12044,1.1196472025084296
7398,St. John's Red Storm,Creighton Bluejays,Big East,0,0,1,1.41769,1.3307326064562806
7399,Wake Forest Demon Deacons,Georgia Tech Yellow Jackets,ACC,0,1,0,0.89746,0.8952001300351058
7400,Georgia Tech Yellow Jackets,Wake Forest Demon Deacons,ACC,1,0,0,1.12688,1.0419261263431276
7401,UMBC Retrievers,New Hampshire Wildcats,AM. EAST,0,1,0,0.78655,0.871070407019958
7402,New Hampshire Wildcats,UMBC Retrievers,AM. EAST,1,0,0,1.37787,1.3230928776094102
7403,Binghamton Bearcats,Maine Black Bears,AM. EAST,0,0,1,1.0469,0.9993798491109136
7404,Maine Black Bears,Binghamton Bearcats,AM. EAST,0,0,1,1.15396,1.1636503235689846
7405,Wofford Terriers,VMI Keydets,Southern,0,1,0,0.98413,0.8915091839746333
7406,VMI Keydets,Wofford Terriers,Southern,1,0,0,0.94255,0.9422590864451024
7407,UNC Greensboro Spartans,The Citadel Bulldogs,Southern,0,1,0,1.391,1.1653725109228121
7408,The Citadel Bulldogs,UNC Greensboro Spartans,Southern,1,0,0,1.12758,1.0153863250280604
7409,Providence Friars,Xavier Musketeers,Big East,0,1,0,1.08704,1.0722404232882248
7410,Xavier Musketeers,Providence Friars,Big East,1,0,0,1.23031,1.2089904378307195
7411,South Dakota State Jackrabbits,IU Indianapolis Jaguars,Summit,0,1,0,1.00962,1.0391274169744749
7412,IU Indianapolis Jaguars,South Dakota State Jackrabbits,Summit,1,0,0,0.90636,0.936489476626369
7413,Temple Owls,Memphis Tigers,American,0,1,0,0.97636,1.0631504627209265
7414,Memphis Tigers,Temple Owls,American,1,0,0,0.93395,0.9932998936238727
7415,James Madison Dukes,Towson Tigers,CAA,0,1,0,1.09594,1.0500453925550666
7416,Towson Tigers,James Madison Dukes,CAA,1,0,0,1.12106,1.05852511396577
7417,Wright State Raiders,Cleveland State Vikings,Horizon,0,1,0,1.2287,1.232063497082013
7418,Cleveland State Vikings,Wright State Raiders,Horizon,1,0,0,1.50867,1.4547077454200557
7419,UT Arlington Mavericks,Louisiana Ragin' Cajuns,Sun Belt,0,1,0,1.17925,1.2245666923312046
7420,Louisiana Ragin' Cajuns,UT Arlington Mavericks,Sun Belt,1,0,0,0.97709,0.9612002654356844
7421,Wyoming Cowboys,Air Force Falcons,Mountain West,0,0,1,0.9294,0.8808800794128463
7422,Air Force Falcons,Wyoming Cowboys,Mountain West,0,0,1,1.36963,1.4213067396646906
7423,Toledo Rockets,Ball State Cardinals,MAC,0,1,0,1.14399,1.0754848161476038
7424,Ball State Cardinals,Toledo Rockets,MAC,1,0,0,0.91876,0.854343292551805
7425,Western Michigan Broncos,Central Michigan Chippewas,MAC,0,0,1,1.0586,1.0247882775098203
7426,Central Michigan Chippewas,Western Michigan Broncos,MAC,0,0,1,1.16929,1.1182024505456667
7427,Eastern Michigan Eagles,Ohio Bobcats,MAC,0,1,0,1.14245,1.0728388728724685
7428,Ohio Bobcats,Eastern Michigan Eagles,MAC,1,0,0,1.16422,1.156556224940405
7429,Army Black Knights,Navy Midshipmen,Patriot,0,1,0,0.90274,0.89484998867298
7430,Navy Midshipmen,Army Black Knights,Patriot,1,0,0,1.11275,1.0655963852073276
7431,American University Eagles,Colgate Raiders,Patriot,0,1,0,0.88312,0.8476037792035821
7432,Colgate Raiders,American University Eagles,Patriot,1,0,0,1.20318,1.203102692038683
7433,Illinois State Redbirds,Southern Illinois Salukis,MVC,0,1,0,0.9403,0.9168020989199621
7434,Southern Illinois Salukis,Illinois State Redbirds,MVC,1,0,0,1.03656,1.0805218892662078
7435,Fairfield Stags,Saint Peter's Peacocks,MAAC,0,1,0,1.04527,1.0837683170045505
7436,Saint Peter's Peacocks,Fairfield Stags,MAAC,1,0,0,1.27891,1.2584456388533707
7437,Bradley Braves,Evansville Purple Aces,MVC,0,1,0,0.93483,0.9493701731054867
7438,Evansville Purple Aces,Bradley Braves,MVC,1,0,0,0.88192,0.8507944715566731
7439,Purdue Boilermakers,Minnesota Golden Gophers,Big Ten,0,1,0,0.89906,0.8605018632156981
7440,Minnesota Golden Gophers,Purdue Boilermakers,Big Ten,1,0,0,1.01228,0.9756629157700556
7441,Southern Miss Golden Eagles,UAB Blazers,CUSA,0,1,0,1.06548,1.121387336340755
7442,UAB Blazers,Southern Miss Golden Eagles,CUSA,1,0,0,1.26008,1.1608047524462703
7443,UT Rio Grande Valley Vaqueros,Chicago State Cougars,WAC,0,1,0,1.14659,1.2212879196719275
7444,Chicago State Cougars,UT Rio Grande Valley Vaqueros,WAC,1,0,0,1.28479,1.2748294104815336
7445,South Carolina Upstate Spartans,Kennesaw State Owls,ASUN,0,1,0,1.34573,1.2829490910854273
7446,Kennesaw State Owls,South Carolina Upstate Spartans,ASUN,1,0,0,0.81546,0.7987065187062441
7447,Florida State Seminoles,Virginia Tech Hokies,ACC,0,1,0,1.14797,1.0444582956696706
7448,Virginia Tech Hokies,Florida State Seminoles,ACC,1,0,0,1.03975,0.9634434443465559
7449,South Dakota Coyotes,North Dakota State Bison,Summit,0,1,0,0.85651,0.8781648976076292
7450,North Dakota State Bison,South Dakota Coyotes,Summit,1,0,0,1.28311,1.2183161188396203
7451,New Orleans Privateers,Central Arkansas Bears,Southland,0,1,0,0.90077,0.7901284657172509
7452,Central Arkansas Bears,New Orleans Privateers,Southland,1,0,0,0.99287,0.9254272961872186
7453,Troy Trojans,App State Mountaineers,Sun Belt,0,1,0,0.98151,0.9545567672261315
7454,App State Mountaineers,Troy Trojans,Sun Belt,1,0,0,1.04488,0.9905529039234655
7455,Mount St. Mary's Mountaineers,Central Connecticut Blue Devils,NEC,0,1,0,1.2207,1.160767674639192
7456,Central Connecticut Blue Devils,Mount St. Mary's Mountaineers,NEC,1,0,0,0.84479,0.8601136834115508
7457,Bryant Bulldogs,Sacred Heart Pioneers,NEC,0,1,0,1.01725,1.013671045333346
7458,Sacred Heart Pioneers,Bryant Bulldogs,NEC,1,0,0,1.13814,1.0619225280632159
7459,Florida Gulf Coast Eagles,Stetson Hatters,ASUN,0,1,0,1.00449,0.9181456944798531
7460,Stetson Hatters,Florida Gulf Coast Eagles,ASUN,1,0,0,0.8138,0.84289401227862
7461,George Mason Patriots,Saint Joseph's Hawks,A-10,0,1,0,0.88277,0.9099300175513794
7462,Saint Joseph's Hawks,George Mason Patriots,A-10,1,0,0,0.96451,0.8919112684634026
7463,Saint Louis Billikens,Fordham Rams,A-10,0,1,0,0.96671,0.9309665824625248
7464,Fordham Rams,Saint Louis Billikens,A-10,1,0,0,1.32686,1.2334776262715372
7465,Savannah State Tigers,Morgan State Bears,MEAC,0,1,0,0.87009,0.8764901556941339
7466,Morgan State Bears,Savannah State Tigers,MEAC,1,0,0,1.06325,1.0867897551732697
7467,South Carolina Gamecocks,Vanderbilt Commodores,SEC,0,1,0,0.91825,0.8854818269735913
7468,Vanderbilt Commodores,South Carolina Gamecocks,SEC,1,0,0,1.23646,1.2483214439152313
7469,Mississippi State Bulldogs,Arkansas Razorbacks,SEC,0,1,0,0.62076,0.6039817493844821
7470,Arkansas Razorbacks,Mississippi State Bulldogs,SEC,1,0,0,0.90982,0.860941572050644
7471,St. Francis Brooklyn Terriers,Wagner Seahawks,NEC,0,1,0,1.04547,1.0273868606036904
7472,Wagner Seahawks,St. Francis Brooklyn Terriers,NEC,1,0,0,0.79291,0.7936052478512112
7473,Nebraska Cornhuskers,Penn State Nittany Lions,Big Ten,0,0,1,0.71552,0.720920191731582
7474,Penn State Nittany Lions,Nebraska Cornhuskers,Big Ten,0,0,1,0.96964,0.9827317188505877
7475,UNLV Rebels,Colorado State Rams,Mountain West,0,1,0,1.19497,1.2425057687474392
7476,Colorado State Rams,UNLV Rebels,Mountain West,1,0,0,1.23866,1.2547859179585314
7477,Mercer Bears,Furman Paladins,Southern,0,1,0,1.29945,1.1705255264124375
7478,Furman Paladins,Mercer Bears,Southern,1,0,0,1.2179,1.1283594411888673
7479,Samford Bulldogs,East Tennessee State Buccaneers,Southern,0,1,0,1.13363,1.069536007624488
7480,East Tennessee State Buccaneers,Samford Bulldogs,Southern,1,0,0,1.04474,0.9042180486231228
7481,Syracuse Orange,Pittsburgh Panthers,ACC,0,1,0,1.19358,1.0945094111637785
7482,Pittsburgh Panthers,Syracuse Orange,ACC,1,0,0,1.30365,1.3127027386405512
7483,BYU Cougars,Loyola Marymount Lions,WCC,0,1,0,1.38064,1.254227369826242
7484,Loyola Marymount Lions,BYU Cougars,WCC,1,0,0,1.08374,1.0097400913472823
7485,Indiana State Sycamores,Loyola Chicago Ramblers,MVC,0,1,0,1.32302,1.3430780254715375
7486,Loyola Chicago Ramblers,Indiana State Sycamores,MVC,1,0,0,1.09348,1.0565257539831512
7487,North Dakota Fighting Hawks,Northern Arizona Lumberjacks,Big Sky,0,1,0,0.92326,0.9298177065562927
7488,Northern Arizona Lumberjacks,North Dakota Fighting Hawks,Big Sky,1,0,0,1.27955,1.1799033310454485
7489,South Carolina State Bulldogs,Coppin State Eagles,MEAC,0,1,0,1.13425,1.0961694197392517
7490,Coppin State Eagles,South Carolina State Bulldogs,MEAC,1,0,0,1.22343,1.2183849793093544
7491,Bethune-Cookman Wildcats,Delaware State Hornets,MEAC,0,1,0,1.17446,1.1932280007694966
7492,Delaware State Hornets,Bethune-Cookman Wildcats,MEAC,1,0,0,1.13365,1.1281540531580823
7493,McNeese Cowboys,Nicholls Colonels,Southland,0,1,0,0.90221,0.88155543169855
7494,Nicholls Colonels,McNeese Cowboys,Southland,1,0,0,1.05615,0.9663891977090063
7495,Robert Morris Colonials,Fairleigh Dickinson Knights,NEC,0,0,1,1.28768,1.2558987934560812
7496,Fairleigh Dickinson Knights,Robert Morris Colonials,NEC,0,0,1,1.06153,1.0787175311066728
7497,Chattanooga Mocs,Western Carolina Catamounts,Southern,0,1,0,1.0742,0.9924746722757277
7498,Western Carolina Catamounts,Chattanooga Mocs,Southern,1,0,0,1.12755,1.0628727361008066
7499,Eastern Washington Eagles,Montana State Bobcats,Big Sky,0,1,0,0.91086,0.848135109748083
7500,Montana State Bobcats,Eastern Washington Eagles,Big Sky,1,0,0,0.74866,0.6658232816398486
7501,St. Francis (PA) Red Flash,Long Island University Sharks,NEC,0,0,1,1.02526,1.0417127800693886
7502,Long Island University Sharks,St. Francis (PA) Red Flash,NEC,0,0,1,1.11462,1.1690956167311841
7503,Drexel Dragons,Charleston Cougars,CAA,0,1,0,1.13896,1.1304928504180791
7504,Charleston Cougars,Drexel Dragons,CAA,1,0,0,0.86934,0.8135331708633897
7505,UCF Knights,East Carolina Pirates,American,0,1,0,0.88985,0.8481171902668179
7506,East Carolina Pirates,UCF Knights,American,1,0,0,1.19261,1.0808520542737126
7507,Portland State Vikings,Sacramento State Hornets,Big Sky,0,1,0,0.98085,0.8985034378489998
7508,Sacramento State Hornets,Portland State Vikings,Big Sky,1,0,0,1.06496,0.9849798159840832
7509,SE Louisiana Lions,Abilene Christian Wildcats,Southland,0,1,0,1.10707,1.0219822497411737
7510,Abilene Christian Wildcats,SE Louisiana Lions,Southland,1,0,0,0.89149,0.8700647546458786
7511,Georgia State Panthers,South Alabama Jaguars,Sun Belt,0,1,0,1.07405,1.0325229200753547
7512,South Alabama Jaguars,Georgia State Panthers,Sun Belt,1,0,0,0.89286,0.942581264019063
7513,Texas A&M-Corpus Christi Islanders,Sam Houston Bearkats,Southland,0,1,0,0.98554,1.1013684305169829
7514,Sam Houston Bearkats,Texas A&M-Corpus Christi Islanders,Southland,1,0,0,1.0946,1.053520066297207
7515,UTEP Miners,Florida International Panthers,CUSA,0,1,0,1.12422,1.1241566562816228
7516,Florida International Panthers,UTEP Miners,CUSA,1,0,0,1.06906,1.1076899840271859
7517,Howard Bison,Norfolk State Spartans,MEAC,0,1,0,0.96814,1.0201175594166978
7518,Norfolk State Spartans,Howard Bison,MEAC,1,0,0,1.10554,1.1810817168759749
7519,Maryland Eastern Shore Hawks,Hampton Pirates,MEAC,0,1,0,0.97397,1.0575986700917084
7520,Hampton Pirates,Maryland Eastern Shore Hawks,MEAC,1,0,0,1.02564,1.0258537680498834
7521,Texas A&M Aggies,Missouri Tigers,SEC,0,1,0,1.42671,1.3305008381970915
7522,Missouri Tigers,Texas A&M Aggies,SEC,1,0,0,1.05271,1.0275528054126348
7523,Alabama Crimson Tide,LSU Tigers,SEC,0,1,0,0.9711,1.0022161583498737
7524,LSU Tigers,Alabama Crimson Tide,SEC,1,0,0,1.17918,1.136282129693252
7525,Nevada Wolf Pack,San José State Spartans,Mountain West,0,1,0,0.92292,0.8415456747173734
7526,San José State Spartans,Nevada Wolf Pack,Mountain West,1,0,0,0.88041,0.8345673735635263
7527,Utah State Aggies,New Mexico Lobos,Mountain West,0,1,0,1.1048,1.1590245612857244
7528,New Mexico Lobos,Utah State Aggies,Mountain West,1,0,0,1.08733,1.0527918946724177
7529,Princeton Tigers,Cornell Big Red,Ivy,0,1,0,0.9784,0.9874619335436133
7530,Cornell Big Red,Princeton Tigers,Ivy,1,0,0,1.05974,0.9913287956873472
7531,Dartmouth Big Green,Brown Bears,Ivy,0,1,0,0.95075,0.9163746642412599
7532,Brown Bears,Dartmouth Big Green,Ivy,1,0,0,1.03487,1.0124883005364722
7533,Omaha Mavericks,Denver Pioneers,Summit,0,1,0,1.20518,1.1924933989445574
7534,Denver Pioneers,Omaha Mavericks,Summit,1,0,0,1.39142,1.3608754501574598
7535,UConn Huskies,Tulane Green Wave,American,0,1,0,1.01931,1.0243751357457753
7536,Tulane Green Wave,UConn Huskies,American,1,0,0,0.85621,0.8893358019931819
7537,Arkansas-Pine Bluff Golden Lions,Alabama State Hornets,SWAC,0,1,0,0.96127,1.0380462090144573
7538,Alabama State Hornets,Arkansas-Pine Bluff Golden Lions,SWAC,1,0,0,1.15145,1.1544074915635818
7539,Texas State Bobcats,Little Rock Trojans,Sun Belt,0,1,0,1.04372,1.005516263497407
7540,Little Rock Trojans,Texas State Bobcats,Sun Belt,1,0,0,1.21328,1.2686622466408517
7541,North Carolina Central Eagles,North Carolina A&T Aggies,MEAC,0,1,0,1.11552,1.1152751237408485
7542,North Carolina A&T Aggies,North Carolina Central Eagles,MEAC,1,0,0,0.87736,0.9610380432105448
7543,Ole Miss Rebels,Auburn Tigers,SEC,0,1,0,1.3036,1.2462403984755215
7544,Auburn Tigers,Ole Miss Rebels,SEC,1,0,0,1.19332,1.1501814829033363
7545,Jackson State Tigers,Alcorn State Braves,SWAC,0,0,1,1.02501,0.9875377250435422
7546,Alcorn State Braves,Jackson State Tigers,SWAC,0,0,1,0.9879,1.0804192056908068
7547,Grambling Tigers,Southern Jaguars,SWAC,0,1,0,0.77551,0.8801911765476669
7548,Southern Jaguars,Grambling Tigers,SWAC,1,0,0,0.92607,0.8389118828765937
7549,Elon Phoenix,Hofstra Pride,CAA,0,1,0,0.96971,0.9472455934445668
7550,Hofstra Pride,Elon Phoenix,CAA,1,0,0,1.13163,1.0930093760587591
7551,Vermont Catamounts,Stony Brook Seawolves,AM. EAST,0,1,0,0.94546,1.0405053279792464
7552,Stony Brook Seawolves,Vermont Catamounts,AM. EAST,1,0,0,0.80697,0.8952612384492431
7553,Eastern Illinois Panthers,Southeast Missouri State Redhawks,OVC,0,1,0,0.98155,0.9741862964960477
7554,Southeast Missouri State Redhawks,Eastern Illinois Panthers,OVC,1,0,0,1.02479,0.9844311963350647
7555,Tennessee State Tigers,Eastern Kentucky Colonels,OVC,0,1,0,1.15527,1.1975780566673333
7556,Eastern Kentucky Colonels,Tennessee State Tigers,OVC,1,0,0,1.18162,1.1209589110444789
7557,UC Irvine Anteaters,Long Beach State Beach,Big West,0,1,0,0.99342,1.0151879449833279
7558,Long Beach State Beach,UC Irvine Anteaters,Big West,1,0,0,0.98507,1.009351628812807
7559,North Texas Mean Green,Marshall Thundering Herd,CUSA,0,1,0,1.10205,1.0962838251930853
7560,Marshall Thundering Herd,North Texas Mean Green,CUSA,1,0,0,1.21975,1.204873874208233
7561,UTSA Roadrunners,Florida Atlantic Owls,CUSA,0,1,0,1.17937,1.1389413714544998
7562,Florida Atlantic Owls,UTSA Roadrunners,CUSA,1,0,0,0.90009,0.8120305626473469
7563,Charlotte 49ers,Old Dominion Monarchs,CUSA,0,1,0,0.98892,1.0800594691583294
7564,Old Dominion Monarchs,Charlotte 49ers,CUSA,1,0,0,1.06257,1.004329352009658
7565,Harvard Crimson,Yale Bulldogs,Ivy,0,1,0,0.90038,0.9788056998872087
7566,Yale Bulldogs,Harvard Crimson,Ivy,1,0,0,0.85776,0.9107724084448791
7567,Pennsylvania Quakers,Columbia Lions,Ivy,0,1,0,0.99749,0.9749816162603092
7568,Columbia Lions,Pennsylvania Quakers,Ivy,1,0,0,1.49272,1.420758590077599
7569,Duquesne Dukes,Davidson Wildcats,A-10,0,1,0,1.0508,1.0261790117847511
7570,Davidson Wildcats,Duquesne Dukes,A-10,1,0,0,1.49303,1.3413679783553782
7571,New Mexico State Aggies,Kansas City Roos,WAC,0,1,0,1.32008,1.3714142188344647
7572,Kansas City Roos,New Mexico State Aggies,WAC,1,0,0,1.01776,1.153445745162022
7573,Lipscomb Bisons,Northern Kentucky Norse,ASUN,0,1,0,1.01395,0.9570743215536293
7574,Northern Kentucky Norse,Lipscomb Bisons,ASUN,1,0,0,1.2772,1.2015894063024397
7575,Buffalo Bulls,Akron Zips,MAC,0,1,0,1.13362,1.156975900428318
7576,Akron Zips,Buffalo Bulls,MAC,1,0,0,1.23148,1.2115277646292582
7577,Miami (OH) RedHawks,Kent State Golden Flashes,MAC,0,1,0,1.09572,1.0835076383489628
7578,Kent State Golden Flashes,Miami (OH) RedHawks,MAC,1,0,0,1.12027,1.023714018413399
7579,Oral Roberts Golden Eagles,Purdue Fort Wayne Mastodons,Summit,0,1,0,1.14816,1.1256813017785958
7580,Purdue Fort Wayne Mastodons,Oral Roberts Golden Eagles,Summit,1,0,0,1.18948,1.129231445100944
7581,Mississippi Valley State Delta Devils,Alabama A&M Bulldogs,SWAC,0,1,0,0.95669,0.9458915761380929
7582,Alabama A&M Bulldogs,Mississippi Valley State Delta Devils,SWAC,1,0,0,1.09618,1.0177776398700868
7583,Houston Christian Huskies,Stephen F. Austin Lumberjacks,Southland,0,1,0,0.81122,0.8826835011730845
7584,Stephen F. Austin Lumberjacks,Houston Christian Huskies,Southland,1,0,0,1.26935,1.1558965385043423
7585,UMass Lowell River Hawks,UAlbany Great Danes,AM. EAST,0,1,0,0.92781,0.973280675309953
7586,UAlbany Great Danes,UMass Lowell River Hawks,AM. EAST,1,0,0,1.12516,1.1160926825474122
7587,Belmont Bruins,Morehead State Eagles,OVC,0,1,0,1.23511,1.2746588193353792
7588,Morehead State Eagles,Belmont Bruins,OVC,1,0,0,1.22806,1.1794047690966873
7589,SIU Edwardsville Cougars,UT Martin Skyhawks,OVC,0,1,0,0.96815,0.941711257044219
7590,UT Martin Skyhawks,SIU Edwardsville Cougars,OVC,1,0,0,1.05955,1.0211412915615752
7591,UL Monroe Warhawks,Georgia Southern Eagles,Sun Belt,0,1,0,1.17693,1.2417311110561176
7592,Georgia Southern Eagles,UL Monroe Warhawks,Sun Belt,1,0,0,1.10608,1.1416513711535246
7593,Lehigh Mountain Hawks,Loyola Maryland Greyhounds,Patriot,0,1,0,1.18449,1.1831024553852199
7594,Loyola Maryland Greyhounds,Lehigh Mountain Hawks,Patriot,1,0,0,1.05779,1.060544260764421
7595,William & Mary Tribe,UNC Wilmington Seahawks,CAA,0,1,0,0.89523,0.9175241753624971
7596,UNC Wilmington Seahawks,William & Mary Tribe,CAA,1,0,0,0.87744,0.8088571149000183
7597,Murray State Racers,Austin Peay Governors,OVC,0,1,0,1.12627,1.102235361058878
7598,Austin Peay Governors,Murray State Racers,OVC,1,0,0,0.98425,0.9744014291523446
7599,UCLA Bruins,California Golden Bears,Pac-12,0,1,0,1.02448,1.0354161481507347
7600,California Golden Bears,UCLA Bruins,Pac-12,1,0,0,1.04822,1.0098459077426825
7601,Rice Owls,Western Kentucky Hilltoppers,CUSA,0,1,0,1.16315,1.1827096280047105
7602,Western Kentucky Hilltoppers,Rice Owls,CUSA,1,0,0,1.11795,1.0867664115596576
7603,Louisiana Tech Bulldogs,Middle Tennessee Blue Raiders,CUSA,0,1,0,1.10397,1.1426267790654587
7604,Middle Tennessee Blue Raiders,Louisiana Tech Bulldogs,CUSA,1,0,0,0.94753,0.9819211119808591
7605,San Diego Toreros,Pepperdine Waves,WCC,0,1,0,1.17555,1.193143214936665
7606,Pepperdine Waves,San Diego Toreros,WCC,1,0,0,0.80128,0.7774627675006206
7607,Portland Pilots,Santa Clara Broncos,WCC,0,1,0,1.31094,1.2264508047248988
7608,Santa Clara Broncos,Portland Pilots,WCC,1,0,0,0.96716,0.873895148505361
7609,South Florida Bulls,Cincinnati Bearcats,American,0,1,0,1.04455,1.1733903702055644
7610,Cincinnati Bearcats,South Florida Bulls,American,1,0,0,1.06951,1.0084925493675634
7611,Prairie View A&M Panthers,Texas Southern Tigers,SWAC,0,1,0,0.89215,0.9269168150672639
7612,Texas Southern Tigers,Prairie View A&M Panthers,SWAC,1,0,0,0.83564,0.8900649102194776
7613,Jacksonville State Gamecocks,Tennessee Tech Golden Eagles,OVC,0,1,0,0.93175,0.872852843408802
7614,Tennessee Tech Golden Eagles,Jacksonville State Gamecocks,OVC,1,0,0,1.12748,1.0385572926344881
7615,Lamar Cardinals,Incarnate Word Cardinals,Southland,0,1,0,1.12208,1.066487440316875
7616,Incarnate Word Cardinals,Lamar Cardinals,Southland,1,0,0,1.23706,1.1739657067208524
7617,Bowling Green Falcons,Northern Illinois Huskies,MAC,0,1,0,1.13439,1.1060992393794264
7618,Northern Illinois Huskies,Bowling Green Falcons,MAC,1,0,0,1.08786,1.0720022808887784
7619,UC Riverside Highlanders,Cal State Fullerton Titans,Big West,0,1,0,0.98716,0.927855839428901
7620,Cal State Fullerton Titans,UC Riverside Highlanders,Big West,1,0,0,0.93461,0.8983148167123922
7621,Northern Colorado Bears,Southern Utah Thunderbirds,Big Sky,0,1,0,1.16048,1.0617986922271285
7622,Southern Utah Thunderbirds,Northern Colorado Bears,Big Sky,1,0,0,1.09018,0.9095462318584141
7623,Idaho Vandals,Montana Grizzlies,Big Sky,0,1,0,0.95441,0.936675095759453
7624,Montana Grizzlies,Idaho Vandals,Big Sky,1,0,0,1.20166,1.0979778326626115
7625,Weber State Wildcats,Idaho State Bengals,Big Sky,0,1,0,1.13154,1.082572002899891
7626,Idaho State Bengals,Weber State Wildcats,Big Sky,1,0,0,1.05642,0.9856356039746753
7627,Hawai'i Rainbow Warriors,UC Santa Barbara Gauchos,Big West,0,1,0,1.12235,1.1352886903295623
7628,UC Santa Barbara Gauchos,Hawai'i Rainbow Warriors,Big West,1,0,0,1.15365,1.1494195785827694
7629,Utah Valley Wolverines,Seattle U Redhawks,WAC,0,1,0,0.61692,0.7261665357000663
7630,Seattle U Redhawks,Utah Valley Wolverines,WAC,1,0,0,1.00088,1.021146320950678
7631,Pacific Tigers,Saint Mary's Gaels,WCC,0,1,0,1.07198,1.0540639906613558
7632,Saint Mary's Gaels,Pacific Tigers,WCC,1,0,0,1.3003,1.1429037171751193
7633,UC Davis Aggies,Cal State Northridge Matadors,Big West,0,1,0,1.23748,1.1784781917887757
7634,Cal State Northridge Matadors,UC Davis Aggies,Big West,1,0,0,0.99258,0.9226513495187787
7635,Grand Canyon Lopes,Cal State Bakersfield Roadrunners,WAC,0,1,0,1.34877,1.4366804866908127
7636,Cal State Bakersfield Roadrunners,Grand Canyon Lopes,WAC,1,0,0,1.29527,1.28721401341776
7637,Gonzaga Bulldogs,San Francisco Dons,WCC,0,1,0,1.42525,1.3957044256147102
7638,San Francisco Dons,Gonzaga Bulldogs,WCC,1,0,0,1.22098,1.2512772494642304
7639,Maryland Terrapins,Iowa Hawkeyes,Big Ten,0,0,1,0.89462,0.9083514920461595
7640,Iowa Hawkeyes,Maryland Terrapins,Big Ten,0,0,1,1.1732,1.1882728060932577
7641,Ohio State Buckeyes,Rutgers Scarlet Knights,Big Ten,0,1,0,1.15708,1.096643785665405
7642,Rutgers Scarlet Knights,Ohio State Buckeyes,Big Ten,1,0,0,0.87193,0.874995994923663
7643,Michigan Wolverines,Indiana Hoosiers,Big Ten,0,1,0,1.18693,1.0829919507178924
7644,Indiana Hoosiers,Michigan Wolverines,Big Ten,1,0,0,1.24008,1.1866638238752296
7645,Niagara Purple Eagles,Quinnipiac Bobcats,MAAC,0,1,0,1.08311,1.1138572797123516
7646,Quinnipiac Bobcats,Niagara Purple Eagles,MAAC,1,0,0,1.41311,1.3037301161523012
7647,UIC Flames,Detroit Mercy Titans,Horizon,0,1,0,1.3918,1.397955812316687
7648,Detroit Mercy Titans,UIC Flames,Horizon,1,0,0,1.17712,1.0838767330847998
7649,Holy Cross Crusaders,Bucknell Bison,Patriot,0,1,0,0.95828,0.9463007323997941
7650,Bucknell Bison,Holy Cross Crusaders,Patriot,1,0,0,1.16854,1.1198951025190627
7651,Manhattan Jaspers,Rider Broncs,MAAC,0,1,0,1.08625,1.1286350561648748
7652,Rider Broncs,Manhattan Jaspers,MAAC,1,0,0,1.21157,1.2226009842008752
7653,Canisius Golden Griffins,Monmouth Hawks,MAAC,0,1,0,0.74886,0.7867560972753235
7654,Monmouth Hawks,Canisius Golden Griffins,MAAC,1,0,0,0.84501,0.8783485267291737
7655,Marist Red Foxes,Iona Gaels,MAAC,0,1,0,1.02938,1.0141425861712405
7656,Iona Gaels,Marist Red Foxes,MAAC,1,0,0,1.33817,1.292071533349114
7657,Rhode Island Rams,Richmond Spiders,A-10,0,1,0,1.12298,1.1824308934467254
7658,Richmond Spiders,Rhode Island Rams,A-10,1,0,0,1.08142,1.138029714075498
7659,Oakland Golden Grizzlies,Valparaiso Beacons,Horizon,0,1,0,1.2902,1.3340008203334885
7660,Valparaiso Beacons,Oakland Golden Grizzlies,Horizon,1,0,0,1.35067,1.2423714423148204
7661,La Salle Explorers,Massachusetts Minutemen,A-10,0,1,0,0.96511,0.9584677108844983
7662,Massachusetts Minutemen,La Salle Explorers,A-10,1,0,0,1.09895,1.1512496135171566
7663,Washington Huskies,Oregon State Beavers,Pac-12,0,1,0,0.83843,0.89766641014984
7664,Oregon State Beavers,Washington Huskies,Pac-12,1,0,0,1.0469,0.9954407224681133
7665,San Diego State Aztecs,Boise State Broncos,Mountain West,0,1,0,0.84778,0.9128235495746473
7666,Boise State Broncos,San Diego State Aztecs,Mountain West,1,0,0,1.21355,1.3080311978790418
7667,Clemson Tigers,Miami Hurricanes,ACC,0,1,0,0.84551,0.823554469750457
7668,Miami Hurricanes,Clemson Tigers,ACC,1,0,0,1.07467,1.0514101627301449
7669,Washington State Cougars,Oregon Ducks,Pac-12,0,1,0,1.04109,1.0247761544477487
7670,Oregon Ducks,Washington State Cougars,Pac-12,1,0,0,1.41774,1.2726550255834748
7671,USC Trojans,Stanford Cardinal,Pac-12,0,1,0,0.87845,0.8523984227599117
7672,Stanford Cardinal,USC Trojans,Pac-12,1,0,0,1.027,0.9629794649686366
7673,Duke Blue Devils,Florida State Seminoles,ACC,0,1,0,1.23766,1.194531594741163
7674,Florida State Seminoles,Duke Blue Devils,ACC,1,0,0,1.15301,1.159980279924612
7675,Iowa State Cyclones,Oklahoma Sooners,Big 12,0,1,0,1.18177,1.2518991704323328
7676,Oklahoma Sooners,Iowa State Cyclones,Big 12,1,0,0,1.34797,1.309310564742103
7677,Oklahoma State Cowboys,Baylor Bears,Big 12,0,1,0,1.2473,1.284871987367249
7678,Baylor Bears,Oklahoma State Cowboys,Big 12,1,0,0,1.04877,1.0212560172243335
7679,Boston University Terriers,Lafayette Leopards,Patriot,0,1,0,1.18444,1.091401328088739
7680,Lafayette Leopards,Boston University Terriers,Patriot,1,0,0,0.94927,0.8547126812288165
7681,Siena Saints,Saint Peter's Peacocks,MAAC,0,1,0,1.00772,1.0462183170045505
7682,Saint Peter's Peacocks,Siena Saints,MAAC,1,0,0,1.1391,1.0250162293823355
7683,Florida A&M Rattlers,Delaware State Hornets,MEAC,0,1,0,1.06234,1.0811080007694969
7684,Delaware State Hornets,Florida A&M Rattlers,MEAC,1,0,0,1.34312,1.25495269722549
7685,Stephen F. Austin Lumberjacks,Northwestern State Demons,Southland,0,1,0,1.32705,1.2241684317399106
7686,Northwestern State Demons,Stephen F. Austin Lumberjacks,Southland,1,0,0,1.14255,1.180835350778477
7687,South Carolina State Bulldogs,Morgan State Bears,MEAC,0,1,0,0.77227,0.7786701556941339
7688,Morgan State Bears,South Carolina State Bulldogs,MEAC,1,0,0,0.99534,0.9902949793093546
7689,McNeese Cowboys,New Orleans Privateers,Southland,0,1,0,1.11049,1.0762254465818257
7690,New Orleans Privateers,McNeese Cowboys,Southland,1,0,0,1.28307,1.1933091977090062
7691,Texas A&M-Corpus Christi Islanders,Houston Christian Huskies,Southland,0,1,0,1.08507,1.0047946888989494
7692,Houston Christian Huskies,Texas A&M-Corpus Christi Islanders,Southland,1,0,0,1.3227,1.281620066297207
7693,Lamar Cardinals,Abilene Christian Wildcats,Southland,0,0,1,1.2505,1.1654122497411734
7694,Abilene Christian Wildcats,Lamar Cardinals,Southland,0,0,1,0.99595,0.9660338571154596
7695,UNC Asheville Bulldogs,Gardner-Webb Runnin' Bulldogs,Big South,0,1,0,1.35741,1.2876499230106584
7696,Gardner-Webb Runnin' Bulldogs,UNC Asheville Bulldogs,Big South,1,0,0,1.32365,1.2734057931679386
7697,Maryland Eastern Shore Hawks,Norfolk State Spartans,MEAC,0,1,0,1.2833,1.335277559416698
7698,Norfolk State Spartans,Maryland Eastern Shore Hawks,MEAC,1,0,0,1.00644,1.0066537680498833
7699,Howard Bison,Hampton Pirates,MEAC,0,1,0,0.90935,0.9929786700917085
7700,Hampton Pirates,Howard Bison,MEAC,1,0,0,1.00213,1.0776717168759748
7701,Savannah State Tigers,Coppin State Eagles,MEAC,0,1,0,1.23927,1.2011894197392519
7702,Coppin State Eagles,Savannah State Tigers,MEAC,1,0,0,1.11698,1.1405197551732698
7703,Grambling Tigers,Alcorn State Braves,SWAC,0,0,1,1.03736,0.9998877250435423
7704,Alcorn State Braves,Grambling Tigers,SWAC,0,0,1,1.25319,1.1992100332712008
7705,Mississippi Valley State Delta Devils,Alabama State Hornets,SWAC,0,1,0,0.87265,0.9494262090144575
7706,Alabama State Hornets,Mississippi Valley State Delta Devils,SWAC,1,0,0,1.00637,0.927967639870087
7707,Georgia Tech Yellow Jackets,Virginia Tech Hokies,ACC,0,1,0,1.03575,0.9322382956696708
7708,Virginia Tech Hokies,Georgia Tech Yellow Jackets,ACC,1,0,0,1.06661,1.0311719796404986
7709,Arkansas-Pine Bluff Golden Lions,Alabama A&M Bulldogs,SWAC,0,1,0,1.01561,1.0048115761380927
7710,Alabama A&M Bulldogs,Arkansas-Pine Bluff Golden Lions,SWAC,1,0,0,0.76326,0.7662174915635819
7711,Jackson State Tigers,Southern Jaguars,SWAC,0,1,0,1.07927,1.1839511765476667
7712,Southern Jaguars,Jackson State Tigers,SWAC,1,0,0,0.93006,0.9894010552961997
7713,Wisconsin Badgers,Nebraska Cornhuskers,Big Ten,0,1,0,1.13528,1.148371718850588
7714,Nebraska Cornhuskers,Wisconsin Badgers,Big Ten,1,0,0,0.91814,0.9226606589497424
7715,Kansas Jayhawks,Texas Tech Red Raiders,Big 12,0,1,0,1.26147,1.2243570851847818
7716,Texas Tech Red Raiders,Kansas Jayhawks,Big 12,1,0,0,0.89016,0.90355826130129
7717,Notre Dame Fighting Irish,Clemson Tigers,ACC,0,1,0,1.08281,1.092728313124752
7718,Clemson Tigers,Notre Dame Fighting Irish,ACC,1,0,0,1.07503,1.0021498996196176
7719,Arkansas Razorbacks,Auburn Tigers,SEC,0,1,0,1.33175,1.2743903984755214
7720,Auburn Tigers,Arkansas Razorbacks,SEC,1,0,0,1.13851,1.088553598989875
7721,Towson Tigers,Drexel Dragons,CAA,0,1,0,0.98308,0.9604513212579968
7722,Drexel Dragons,Towson Tigers,CAA,1,0,0,1.09627,1.0171972421604596
7723,Missouri Tigers,South Carolina Gamecocks,SEC,0,1,0,1.00353,1.0485695943098385
7724,South Carolina Gamecocks,Missouri Tigers,SEC,1,0,0,1.09916,0.9697726878024844
7725,Kentucky Wildcats,LSU Tigers,SEC,0,1,0,1.1585,1.1896161583498737
7726,LSU Tigers,Kentucky Wildcats,SEC,1,0,0,1.14015,1.293423107360047
7727,New Hampshire Wildcats,Hartford Hawks,AM. EAST,0,1,0,1.1608,1.2016605277707157
7728,Hartford Hawks,New Hampshire Wildcats,AM. EAST,1,0,0,1.05067,1.1020122566253507
7729,UAlbany Great Danes,Binghamton Bearcats,AM. EAST,0,0,1,1.13225,1.1419403235689845
7730,Binghamton Bearcats,UAlbany Great Danes,AM. EAST,0,0,1,0.88669,0.932160675309953
7731,Michigan State Spartans,Northwestern Wildcats,Big Ten,0,1,0,1.31857,1.239094721327222
7732,Northwestern Wildcats,Michigan State Spartans,Big Ten,1,0,0,0.84129,0.8541627946729087
7733,Georgetown Hoyas,Seton Hall Pirates,Big East,0,0,1,1.29982,1.2588005448346735
7734,Seton Hall Pirates,Georgetown Hoyas,Big East,0,0,1,1.01678,1.0184854850956526
7735,Central Michigan Chippewas,Ohio Bobcats,MAC,0,1,0,1.1782,1.1085888728724684
7736,Ohio Bobcats,Central Michigan Chippewas,MAC,1,0,0,0.94667,0.8796801271152134
7737,Miami (OH) RedHawks,Eastern Michigan Eagles,MAC,0,1,0,0.86222,0.8877343753350124
7738,Eastern Michigan Eagles,Miami (OH) RedHawks,MAC,1,0,0,1.05798,0.9614240184133991
7739,Western Michigan Broncos,Bowling Green Falcons,MAC,0,1,0,0.76916,0.7864804312833855
7740,Bowling Green Falcons,Western Michigan Broncos,MAC,1,0,0,1.01786,0.9335943001510597
7741,Toledo Rockets,Buffalo Bulls,MAC,0,1,0,1.37061,1.3838359150238655
7742,Buffalo Bulls,Toledo Rockets,MAC,1,0,0,1.29473,1.2303132925518048
7743,Kent State Golden Flashes,Akron Zips,MAC,0,1,0,0.9352,0.9585559004283181
7744,Akron Zips,Kent State Golden Flashes,MAC,1,0,0,1.07406,1.0286694879543556
7745,Memphis Tigers,East Carolina Pirates,American,0,1,0,0.87855,0.8368171902668179
7746,East Carolina Pirates,Memphis Tigers,American,1,0,0,1.05619,1.1098023123263192
7747,Cincinnati Bearcats,Temple Owls,American,0,1,0,1.02158,1.1141080440184798
7748,Temple Owls,Cincinnati Bearcats,American,1,0,0,1.30122,1.3968822198109572
7749,Iona Gaels,Fairfield Stags,MAAC,0,0,1,1.13705,1.1497637892479777
7750,Fairfield Stags,Iona Gaels,MAAC,0,0,1,0.92026,0.9050225861712407
7751,James Madison Dukes,Delaware Blue Hens,CAA,0,1,0,1.1494,1.0804271731600008
7752,Delaware Blue Hens,James Madison Dukes,CAA,1,0,0,0.90843,0.8458951139657701
7753,Oakland Golden Grizzlies,Milwaukee Panthers,Horizon,0,1,0,1.01737,0.9768888822167997
7754,Milwaukee Panthers,Oakland Golden Grizzlies,Horizon,1,0,0,1.26518,1.1568814423148204
7755,Central Arkansas Bears,SE Louisiana Lions,Southland,0,1,0,0.93351,0.9452629050404857
7756,SE Louisiana Lions,Central Arkansas Bears,Southland,1,0,0,1.31716,1.173340315322644
7757,Nicholls Colonels,Incarnate Word Cardinals,Southland,0,1,0,0.99147,0.935877440316875
7758,Incarnate Word Cardinals,Nicholls Colonels,Southland,1,0,0,1.167,1.113167281303943
7759,Campbell Fighting Camels,Liberty Flames,Big South,0,1,0,0.96272,0.9185704910897058
7760,Liberty Flames,Campbell Fighting Camels,Big South,1,0,0,1.20701,1.124007086934114
7761,Ball State Cardinals,Northern Illinois Huskies,MAC,0,1,0,1.08651,1.0582192393794265
7762,Northern Illinois Huskies,Ball State Cardinals,MAC,1,0,0,1.30907,1.2073866657529966
7763,Missouri State Bears,Evansville Purple Aces,MVC,0,1,0,1.08713,1.1016701731054863
7764,Evansville Purple Aces,Missouri State Bears,MVC,1,0,0,1.20931,1.1240061262235703
7765,Alabama Crimson Tide,Mississippi State Bulldogs,SEC,0,0,1,0.88577,0.8700697224452512
7766,Mississippi State Bulldogs,Alabama Crimson Tide,SEC,0,0,1,0.84165,0.8319302800878592
7767,Nevada Wolf Pack,Utah State Aggies,Mountain West,0,1,0,1.17084,1.169480045067025
7768,Utah State Aggies,Nevada Wolf Pack,Mountain West,1,0,0,1.42877,1.3829273735635266
7769,Xavier Musketeers,Marquette Golden Eagles,Big East,0,1,0,1.05419,1.0406614681897304
7770,Marquette Golden Eagles,Xavier Musketeers,Big East,1,0,0,0.72429,0.6763122728936177
7771,Dayton Flyers,Saint Louis Billikens,A-10,0,1,0,0.88719,0.8269857766661444
7772,Saint Louis Billikens,Dayton Flyers,A-10,1,0,0,0.73216,0.7640703854574731
7773,Fresno State Bulldogs,UNLV Rebels,Mountain West,0,1,0,0.96275,1.0120540683531385
7774,UNLV Rebels,Fresno State Bulldogs,Mountain West,1,0,0,1.18667,1.1189725039012273
7775,New Mexico Lobos,Colorado State Rams,Mountain West,0,1,0,0.90754,0.955075768747439
7776,Colorado State Rams,New Mexico Lobos,Mountain West,1,0,0,1.11086,1.1319064108911172
7777,Virginia Cavaliers,NC State Wolfpack,ACC,0,1,0,0.95002,0.926094385981184
7778,NC State Wolfpack,Virginia Cavaliers,ACC,1,0,0,0.88886,0.9706995136934057
7779,Villanova Wildcats,Providence Friars,Big East,0,1,0,1.27875,1.2906085882253266
7780,Providence Friars,Villanova Wildcats,Big East,1,0,0,1.1484,1.1833822906946942
7781,Pittsburgh Panthers,Louisville Cardinals,ACC,0,1,0,0.92241,1.0092732199444132
7782,Louisville Cardinals,Pittsburgh Panthers,ACC,1,0,0,1.14232,1.0100712607691713
7783,Illinois State Redbirds,Northern Iowa Panthers,MVC,0,1,0,1.16387,1.2201514736146486
7784,Northern Iowa Panthers,Illinois State Redbirds,MVC,1,0,0,1.4644,1.5083618892662078
7785,Indiana State Sycamores,Wichita State Shockers,MVC,0,1,0,0.92026,1.0109199321242166
7786,Wichita State Shockers,Indiana State Sycamores,MVC,1,0,0,1.22744,1.1904857539831513
7787,Indiana Hoosiers,Maryland Terrapins,Big Ten,0,1,0,1.08438,1.0994528060932576
7788,Maryland Terrapins,Indiana Hoosiers,Big Ten,1,0,0,1.15816,1.0210438003232853
7789,La Salle Explorers,VCU Rams,A-10,0,1,0,1.00369,1.0653949718059001
7790,VCU Rams,La Salle Explorers,A-10,1,0,0,0.93636,0.9886596135171563
7791,Kansas State Wildcats,West Virginia Mountaineers,Big 12,0,1,0,1.11078,1.135395348499778
7792,West Virginia Mountaineers,Kansas State Wildcats,Big 12,1,0,0,1.10692,1.0610333229154605
7793,Penn State Nittany Lions,Ohio State Buckeyes,Big Ten,0,1,0,0.81939,0.8556341453182701
7794,Ohio State Buckeyes,Penn State Nittany Lions,Big Ten,1,0,0,1.09052,1.0627420413369746
7795,Rhode Island Rams,Saint Joseph's Hawks,A-10,0,1,0,1.05955,1.0867100175513795
7796,Saint Joseph's Hawks,Rhode Island Rams,A-10,1,0,0,1.08229,1.138899714075498
7797,Massachusetts Minutemen,St. Bonaventure Bonnies,A-10,0,1,0,0.8825,0.8943914781577685
7798,St. Bonaventure Bonnies,Massachusetts Minutemen,A-10,1,0,0,0.82995,0.7901295604898911
7799,George Washington Revolutionaries,Duquesne Dukes,A-10,0,1,0,1.07567,0.9571861287499852
7800,Duquesne Dukes,George Washington Revolutionaries,A-10,1,0,0,1.36877,1.3918808335391442
7801,Fordham Rams,Richmond Spiders,A-10,0,1,0,1.12399,1.1834408934467253
7802,Richmond Spiders,Fordham Rams,A-10,1,0,0,1.16772,1.098798432067918
7803,Elon Phoenix,William & Mary Tribe,CAA,0,1,0,0.96451,0.9291052652946254
7804,William & Mary Tribe,Elon Phoenix,CAA,1,0,0,1.29787,1.2592493760587593
7805,Charleston Cougars,UNC Wilmington Seahawks,CAA,0,1,0,0.76945,0.7917441753624971
7806,UNC Wilmington Seahawks,Charleston Cougars,CAA,1,0,0,0.99961,0.957964700023472
7807,Stony Brook Seawolves,UMBC Retrievers,AM. EAST,0,1,0,1.14383,1.1222310280040173
7808,UMBC Retrievers,Stony Brook Seawolves,AM. EAST,1,0,0,0.94331,1.0051771775846392
7809,Georgia Bulldogs,Texas A&M Aggies,SEC,0,1,0,1.13225,1.140270955807242
7810,Texas A&M Aggies,Georgia Bulldogs,SEC,1,0,0,0.94405,0.9476998315777885
7811,UMass Lowell River Hawks,Vermont Catamounts,AM. EAST,0,1,0,0.9183,1.0397693888438504
7812,Vermont Catamounts,UMass Lowell River Hawks,AM. EAST,1,0,0,1.5528,1.5437326825474122
7813,George Mason Patriots,Davidson Wildcats,A-10,0,1,0,1.08063,1.0560090117847512
7814,Davidson Wildcats,George Mason Patriots,A-10,1,0,0,1.38728,1.3146812684634028
7815,Longwood Lancers,Radford Highlanders,Big South,0,1,0,1.12637,1.1117918573169594
7816,Radford Highlanders,Longwood Lancers,Big South,1,0,0,1.26493,1.1524889816797357
7817,Winthrop Eagles,High Point Panthers,Big South,0,1,0,1.2215,1.2105286103060475
7818,High Point Panthers,Winthrop Eagles,Big South,1,0,0,1.18593,1.1608487061348896
7819,Miami Hurricanes,Wake Forest Demon Deacons,ACC,0,1,0,1.14289,1.0911142767377346
7820,Wake Forest Demon Deacons,Miami Hurricanes,ACC,1,0,0,1.17925,1.1241163193558497
7821,Syracuse Orange,Boston College Eagles,ACC,0,1,0,1.17912,1.1088636888895416
7822,Boston College Eagles,Syracuse Orange,ACC,1,0,0,0.9482,0.9572527386405513
7823,Holy Cross Crusaders,Army Black Knights,Patriot,0,1,0,1.12156,1.1075845356019347
7824,Army Black Knights,Holy Cross Crusaders,Patriot,1,0,0,0.94375,0.8951051025190627
7825,Bucknell Bison,Navy Midshipmen,Patriot,0,1,0,0.89799,0.89009998867298
7826,Navy Midshipmen,Bucknell Bison,Patriot,1,0,0,0.85796,0.812802582005187
7827,Purdue Fort Wayne Mastodons,IU Indianapolis Jaguars,Summit,0,1,0,1.17751,1.207017416974475
7828,IU Indianapolis Jaguars,Purdue Fort Wayne Mastodons,Summit,1,0,0,0.90318,0.8475231513839885
7829,South Florida Bulls,UCF Knights,American,0,1,0,1.02254,0.9439602046683198
7830,UCF Knights,South Florida Bulls,American,1,0,0,1.20472,1.1437025493675634
7831,Coastal Carolina Chanticleers,Charleston Southern Buccaneers,Big South,0,1,0,1.101,1.0437126903164005
7832,Charleston Southern Buccaneers,Coastal Carolina Chanticleers,Big South,1,0,0,1.27746,1.268146825116341
7833,Lafayette Leopards,Loyola Maryland Greyhounds,Patriot,0,1,0,0.75458,0.7531924553852198
7834,Loyola Maryland Greyhounds,Lafayette Leopards,Patriot,1,0,0,1.07711,0.9508931776941318
7835,Green Bay Phoenix,Youngstown State Penguins,Horizon,0,1,0,1.09667,0.9849929041615171
7836,Youngstown State Penguins,Green Bay Phoenix,Horizon,1,0,0,1.07353,1.1207281315876763
7837,Colgate Raiders,Boston University Terriers,Patriot,0,1,0,1.26062,1.1992408316234238
7838,Boston University Terriers,Colgate Raiders,Patriot,1,0,0,1.15927,1.090575628808975
7839,Southern Illinois Salukis,Loyola Chicago Ramblers,MVC,0,1,0,1.16157,1.1816280254715374
7840,Loyola Chicago Ramblers,Southern Illinois Salukis,MVC,1,0,0,1.22768,1.171003948525355
7841,TCU Horned Frogs,Texas Longhorns,Big 12,0,1,0,0.75867,0.7757450038628532
7842,Texas Longhorns,TCU Horned Frogs,Big 12,1,0,0,1.17241,1.138380307483938
7843,Bradley Braves,Drake Bulldogs,MVC,0,1,0,1.04013,0.9129495947707829
7844,Drake Bulldogs,Bradley Braves,MVC,1,0,0,1.1757,1.144574471556673
7845,Tennessee Volunteers,Vanderbilt Commodores,SEC,0,1,0,1.11944,1.0866718269735913
7846,Vanderbilt Commodores,Tennessee Volunteers,SEC,1,0,0,1.08321,1.0101394887685125
7847,Belmont Bruins,Jacksonville State Gamecocks,OVC,0,1,0,1.12249,1.0667454430290952
7848,Jacksonville State Gamecocks,Belmont Bruins,OVC,1,0,0,1.12074,1.0720847690966875
7849,Morehead State Eagles,Eastern Kentucky Colonels,OVC,0,1,0,0.94909,0.9913980566673332
7850,Eastern Kentucky Colonels,Morehead State Eagles,OVC,1,0,0,1.14305,1.149420668940772
7851,Oregon Ducks,USC Trojans,Pac-12,0,1,0,1.1987,1.1678576153632438
7852,USC Trojans,Oregon Ducks,Pac-12,1,0,0,1.08931,1.0398180040531415
7853,Air Force Falcons,Boise State Broncos,Mountain West,0,1,0,0.77902,0.8440635495746474
7854,Boise State Broncos,Air Force Falcons,Mountain West,1,0,0,1.17732,1.0956219290182392
7855,DePaul Blue Demons,St. John's Red Storm,Big East,0,1,0,1.13668,1.1358872025084294
7856,St. John's Red Storm,DePaul Blue Demons,Big East,1,0,0,1.37651,1.2486392482577462
7857,Oregon State Beavers,UCLA Bruins,Pac-12,0,1,0,1.00357,0.9983740581372899
7858,UCLA Bruins,Oregon State Beavers,Pac-12,1,0,0,1.29776,1.3238182597552328
7859,Wyoming Cowboys,San Diego State Aztecs,Mountain West,0,1,0,0.69558,0.8232393482736488
7860,San Diego State Aztecs,Wyoming Cowboys,Mountain West,1,0,0,1.1494,1.1678985892700835
7861,Loyola Marymount Lions,Gonzaga Bulldogs,WCC,0,1,0,0.77487,0.8383453998588375
7862,Gonzaga Bulldogs,Loyola Marymount Lions,WCC,1,0,0,1.2364,1.0768092194316348
7863,Stanford Cardinal,Utah Utes,Pac-12,0,1,0,0.9633,1.0485735406127672
7864,Utah Utes,Stanford Cardinal,Pac-12,1,0,0,1.22915,1.1699202723653046
7865,SMU Mustangs,Houston Cougars,American,0,1,0,1.3341,1.3229125118106102
7866,Houston Cougars,SMU Mustangs,American,1,0,0,1.11815,1.1700163688840024
7867,Eastern Illinois Panthers,Austin Peay Governors,OVC,0,1,0,1.0461,1.022065361058878
7868,Austin Peay Governors,Eastern Illinois Panthers,OVC,1,0,0,0.91579,0.8754311963350646
7869,Northeastern Huskies,Hofstra Pride,CAA,0,1,0,1.2834,1.260935593444567
7870,Hofstra Pride,Northeastern Huskies,CAA,1,0,0,1.08507,1.0894930351266778
7871,UIC Flames,Wright State Raiders,Horizon,0,1,0,1.27703,1.256245895814663
7872,Wright State Raiders,UIC Flames,Horizon,1,0,0,1.17305,1.0798067330847998
7873,Ole Miss Rebels,Florida Gators,SEC,0,1,0,1.08144,1.1515258983576093
7874,Florida Gators,Ole Miss Rebels,SEC,1,0,0,1.05973,1.0165914829033365
7875,Wagner Seahawks,St. Francis Brooklyn Terriers,NEC,0,1,0,1.09614,1.1300133982458183
7876,St. Francis Brooklyn Terriers,Wagner Seahawks,NEC,1,0,0,1.44676,1.3954987102090832
7877,Purdue Boilermakers,Rutgers Scarlet Knights,Big Ten,0,1,0,1.00668,0.9462437856654049
7878,Rutgers Scarlet Knights,Purdue Boilermakers,Big Ten,1,0,0,0.88014,0.8435229157700556
7879,Minnesota Golden Gophers,Iowa Hawkeyes,Big Ten,0,0,1,1.12309,1.1368214920461595
7880,Iowa Hawkeyes,Minnesota Golden Gophers,Big Ten,0,0,1,1.00685,0.9682918632156983
7881,Sacred Heart Pioneers,Mount St. Mary's Mountaineers,NEC,0,1,0,0.9857,1.0342018338061578
7882,Mount St. Mary's Mountaineers,Sacred Heart Pioneers,NEC,1,0,0,0.88852,0.8517628949387388
7883,Long Island University Sharks,Robert Morris Colonials,NEC,0,1,0,1.03771,1.0548975311066726
7884,Robert Morris Colonials,Long Island University Sharks,NEC,1,0,0,1.01164,0.9949146296747815
7885,Central Connecticut Blue Devils,St. Francis (PA) Red Flash,NEC,0,1,0,0.98892,1.0433956167311842
7886,St. Francis (PA) Red Flash,Central Connecticut Blue Devils,NEC,1,0,0,1.13827,1.0451595242445848
7887,Bryant Bulldogs,Fairleigh Dickinson Knights,NEC,0,0,1,1.21276,1.1809787934560814
7888,Fairleigh Dickinson Knights,Bryant Bulldogs,NEC,0,0,1,1.1822,1.139160678457823
7889,Presbyterian Blue Hose,UNC Asheville Bulldogs,Big South,0,1,0,1.2461,1.2290339435625457
7890,UNC Asheville Bulldogs,Presbyterian Blue Hose,Big South,1,0,0,1.14916,1.0005652692342177
7891,Chattanooga Mocs,Wofford Terriers,Southern,0,1,0,0.93184,0.9647272368397096
7892,Wofford Terriers,Chattanooga Mocs,Southern,1,0,0,0.77636,0.7116827361008066
7893,Furman Paladins,VMI Keydets,Southern,0,1,0,0.98871,0.8960891839746333
7894,VMI Keydets,Furman Paladins,Southern,1,0,0,1.49591,1.3338073760178304
7895,East Tennessee State Buccaneers,UNC Greensboro Spartans,Southern,0,1,0,1.01421,0.9351944754226678
7896,UNC Greensboro Spartans,East Tennessee State Buccaneers,Southern,1,0,0,0.95087,0.853597857229881
7897,Western Carolina Catamounts,Mercer Bears,Southern,0,1,0,0.99895,0.9425875915834745
7898,Mercer Bears,Western Carolina Catamounts,Southern,1,0,0,0.91553,0.8006265218811205
7899,Jacksonville Dolphins,Kennesaw State Owls,ASUN,0,1,0,0.98185,0.9190690910854273
7900,Kennesaw State Owls,Jacksonville Dolphins,ASUN,1,0,0,1.19838,1.0610539613993926
7901,Florida Gulf Coast Eagles,Northern Kentucky Norse,ASUN,0,1,0,1.05072,0.9938443215536295
7902,Northern Kentucky Norse,Florida Gulf Coast Eagles,ASUN,1,0,0,0.92446,0.95355401227862
7903,North Florida Ospreys,South Carolina Upstate Spartans,ASUN,0,1,0,1.03119,1.0476146691008512
7904,South Carolina Upstate Spartans,North Florida Ospreys,ASUN,1,0,0,1.3312,1.3127265067030327
7905,American University Eagles,Lehigh Mountain Hawks,Patriot,0,1,0,0.97888,1.0148124111590282
7906,Lehigh Mountain Hawks,American University Eagles,Patriot,1,0,0,1.12622,1.126142692038683
7907,Tulsa Golden Hurricane,UConn Huskies,American,0,0,1,0.86549,0.931793952387789
7908,UConn Huskies,Tulsa Golden Hurricane,American,0,0,1,1.33254,1.422094624639308
7909,Little Rock Trojans,App State Mountaineers,Sun Belt,0,1,0,1.1968,1.1698467672261317
7910,App State Mountaineers,Little Rock Trojans,Sun Belt,1,0,0,1.12629,1.0549081131028
7911,Florida Atlantic Owls,Louisiana Tech Bulldogs,CUSA,0,1,0,0.88443,0.9519992623754663
7912,Louisiana Tech Bulldogs,Florida Atlantic Owls,CUSA,1,0,0,1.0816,1.0079932210598925
7913,Stetson Hatters,Lipscomb Bisons,ASUN,0,1,0,1.17243,1.1299975566970468
7914,Lipscomb Bisons,Stetson Hatters,ASUN,1,0,0,1.17695,1.0574275440852456
7915,Arkansas State Red Wolves,Georgia Southern Eagles,Sun Belt,0,1,0,0.97778,1.0425811110561176
7916,Georgia Southern Eagles,Arkansas State Red Wolves,Sun Belt,1,0,0,1.04812,1.0084825289646286
7917,Tennessee State Tigers,Tennessee Tech Golden Eagles,OVC,0,1,0,0.76162,0.702722843408802
7918,Tennessee Tech Golden Eagles,Tennessee State Tigers,OVC,1,0,0,1.09992,1.039258911044479
7919,SIU Edwardsville Cougars,Murray State Racers,OVC,0,1,0,0.75578,0.7791095795469518
7920,Murray State Racers,SIU Edwardsville Cougars,OVC,1,0,0,1.26716,1.2287512915615753
7921,Old Dominion Monarchs,UTSA Roadrunners,CUSA,0,1,0,1.2392,1.1843187130419541
7922,UTSA Roadrunners,Old Dominion Monarchs,CUSA,1,0,0,1.34989,1.4078513187637223
7923,UAB Blazers,North Texas Mean Green,CUSA,0,1,0,1.00949,1.0277920246028402
7924,North Texas Mean Green,UAB Blazers,CUSA,1,0,0,1.03487,1.0575991859461478
7925,Middle Tennessee Blue Raiders,Rice Owls,CUSA,0,1,0,1.00558,1.0075745619542646
7926,Rice Owls,Middle Tennessee Blue Raiders,CUSA,1,0,0,1.10982,1.1152986286708517
7927,Cal State Bakersfield Roadrunners,UT Rio Grande Valley Vaqueros,WAC,0,1,0,1.1969,1.2201175608761408
7928,UT Rio Grande Valley Vaqueros,Cal State Bakersfield Roadrunners,WAC,1,0,0,0.97386,1.0285923362962055
7929,The Citadel Bulldogs,Samford Bulldogs,Southern,0,0,1,1.11752,1.01017619901773
7930,Samford Bulldogs,The Citadel Bulldogs,Southern,0,0,1,1.11509,0.889462510922812
7931,Western Illinois Leathernecks,Oral Roberts Golden Eagles,Summit,0,1,0,0.90969,0.8826195954955509
7932,Oral Roberts Golden Eagles,Western Illinois Leathernecks,Summit,1,0,0,1.05872,1.006422592294197
7933,South Dakota Coyotes,Omaha Mavericks,Summit,0,1,0,1.163,1.1656336005520669
7934,Omaha Mavericks,South Dakota Coyotes,Summit,1,0,0,1.13427,1.0694761188396205
7935,Siena Saints,Marist Red Foxes,MAAC,0,1,0,1.11174,1.098819683743721
7936,Marist Red Foxes,Siena Saints,MAAC,1,0,0,1.06496,0.9508762293823355
7937,Montana Grizzlies,North Dakota Fighting Hawks,Big Sky,0,1,0,1.11583,1.0493614814400558
7938,North Dakota Fighting Hawks,Montana Grizzlies,Big Sky,1,0,0,1.03018,0.9792669453648459
7939,South Alabama Jaguars,Troy Trojans,Sun Belt,0,1,0,1.06938,1.0482310543180726
7940,Troy Trojans,South Alabama Jaguars,Sun Belt,1,0,0,1.00622,0.9315147696807475
7941,UT Martin Skyhawks,Southeast Missouri State Redhawks,OVC,0,1,0,1.16422,1.1568562964960476
7942,Southeast Missouri State Redhawks,UT Martin Skyhawks,OVC,1,0,0,1.50743,1.4478131066496118
7943,Michigan Wolverines,Illinois Fighting Illini,Big Ten,0,1,0,0.86473,0.8762180459662163
7944,Illinois Fighting Illini,Michigan Wolverines,Big Ten,1,0,0,1.06293,1.0095138238752295
7945,California Golden Bears,Colorado Buffaloes,Pac-12,0,1,0,1.11584,1.1096080048924535
7946,Colorado Buffaloes,California Golden Bears,Pac-12,1,0,0,0.97397,0.9517279977561276
7947,Florida International Panthers,Southern Miss Golden Eagles,CUSA,0,1,0,1.15635,1.0902529028408774
7948,Southern Miss Golden Eagles,Florida International Panthers,CUSA,1,0,0,1.12467,1.0914285058870157
7949,Charlotte 49ers,UTEP Miners,CUSA,0,1,0,1.01422,1.086028134421793
7950,UTEP Miners,Charlotte 49ers,CUSA,1,0,0,1.13292,1.0746793520096576
7951,Seattle U Redhawks,New Mexico State Aggies,WAC,0,1,0,0.7786,0.9474638955566291
7952,New Mexico State Aggies,Seattle U Redhawks,WAC,1,0,0,1.19262,1.268688385305459
7953,Saint Mary's Gaels,BYU Cougars,WCC,0,1,0,0.95333,0.9125082417418895
7954,BYU Cougars,Saint Mary's Gaels,WCC,1,0,0,1.34812,1.2970258402667487
7955,North Dakota State Bison,Denver Pioneers,Summit,0,1,0,1.2793,1.2666133989445576
7956,Denver Pioneers,North Dakota State Bison,Summit,1,0,0,1.21247,1.200946747213022
7957,Montana State Bobcats,Northern Colorado Bears,Big Sky,0,1,0,1.32866,1.1812043822530212
7958,Northern Colorado Bears,Montana State Bobcats,Big Sky,1,0,0,1.32881,1.232906959353476
7959,Southern Utah Thunderbirds,Weber State Wildcats,Big Sky,0,1,0,1.01848,0.9808737543692826
7960,Weber State Wildcats,Southern Utah Thunderbirds,Big Sky,1,0,0,0.85784,0.7259805418325214
7961,Northern Arizona Lumberjacks,Idaho State Bengals,Big Sky,0,1,0,1.01701,0.9680420028998912
7962,Idaho State Bengals,Northern Arizona Lumberjacks,Big Sky,1,0,0,1.24156,1.2149395561616856
7963,Sacramento State Hornets,Eastern Washington Eagles,Big Sky,0,1,0,0.9972,0.9475414320344557
7964,Eastern Washington Eagles,Sacramento State Hornets,Big Sky,1,0,0,1.06293,0.9474052874543926
7965,UT Arlington Mavericks,Texas State Bobcats,Sun Belt,0,1,0,1.13861,1.2271703970354588
7966,Texas State Bobcats,UT Arlington Mavericks,Sun Belt,1,0,0,0.98058,0.9646902654356844
7967,Louisiana Ragin' Cajuns,UL Monroe Warhawks,Sun Belt,0,1,0,0.90824,0.9769895215481318
7968,UL Monroe Warhawks,Louisiana Ragin' Cajuns,Sun Belt,1,0,0,1.10921,1.1213485419365976
7969,Cal State Northridge Matadors,Cal Poly Mustangs,Big West,0,1,0,1.02667,1.0462984628583774
7970,Cal Poly Mustangs,Cal State Northridge Matadors,Big West,1,0,0,1.16035,1.0681700413941686
7971,Cal State Fullerton Titans,UC Davis Aggies,Big West,0,1,0,1.11885,1.0820994999133857
7972,UC Davis Aggies,Cal State Fullerton Titans,Big West,1,0,0,1.23694,1.144457689034294
7973,Pepperdine Waves,Portland Pilots,WCC,0,1,0,0.87876,0.8186732988999681
7974,Portland Pilots,Pepperdine Waves,WCC,1,0,0,1.1706,1.1550150645420578
7975,Pacific Tigers,San Diego Toreros,WCC,0,1,0,0.82781,0.8371709178952278
7976,San Diego Toreros,Pacific Tigers,WCC,1,0,0,1.19732,1.0399237171751192
7977,Portland State Vikings,Idaho Vandals,Big Sky,0,1,0,1.1144,1.0438959830572188
7978,Idaho Vandals,Portland State Vikings,Big Sky,1,0,0,1.34538,1.2653998159840834
7979,Long Beach State Beach,UC Santa Barbara Gauchos,Big West,0,1,0,0.94044,0.9533786903295621
7980,UC Santa Barbara Gauchos,Long Beach State Beach,Big West,1,0,0,1.20643,1.1950197945887207
7981,Santa Clara Broncos,San Francisco Dons,WCC,0,1,0,1.00975,0.9802044256147102
7982,San Francisco Dons,Santa Clara Broncos,WCC,1,0,0,1.1294,1.0117326543302916
7983,UC Riverside Highlanders,Hawai'i Rainbow Warriors,Big West,0,1,0,0.7412,0.7701477289773764
7984,Hawai'i Rainbow Warriors,UC Riverside Highlanders,Big West,1,0,0,1.06263,1.0263348167123922
7985,Arizona Wildcats,Washington Huskies,Pac-12,0,1,0,1.29008,1.2717988728627203
7986,Washington Huskies,Arizona Wildcats,Pac-12,1,0,0,0.96049,1.0454994213507647
7987,Columbia Lions,Harvard Crimson,Ivy,0,1,0,1.21958,1.3057705588394861
7988,Harvard Crimson,Columbia Lions,Ivy,1,0,0,1.29489,1.239203465865702
7989,Kent State Golden Flashes,Toledo Rockets,MAC,0,1,0,1.2202,1.188961442946412
7990,Toledo Rockets,Kent State Golden Flashes,MAC,1,0,0,1.17446,1.1290694879543557
7991,Green Bay Phoenix,Valparaiso Beacons,Horizon,0,1,0,0.93459,0.9783908203334885
7992,Valparaiso Beacons,Green Bay Phoenix,Horizon,1,0,0,0.98477,1.031968131587676
7993,Yale Bulldogs,Pennsylvania Quakers,Ivy,0,1,0,1.3852,1.346416740472206
7994,Pennsylvania Quakers,Yale Bulldogs,Ivy,1,0,0,0.89928,0.9445275494926015
7995,Cornell Big Red,Dartmouth Big Green,Ivy,0,1,0,1.25111,1.2619064509310793
7996,Dartmouth Big Green,Cornell Big Red,Ivy,1,0,0,1.11012,1.0860037831490061
7997,Rider Broncs,Canisius Golden Griffins,MAAC,0,1,0,1.05646,1.1229766771237808
7998,Canisius Golden Griffins,Rider Broncs,MAAC,1,0,0,1.04663,1.0558369057702677
7999,Saint Peter's Peacocks,Niagara Purple Eagles,MAAC,0,0,1,1.31317,1.2369682665469082
8000,Niagara Purple Eagles,Saint Peter's Peacocks,MAAC,0,0,1,1.10997,1.1484683170045507
8001,Cleveland State Vikings,Detroit Mercy Titans,Horizon,0,1,0,1.07269,1.078845812316687
8002,Detroit Mercy Titans,Cleveland State Vikings,Horizon,1,0,0,1.07826,1.048445346687406
8003,Incarnate Word Cardinals,Central Arkansas Bears,Southland,0,1,0,1.29118,1.1805384657172509
8004,Central Arkansas Bears,Incarnate Word Cardinals,Southland,1,0,0,1.09186,1.003089289922268
8005,Brown Bears,Princeton Tigers,Ivy,0,1,0,0.99502,0.9597869460819545
8006,Princeton Tigers,Brown Bears,Ivy,1,0,0,1.16465,1.0970965138466526
8007,Quinnipiac Bobcats,Fairfield Stags,MAAC,0,0,1,1.01527,1.0279837892479777
8008,Fairfield Stags,Quinnipiac Bobcats,MAAC,0,0,1,0.97121,1.0019572797123515
8009,Iona Gaels,Manhattan Jaspers,MAAC,0,1,0,1.10413,1.1483391345954823
8010,Manhattan Jaspers,Iona Gaels,MAAC,1,0,0,1.00913,0.9607144357766336
8011,Arizona State Sun Devils,Washington State Cougars,Pac-12,0,1,0,1.02663,0.9147231759780821
8012,Washington State Cougars,Arizona State Sun Devils,Pac-12,1,0,0,1.09743,1.0628033001638086
8013,South Carolina Gamecocks,Kentucky Wildcats,SEC,0,1,0,0.72856,0.9150112577546541
8014,Kentucky Wildcats,South Carolina Gamecocks,SEC,1,0,0,1.2821,1.2939614439152314
8015,Wake Forest Demon Deacons,Virginia Cavaliers,ACC,0,1,0,1.02999,1.1450076640880127
8016,Virginia Cavaliers,Wake Forest Demon Deacons,ACC,1,0,0,1.00796,0.9230061263431276
8017,Pepperdine Waves,Gonzaga Bulldogs,WCC,0,1,0,0.90777,0.9712453998588375
8018,Gonzaga Bulldogs,Pepperdine Waves,WCC,1,0,0,1.05523,1.0396450645420576
8019,Duke Blue Devils,Syracuse Orange,ACC,0,1,0,1.21336,1.2555908890351584
8020,Syracuse Orange,Duke Blue Devils,ACC,1,0,0,1.09139,1.098360279924612
8021,Villanova Wildcats,Butler Bulldogs,Big East,0,1,0,1.24882,1.32170151096877
8022,Butler Bulldogs,Villanova Wildcats,Big East,1,0,0,1.20135,1.236332290694694
8023,Baylor Bears,Kansas Jayhawks,Big 12,0,1,0,1.05955,1.106126411695897
8024,Kansas Jayhawks,Baylor Bears,Big 12,1,0,0,1.22822,1.2326138369726418
8025,NC State Wolfpack,Louisville Cardinals,ACC,0,1,0,1.18009,1.2669532199444133
8026,Louisville Cardinals,NC State Wolfpack,ACC,1,0,0,1.03277,0.9756662355865767
8027,North Carolina Tar Heels,Pittsburgh Panthers,ACC,0,1,0,1.29527,1.1961994111637784
8028,Pittsburgh Panthers,North Carolina Tar Heels,ACC,1,0,0,1.50208,1.4787541772710642
8029,West Virginia Mountaineers,Iowa State Cyclones,Big 12,0,1,0,0.85028,0.8447987151367105
8030,Iowa State Cyclones,West Virginia Mountaineers,Big 12,1,0,0,1.17225,1.1636871981051709
8031,Wichita State Shockers,Illinois State Redbirds,MVC,0,1,0,1.15968,1.236820039660815
8032,Illinois State Redbirds,Wichita State Shockers,MVC,1,0,0,1.01038,1.0678617817296097
8033,Oklahoma Sooners,Kansas State Wildcats,Big 12,0,1,0,0.87746,0.8647514733100679
8034,Kansas State Wildcats,Oklahoma Sooners,Big 12,1,0,0,0.96269,0.9996410200377257
8035,Maryland Terrapins,Penn State Nittany Lions,Big Ten,0,0,1,1.17388,1.1792801917315818
8036,Penn State Nittany Lions,Maryland Terrapins,Big Ten,0,0,1,1.12888,1.1439528060932578
8037,VCU Rams,George Washington Revolutionaries,A-10,0,1,0,1.30373,1.3600189839337513
8038,George Washington Revolutionaries,VCU Rams,A-10,1,0,0,1.059,1.087526821411293
8039,Oklahoma State Cowboys,TCU Horned Frogs,Big 12,0,1,0,0.94168,0.9408284578785451
8040,TCU Horned Frogs,Oklahoma State Cowboys,Big 12,1,0,0,1.19301,1.1654960172243334
8041,Ohio State Buckeyes,Michigan State Spartans,Big Ten,0,1,0,1.0469,1.0929509450675157
8042,Michigan State Spartans,Ohio State Buckeyes,Big Ten,1,0,0,1.07671,1.0797759949236632
8043,Arkansas Razorbacks,Ole Miss Rebels,SEC,0,0,1,1.13086,1.1208996332979435
8044,Ole Miss Rebels,Arkansas Razorbacks,SEC,0,0,1,1.12734,1.1105617493844822
8045,UConn Huskies,SMU Mustangs,American,0,1,0,0.95805,1.0430945192786094
8046,SMU Mustangs,UConn Huskies,American,1,0,0,1.26483,1.2979558019931818
8047,Georgia State Panthers,Texas State Bobcats,Sun Belt,0,1,0,0.98727,1.075830397035459
8048,Texas State Bobcats,Georgia State Panthers,Sun Belt,1,0,0,0.7909,0.840621264019063
8049,Central Connecticut Blue Devils,Robert Morris Colonials,NEC,0,1,0,0.95029,0.9674775311066728
8050,Robert Morris Colonials,Central Connecticut Blue Devils,NEC,1,0,0,0.98798,0.8948695242445848
8051,Virginia Tech Hokies,Clemson Tigers,ACC,0,1,0,0.89229,0.9022083131247521
8052,Clemson Tigers,Virginia Tech Hokies,ACC,1,0,0,1.248,1.1113101452750636
8053,Memphis Tigers,South Florida Bulls,American,0,1,0,1.16954,1.1417006997621706
8054,South Florida Bulls,Memphis Tigers,American,1,0,0,0.75347,0.8070823123263193
8055,St. Bonaventure Bonnies,Dayton Flyers,A-10,0,1,0,0.94164,1.0067285358520803
8056,Dayton Flyers,St. Bonaventure Bonnies,A-10,1,0,0,1.23381,1.2125233277631617
8057,St. John's Red Storm,Xavier Musketeers,Big East,0,1,0,1.21196,1.1971604232882247
8058,Xavier Musketeers,St. John's Red Storm,Big East,1,0,0,1.07674,1.0427690521138224
8059,Binghamton Bearcats,New Hampshire Wildcats,AM. EAST,0,1,0,0.81222,0.896740407019958
8060,New Hampshire Wildcats,Binghamton Bearcats,AM. EAST,1,0,0,1.10247,1.0789821731743774
8061,Long Island University Sharks,St. Francis (PA) Red Flash,NEC,0,1,0,1.15384,1.2083156167311842
8062,St. Francis (PA) Red Flash,Long Island University Sharks,NEC,1,0,0,1.1191,1.1023746296747814
8063,Gardner-Webb Runnin' Bulldogs,Winthrop Eagles,Big South,0,1,0,1.01306,1.0211568565294968
8064,Winthrop Eagles,Gardner-Webb Runnin' Bulldogs,Big South,1,0,0,1.06691,0.9639717726160512
8065,Marquette Golden Eagles,Creighton Bluejays,Big East,0,1,0,1.10279,1.0158326064562806
8066,Creighton Bluejays,Marquette Golden Eagles,Big East,1,0,0,1.25718,1.2104733177951232
8067,Loyola Maryland Greyhounds,Boston University Terriers,Patriot,0,1,0,0.88127,0.8198908316234237
8068,Boston University Terriers,Loyola Maryland Greyhounds,Patriot,1,0,0,1.1336,1.0990343049906126
8069,Saint Louis Billikens,Rhode Island Rams,A-10,0,1,0,1.07388,1.163667864470105
8070,Rhode Island Rams,Saint Louis Billikens,A-10,1,0,0,1.28777,1.1943876262715374
8071,UMBC Retrievers,Vermont Catamounts,AM. EAST,0,1,0,0.92941,1.0508793888438503
8072,Vermont Catamounts,UMBC Retrievers,AM. EAST,1,0,0,1.24489,1.1901128776094103
8073,Auburn Tigers,Georgia Bulldogs,SEC,0,1,0,1.08902,1.1258479819723959
8074,Georgia Bulldogs,Auburn Tigers,SEC,1,0,0,1.05344,0.9629022480809142
8075,Maine Black Bears,Stony Brook Seawolves,AM. EAST,0,1,0,0.83129,0.9263353279792463
8076,Stony Brook Seawolves,Maine Black Bears,AM. EAST,1,0,0,1.24082,1.1601216987163065
8077,Hartford Hawks,UMass Lowell River Hawks,AM. EAST,0,1,0,0.95219,0.9763008329420194
8078,UMass Lowell River Hawks,Hartford Hawks,AM. EAST,1,0,0,1.09299,1.1006723773761085
8079,Bryant Bulldogs,Mount St. Mary's Mountaineers,NEC,0,1,0,1.17898,1.2274818338061577
8080,Mount St. Mary's Mountaineers,Bryant Bulldogs,NEC,1,0,0,1.35164,1.2754225280632159
8081,UNLV Rebels,Air Force Falcons,Mountain West,0,0,1,1.21539,1.1668700794128464
8082,Air Force Falcons,UNLV Rebels,Mountain West,0,0,1,1.27196,1.3212640683531385
8083,Davidson Wildcats,La Salle Explorers,A-10,0,1,0,1.27965,1.3651277639117636
8084,La Salle Explorers,Davidson Wildcats,A-10,1,0,0,1.09566,1.037860861390144
8085,North Florida Ospreys,Kennesaw State Owls,ASUN,0,1,0,1.11346,1.0506790910854271
8086,Kennesaw State Owls,North Florida Ospreys,ASUN,1,0,0,0.83635,0.8178765067030328
8087,Jacksonville Dolphins,South Carolina Upstate Spartans,ASUN,0,1,0,1.27207,1.2884946691008512
8088,South Carolina Upstate Spartans,Jacksonville Dolphins,ASUN,1,0,0,1.03048,0.8931539613993926
8089,Central Michigan Chippewas,Buffalo Bulls,MAC,0,1,0,1.22915,1.2423759150238654
8090,Buffalo Bulls,Central Michigan Chippewas,MAC,1,0,0,1.23215,1.1651601271152132
8091,Navy Midshipmen,Colgate Raiders,Patriot,0,1,0,1.16035,1.124833779203582
8092,Colgate Raiders,Navy Midshipmen,Patriot,1,0,0,1.15184,1.110771838278373
8093,Lafayette Leopards,American University Eagles,Patriot,0,1,0,1.19857,1.23167084243329
8094,American University Eagles,Lafayette Leopards,Patriot,1,0,0,1.42783,1.3016131776941318
8095,Western Illinois Leathernecks,Omaha Mavericks,Summit,0,1,0,0.80771,0.8103436005520668
8096,Omaha Mavericks,Western Illinois Leathernecks,Summit,1,0,0,1.03415,0.9818525922941967
8097,Tulane Green Wave,Cincinnati Bearcats,American,0,1,0,0.8786,1.0074403702055643
8098,Cincinnati Bearcats,Tulane Green Wave,American,1,0,0,0.85468,0.8265669853511681
8099,East Carolina Pirates,Temple Owls,American,0,1,0,0.92075,1.0132780440184799
8100,Temple Owls,East Carolina Pirates,American,1,0,0,1.16525,1.0903390398722106
8101,Delaware Blue Hens,William & Mary Tribe,CAA,0,1,0,1.20167,1.1662652652946255
8102,William & Mary Tribe,Delaware Blue Hens,CAA,1,0,0,1.19223,1.0900790227653936
8103,Florida State Seminoles,Georgia Tech Yellow Jackets,ACC,0,1,0,0.90954,0.9072801300351058
8104,Georgia Tech Yellow Jackets,Florida State Seminoles,ACC,1,0,0,0.86048,0.7841734443465559
8105,Akron Zips,Eastern Michigan Eagles,MAC,0,1,0,1.03231,1.0578243753350123
8106,Eastern Michigan Eagles,Akron Zips,MAC,1,0,0,1.09976,1.0899377500337109
8107,Oregon Ducks,UCLA Bruins,Pac-12,0,1,0,1.09084,1.0856440581372897
8108,UCLA Bruins,Oregon Ducks,Pac-12,1,0,0,1.26604,1.2165480040531416
8109,Charlotte 49ers,UTSA Roadrunners,CUSA,0,1,0,1.44136,1.386478713041954
8110,UTSA Roadrunners,Charlotte 49ers,CUSA,1,0,0,1.29172,1.2334793520096576
8111,Kansas City Roos,Chicago State Cougars,WAC,0,1,0,1.10162,1.1763179196719276
8112,Chicago State Cougars,Kansas City Roos,WAC,1,0,0,0.94081,0.9589660684398579
8113,Montana State Bobcats,North Dakota Fighting Hawks,Big Sky,0,1,0,1.1691,1.1026314814400557
8114,North Dakota Fighting Hawks,Montana State Bobcats,Big Sky,1,0,0,1.17075,1.0748469593534757
8115,Lehigh Mountain Hawks,Holy Cross Crusaders,Patriot,0,1,0,0.90762,0.8921532529136699
8116,Holy Cross Crusaders,Lehigh Mountain Hawks,Patriot,1,0,0,1.02193,1.024684260764421
8117,App State Mountaineers,UL Monroe Warhawks,Sun Belt,0,1,0,0.93409,1.0028395215481318
8118,UL Monroe Warhawks,App State Mountaineers,Sun Belt,1,0,0,1.12445,1.0643186168315244
8119,Liberty Flames,Coastal Carolina Chanticleers,Big South,0,1,0,0.92358,0.947444975510948
8120,Coastal Carolina Chanticleers,Liberty Flames,Big South,1,0,0,1.61499,1.5376623406950987
8121,Ohio Bobcats,Miami (OH) RedHawks,MAC,0,1,0,1.08575,1.022372168808006
8122,Miami (OH) RedHawks,Ohio Bobcats,MAC,1,0,0,1.30547,1.2026807224778613
8123,UNC Greensboro Spartans,Mercer Bears,Southern,0,1,0,0.9036,0.8472375915834744
8124,Mercer Bears,UNC Greensboro Spartans,Southern,1,0,0,1.02673,0.9145363250280605
8125,Richmond Spiders,George Mason Patriots,A-10,0,1,0,1.02877,0.9893494188580098
8126,George Mason Patriots,Richmond Spiders,A-10,1,0,0,1.08634,1.1126127430521182
8127,Howard Bison,Coppin State Eagles,MEAC,0,1,0,1.21971,1.1816294197392518
8128,Coppin State Eagles,Howard Bison,MEAC,1,0,0,0.94927,1.024811716875975
8129,Mississippi State Bulldogs,Missouri Tigers,SEC,0,1,0,1.28292,1.1867108381970917
8130,Missouri Tigers,Mississippi State Bulldogs,SEC,1,0,0,1.18153,1.132651572050644
8131,LSU Tigers,Tennessee Volunteers,SEC,0,1,0,1.18964,1.1497476391631196
8132,Tennessee Volunteers,LSU Tigers,SEC,1,0,0,0.86179,0.8597280079552664
8133,Fairleigh Dickinson Knights,Wagner Seahawks,NEC,0,1,0,1.09781,1.0797268606036903
8134,Wagner Seahawks,Fairleigh Dickinson Knights,NEC,1,0,0,1.13582,1.0708606430614742
8135,Cornell Big Red,Harvard Crimson,Ivy,0,1,0,0.70574,0.7919305588394863
8136,Harvard Crimson,Cornell Big Red,Ivy,1,0,0,1.07625,1.052133783149006
8137,Duquesne Dukes,Massachusetts Minutemen,A-10,0,1,0,1.12959,1.1229477108844985
8138,Massachusetts Minutemen,Duquesne Dukes,A-10,1,0,0,1.29106,1.1393979783553783
8139,High Point Panthers,Campbell Fighting Camels,Big South,0,1,0,1.13069,1.0808652373287213
8140,Campbell Fighting Camels,High Point Panthers,Big South,1,0,0,0.91912,0.8749704599114403
8141,Furman Paladins,East Tennessee State Buccaneers,Southern,0,1,0,1.05165,0.9875560076244881
8142,East Tennessee State Buccaneers,Furman Paladins,Southern,1,0,0,1.2207,1.0585973760178302
8143,Seton Hall Pirates,Providence Friars,Big East,0,1,0,0.96393,0.9757885882253267
8144,Providence Friars,Seton Hall Pirates,Big East,1,0,0,1.02679,0.9525923944400666
8145,Saint Mary's Gaels,San Diego Toreros,WCC,0,1,0,1.03746,1.046820917895228
8146,San Diego Toreros,Saint Mary's Gaels,WCC,1,0,0,0.91323,0.8621358402667486
8147,Drake Bulldogs,Indiana State Sycamores,MVC,0,1,0,0.9521,0.9483239043777584
8148,Indiana State Sycamores,Drake Bulldogs,MVC,1,0,0,1.31524,1.1548814443761755
8149,Evansville Purple Aces,Southern Illinois Salukis,MVC,0,1,0,1.14749,1.1239920989199619
8150,Southern Illinois Salukis,Evansville Purple Aces,MVC,1,0,0,1.03842,1.0197820227108791
8151,North Carolina Central Eagles,Bethune-Cookman Wildcats,MEAC,0,1,0,1.23736,1.2650422035526894
8152,Bethune-Cookman Wildcats,North Carolina Central Eagles,MEAC,1,0,0,1.00463,1.0883080432105445
8153,Sacred Heart Pioneers,St. Francis Brooklyn Terriers,NEC,0,1,0,0.99298,1.0268533982458183
8154,St. Francis Brooklyn Terriers,Sacred Heart Pioneers,NEC,1,0,0,1.16507,1.1283128949387389
8155,Norfolk State Spartans,Morgan State Bears,MEAC,0,1,0,1.19223,1.1986301556941337
8156,Morgan State Bears,Norfolk State Spartans,MEAC,1,0,0,1.19864,1.2174394090220906
8157,Delaware State Hornets,Maryland Eastern Shore Hawks,MEAC,0,1,0,1.36903,1.4024219184444904
8158,Maryland Eastern Shore Hawks,Delaware State Hornets,MEAC,1,0,0,1.32547,1.3110598503748894
8159,Stephen F. Austin Lumberjacks,Texas A&M-Corpus Christi Islanders,Southland,0,1,0,1.02347,1.0155682166918143
8160,Texas A&M-Corpus Christi Islanders,Stephen F. Austin Lumberjacks,Southland,1,0,0,1.15632,1.194605350778477
8161,SE Louisiana Lions,Nicholls Colonels,Southland,0,1,0,1.04295,1.02229543169855
8162,Nicholls Colonels,SE Louisiana Lions,Southland,1,0,0,0.907,0.8855747546458786
8163,Bowling Green Falcons,Ball State Cardinals,MAC,0,1,0,1.33591,1.2674048161476037
8164,Ball State Cardinals,Bowling Green Falcons,MAC,1,0,0,1.10707,1.0912122808887783
8165,Northern Illinois Huskies,Western Michigan Broncos,MAC,0,1,0,1.03593,0.9848424505456669
8166,Western Michigan Broncos,Northern Illinois Huskies,MAC,1,0,0,1.13943,1.0779610889848192
8167,Northwestern State Demons,McNeese Cowboys,Southland,0,1,0,1.10471,1.0481273481036135
8168,McNeese Cowboys,Northwestern State Demons,Southland,1,0,0,1.06959,0.9335302813453032
8169,Oregon State Beavers,USC Trojans,Pac-12,0,1,0,0.8208,0.7899576153632437
8170,USC Trojans,Oregon State Beavers,Pac-12,1,0,0,0.96873,0.994788259755233
8171,Charleston Southern Buccaneers,Longwood Lancers,Big South,0,1,0,1.03214,0.9528771320743425
8172,Longwood Lancers,Charleston Southern Buccaneers,Big South,1,0,0,1.05686,0.9663945399217931
8173,Wofford Terriers,Western Carolina Catamounts,Southern,0,1,0,1.32775,1.2460246722757276
8174,Western Carolina Catamounts,Wofford Terriers,Southern,1,0,0,0.94917,0.9488790864451023
8175,Florida Gulf Coast Eagles,Lipscomb Bisons,ASUN,0,1,0,1.14535,1.102917556697047
8176,Lipscomb Bisons,Florida Gulf Coast Eagles,ASUN,1,0,0,1.12105,1.1501440122786202
8177,North Dakota State Bison,South Dakota State Jackrabbits,Summit,0,1,0,1.06069,1.1239976270209762
8178,South Dakota State Jackrabbits,North Dakota State Bison,Summit,1,0,0,1.19732,1.185796747213022
8179,UT Arlington Mavericks,South Alabama Jaguars,Sun Belt,0,1,0,1.11888,1.0773529200753549
8180,South Alabama Jaguars,UT Arlington Mavericks,Sun Belt,1,0,0,1.19945,1.1835602654356843
8181,Portland State Vikings,Eastern Washington Eagles,Big Sky,0,1,0,1.08308,1.0334214320344557
8182,Eastern Washington Eagles,Portland State Vikings,Big Sky,1,0,0,1.1103,1.0303198159840834
8183,Louisiana Ragin' Cajuns,Troy Trojans,Sun Belt,0,1,0,1.20258,1.1814310543180726
8184,Troy Trojans,Louisiana Ragin' Cajuns,Sun Belt,1,0,0,1.12613,1.1382685419365977
8185,Western Kentucky Hilltoppers,Marshall Thundering Herd,CUSA,0,1,0,1.26957,1.2638038251930854
8186,Marshall Thundering Herd,Western Kentucky Hilltoppers,CUSA,1,0,0,1.31722,1.3036014776101035
8187,Alcorn State Braves,Mississippi Valley State Delta Devils,SWAC,0,1,0,1.13307,1.087845790264694
8188,Mississippi Valley State Delta Devils,Alcorn State Braves,SWAC,1,0,0,1.0971,1.026449574648935
8189,San José State Spartans,Wyoming Cowboys,Mountain West,0,1,0,1.05148,1.1031567396646906
8190,Wyoming Cowboys,San José State Spartans,Mountain West,1,0,0,1.28621,1.1716575243227665
8191,Yale Bulldogs,Princeton Tigers,Ivy,0,1,0,1.3832,1.3479669460819543
8192,Princeton Tigers,Yale Bulldogs,Ivy,1,0,0,1.23927,1.2845175494926016
8193,Samford Bulldogs,Chattanooga Mocs,Southern,0,1,0,1.16315,1.1316508864954136
8194,Chattanooga Mocs,Samford Bulldogs,Southern,1,0,0,1.32557,1.1850480486231227
8195,IU Indianapolis Jaguars,Denver Pioneers,Summit,0,1,0,1.01828,1.0055933989445576
8196,Denver Pioneers,IU Indianapolis Jaguars,Summit,1,0,0,1.03386,1.0301892665798678
8197,South Carolina State Bulldogs,Savannah State Tigers,MEAC,0,1,0,0.93603,0.992747905567877
8198,Savannah State Tigers,South Carolina State Bulldogs,MEAC,1,0,0,0.87466,0.8696149793093546
8199,Georgia Southern Eagles,Little Rock Trojans,Sun Belt,0,1,0,1.06474,1.0265362634974071
8200,Little Rock Trojans,Georgia Southern Eagles,Sun Belt,1,0,0,1.06541,1.0970329606615103
8201,North Carolina A&T Aggies,Florida A&M Rattlers,MEAC,0,1,0,0.89429,0.8393008476200972
8202,Florida A&M Rattlers,North Carolina A&T Aggies,MEAC,1,0,0,1.0153,0.9818769733462415
8203,Alabama A&M Bulldogs,Alabama State Hornets,SWAC,0,1,0,1.24452,1.3212962090144575
8204,Alabama State Hornets,Alabama A&M Bulldogs,SWAC,1,0,0,1.11855,1.0745734257434856
8205,Florida Gators,Texas A&M Aggies,SEC,0,1,0,1.04032,1.0483409558072418
8206,Texas A&M Aggies,Florida Gators,SEC,1,0,0,1.06327,1.1001777479630022
8207,Monmouth Hawks,Siena Saints,MAAC,0,0,1,1.43048,1.3495743797769426
8208,Siena Saints,Monmouth Hawks,MAAC,0,0,1,1.10522,1.1431160972753234
8209,James Madison Dukes,Elon Phoenix,CAA,0,1,0,1.40943,1.4039875264533663
8210,Elon Phoenix,James Madison Dukes,CAA,1,0,0,1.20937,1.1468351139657702
8211,Murray State Racers,Southeast Missouri State Redhawks,OVC,0,1,0,1.31467,1.3073062964960476
8212,Southeast Missouri State Redhawks,Murray State Racers,OVC,1,0,0,1.28463,1.2747814291523445
8213,Morehead State Eagles,Belmont Bruins,OVC,0,1,0,0.95336,0.9378829194912945
8214,Belmont Bruins,Morehead State Eagles,OVC,1,0,0,0.99044,0.9968106689407722
8215,Austin Peay Governors,UT Martin Skyhawks,OVC,0,1,0,1.06973,1.043291257044219
8216,UT Martin Skyhawks,Austin Peay Governors,OVC,1,0,0,1.19343,1.1362172106642707
8217,Boise State Broncos,Fresno State Bulldogs,Mountain West,0,1,0,1.12918,1.0946606542958346
8218,Fresno State Bulldogs,Boise State Broncos,Mountain West,1,0,0,1.252,1.2838653991800402
8219,Florida International Panthers,Louisiana Tech Bulldogs,CUSA,0,1,0,0.58552,0.6530892623754663
8220,Louisiana Tech Bulldogs,Florida International Panthers,CUSA,1,0,0,1.08447,1.0512285058870157
8221,Columbia Lions,Dartmouth Big Green,Ivy,0,1,0,0.8373,0.8480964509310795
8222,Dartmouth Big Green,Columbia Lions,Ivy,1,0,0,1.09782,1.042133465865702
8223,Brown Bears,Pennsylvania Quakers,Ivy,0,1,0,1.1636,1.124816740472206
8224,Pennsylvania Quakers,Brown Bears,Ivy,1,0,0,0.90081,0.8332565138466528
8225,Stetson Hatters,Northern Kentucky Norse,ASUN,0,1,0,0.87419,0.8173143215536294
8226,Northern Kentucky Norse,Stetson Hatters,ASUN,1,0,0,1.27564,1.1561175440852458
8227,Radford Highlanders,Presbyterian Blue Hose,Big South,0,1,0,0.98933,0.873913419628825
8228,Presbyterian Blue Hose,Radford Highlanders,Big South,1,0,0,0.89086,0.8431037069223521
8229,Northeastern Huskies,UNC Wilmington Seahawks,CAA,0,1,0,0.92572,0.9480141753624971
8230,UNC Wilmington Seahawks,Northeastern Huskies,CAA,1,0,0,1.02735,1.0317730351266778
8231,Vanderbilt Commodores,Alabama Crimson Tide,SEC,0,1,0,1.31071,1.3009902800878592
8232,Alabama Crimson Tide,Vanderbilt Commodores,SEC,1,0,0,1.21124,1.1452936765789843
8233,Eastern Illinois Panthers,SIU Edwardsville Cougars,OVC,0,1,0,1.05371,1.0484794419561823
8234,SIU Edwardsville Cougars,Eastern Illinois Panthers,OVC,1,0,0,1.3169,1.2765411963350646
8235,UC Irvine Anteaters,UC Riverside Highlanders,Big West,0,1,0,0.93696,0.9338429671069993
8236,UC Riverside Highlanders,UC Irvine Anteaters,Big West,1,0,0,1.14146,1.1657416288128069
8237,Sam Houston Bearkats,Houston Christian Huskies,Southland,0,1,0,1.34379,1.2635146888989497
8238,Houston Christian Huskies,Sam Houston Bearkats,Southland,1,0,0,1.05285,1.1355002801223755
8239,Colorado State Rams,San Diego State Aztecs,Mountain West,0,1,0,0.99191,1.1195693482736488
8240,San Diego State Aztecs,Colorado State Rams,Mountain West,1,0,0,1.16387,1.178227618352832
8241,UAB Blazers,Rice Owls,CUSA,0,1,0,0.93097,0.9329645619542647
8242,Rice Owls,UAB Blazers,CUSA,1,0,0,1.07686,1.0995891859461477
8243,Middle Tennessee Blue Raiders,North Texas Mean Green,CUSA,0,1,0,0.94025,0.9585520246028402
8244,North Texas Mean Green,Middle Tennessee Blue Raiders,CUSA,1,0,0,0.95274,0.9582186286708518
8245,Florida Atlantic Owls,Southern Miss Golden Eagles,CUSA,0,1,0,0.9599,0.8938029028408774
8246,Southern Miss Golden Eagles,Florida Atlantic Owls,CUSA,1,0,0,1.0858,1.0121932210598927
8247,Seattle U Redhawks,UT Rio Grande Valley Vaqueros,WAC,0,1,0,1.05574,1.0789575608761406
8248,UT Rio Grande Valley Vaqueros,Seattle U Redhawks,WAC,1,0,0,1.21623,1.2922983853054588
8249,South Dakota Coyotes,Oral Roberts Golden Eagles,Summit,0,1,0,1.23866,1.2115895954955511
8250,Oral Roberts Golden Eagles,South Dakota Coyotes,Summit,1,0,0,1.03752,0.9727261188396203
8251,Texas Tech Red Raiders,Texas Longhorns,Big 12,0,1,0,0.8322,0.8492750038628533
8252,Texas Longhorns,Texas Tech Red Raiders,Big 12,1,0,0,1.11408,1.0437889347901745
8253,Texas Southern Tigers,Grambling Tigers,SWAC,0,1,0,1.42525,1.3712700332712007
8254,Grambling Tigers,Texas Southern Tigers,SWAC,1,0,0,1.0016,1.0031886646726567
8255,Tennessee Tech Golden Eagles,Jacksonville State Gamecocks,OVC,0,1,0,1.11654,1.0607954430290953
8256,Jacksonville State Gamecocks,Tennessee Tech Golden Eagles,OVC,1,0,0,1.328,1.235924693014195
8257,Southern Jaguars,Arkansas-Pine Bluff Golden Lions,SWAC,0,1,0,1.15602,1.192155641958189
8258,Arkansas-Pine Bluff Golden Lions,Southern Jaguars,SWAC,1,0,0,0.84836,0.9198630261530597
8259,Prairie View A&M Panthers,Jackson State Tigers,SWAC,0,1,0,0.98545,1.0779692056908068
8260,Jackson State Tigers,Prairie View A&M Panthers,SWAC,1,0,0,0.93187,0.9862949102194776
8261,Eastern Kentucky Colonels,Tennessee State Tigers,OVC,0,1,0,1.16453,1.1370470614390862
8262,Tennessee State Tigers,Eastern Kentucky Colonels,OVC,1,0,0,0.69739,0.706519906272726
8263,Old Dominion Monarchs,UTEP Miners,CUSA,0,1,0,0.83262,0.9044281344217933
8264,UTEP Miners,Old Dominion Monarchs,CUSA,1,0,0,1.12908,1.1870413187637223
8265,Cal State Bakersfield Roadrunners,New Mexico State Aggies,WAC,0,1,0,0.95839,1.127253895556629
8266,New Mexico State Aggies,Cal State Bakersfield Roadrunners,WAC,1,0,0,1.22588,1.2806123362962056
8267,Utah Valley Wolverines,Grand Canyon Lopes,WAC,0,1,0,1.00363,1.0287521638123673
8268,Grand Canyon Lopes,Utah Valley Wolverines,WAC,1,0,0,1.49478,1.5150463209506777
8269,Pacific Tigers,BYU Cougars,WCC,0,1,0,1.03675,0.9959282417418895
8270,BYU Cougars,Pacific Tigers,WCC,1,0,0,1.41861,1.2612137171751192
8271,Montana Grizzlies,Northern Colorado Bears,Big Sky,0,1,0,1.03717,0.8897143822530212
8272,Northern Colorado Bears,Montana Grizzlies,Big Sky,1,0,0,1.00351,0.9525969453648457
8273,Southern Utah Thunderbirds,Idaho State Bengals,Big Sky,0,1,0,1.25951,1.210542002899891
8274,Idaho State Bengals,Southern Utah Thunderbirds,Big Sky,1,0,0,1.19835,1.0664905418325215
8275,Northern Arizona Lumberjacks,Weber State Wildcats,Big Sky,0,1,0,1.00477,0.9671637543692825
8276,Weber State Wildcats,Northern Arizona Lumberjacks,Big Sky,1,0,0,0.89799,0.8713695561616855
8277,UC Santa Barbara Gauchos,Cal State Northridge Matadors,Big West,0,1,0,1.17142,1.1124181917887757
8278,Cal State Northridge Matadors,UC Santa Barbara Gauchos,Big West,1,0,0,1.02371,1.003470539934955
8279,Long Beach State Beach,Cal Poly Mustangs,Big West,0,1,0,1.10008,1.1197084628583773
8280,Cal Poly Mustangs,Long Beach State Beach,Big West,1,0,0,1.3408,1.3293897945887208
8281,New Mexico Lobos,Nevada Wolf Pack,Mountain West,0,1,0,0.99855,0.9858855239581334
8282,Nevada Wolf Pack,New Mexico Lobos,Mountain West,1,0,0,1.00394,1.0249864108911173
8283,Loyola Marymount Lions,Portland Pilots,WCC,0,1,0,1.05642,0.996333298899968
8284,Portland Pilots,Loyola Marymount Lions,WCC,1,0,0,1.14813,0.9885392194316349
8285,Sacramento State Hornets,Idaho Vandals,Big Sky,0,1,0,1.03241,0.9619059830572187
8286,Idaho Vandals,Sacramento State Hornets,Big Sky,1,0,0,1.2654,1.1498752874543927
8287,Cal State Fullerton Titans,Hawai'i Rainbow Warriors,Big West,0,1,0,0.95122,0.9801677289773764
8288,Hawai'i Rainbow Warriors,Cal State Fullerton Titans,Big West,1,0,0,1.32916,1.2366776890342939
8289,Illinois Fighting Illini,Wisconsin Badgers,Big Ten,0,1,0,1.04508,1.0827788093443496
8290,Wisconsin Badgers,Illinois Fighting Illini,Big Ten,1,0,0,1.45748,1.4357898955716093
8291,Arizona Wildcats,Washington State Cougars,Pac-12,0,1,0,1.2653,1.153393175978082
8292,Washington State Cougars,Arizona Wildcats,Pac-12,1,0,0,0.86806,0.9530694213507648
8293,California Golden Bears,Utah Utes,Pac-12,0,1,0,1.02026,1.105533540612767
8294,Utah Utes,California Golden Bears,Pac-12,1,0,0,1.28184,1.2595979977561276
8295,Northern Iowa Panthers,Missouri State Bears,MVC,0,1,0,1.24531,1.1931842766181773
8296,Missouri State Bears,Northern Iowa Panthers,MVC,1,0,0,1.07021,1.0933133232200414
8297,Towson Tigers,Charleston Cougars,CAA,0,1,0,0.90803,0.8995628504180792
8298,Charleston Cougars,Towson Tigers,CAA,1,0,0,0.85048,0.7714072421604595
8299,Rider Broncs,Niagara Purple Eagles,MAAC,0,0,1,1.15629,1.0800882665469083
8300,Niagara Purple Eagles,Rider Broncs,MAAC,0,0,1,0.96929,1.0116750561648749
8301,Valparaiso Beacons,Milwaukee Panthers,Horizon,0,1,0,1.08144,1.0409588822167997
8302,Milwaukee Panthers,Valparaiso Beacons,Horizon,1,0,0,0.94168,0.9523026699388811
8303,Houston Cougars,UCF Knights,American,0,1,0,1.00089,0.9223102046683198
8304,UCF Knights,Houston Cougars,American,1,0,0,1.04465,1.000284361416003
8305,Loyola Chicago Ramblers,Bradley Braves,MVC,0,1,0,0.99697,0.9990226219512802
8306,Bradley Braves,Loyola Chicago Ramblers,MVC,1,0,0,0.92014,0.9070198750769303
8307,Saint Peter's Peacocks,Canisius Golden Griffins,MAAC,0,1,0,1.0009,1.0674166771237805
8308,Canisius Golden Griffins,Saint Peter's Peacocks,MAAC,1,0,0,1.2487,1.2540201666099435
8309,Fairfield Stags,Manhattan Jaspers,MAAC,0,1,0,1.10681,1.1510191345954823
8310,Manhattan Jaspers,Fairfield Stags,MAAC,1,0,0,1.28581,1.2653456388533706
8311,Saint Joseph's Hawks,Fordham Rams,A-10,0,1,0,0.95741,0.9216665824625249
8312,Fordham Rams,Saint Joseph's Hawks,A-10,1,0,0,1.24265,1.2366318671567724
8313,Youngstown State Penguins,Wright State Raiders,Horizon,0,1,0,1.23531,1.2145258958146627
8314,Wright State Raiders,Youngstown State Penguins,Horizon,1,0,0,1.15778,1.0129247537669102
8315,Detroit Mercy Titans,Oakland Golden Grizzlies,Horizon,0,0,1,1.18856,1.1134395927094276
8316,Oakland Golden Grizzlies,Detroit Mercy Titans,Horizon,0,0,1,1.27746,1.2836158123166872
8317,UIC Flames,Cleveland State Vikings,Horizon,0,1,0,1.06921,1.072573497082013
8318,Cleveland State Vikings,UIC Flames,Horizon,1,0,0,1.24008,1.1468367330848
8319,Iowa Hawkeyes,Northwestern Wildcats,Big Ten,0,1,0,1.06257,0.9830947213272221
8320,Northwestern Wildcats,Iowa Hawkeyes,Big Ten,1,0,0,1.14967,1.1302233416515524
8321,Stanford Cardinal,Colorado Buffaloes,Pac-12,0,1,0,0.91485,0.9086180048924537
8322,Colorado Buffaloes,Stanford Cardinal,Pac-12,1,0,0,1.03263,0.9734002723653047
8323,Bucknell Bison,Army Black Knights,Patriot,0,1,0,1.27112,1.2571445356019348
8324,Army Black Knights,Bucknell Bison,Patriot,1,0,0,1.1953,1.150142582005187
8325,Iona Gaels,Quinnipiac Bobcats,MAAC,0,1,0,0.8893,0.9200472797123516
8326,Quinnipiac Bobcats,Iona Gaels,MAAC,1,0,0,0.85407,0.8056544357766335
8327,Hofstra Pride,Drexel Dragons,CAA,0,1,0,1.33844,1.315811321257997
8328,Drexel Dragons,Hofstra Pride,CAA,1,0,0,0.9909,0.9352574430499597
8329,Nebraska Cornhuskers,Purdue Boilermakers,Big Ten,0,1,0,0.90784,0.9044010661646626
8330,Purdue Boilermakers,Nebraska Cornhuskers,Big Ten,1,0,0,1.18127,1.1611835684559808
8331,Arizona State Sun Devils,Washington Huskies,Pac-12,0,1,0,1.29461,1.2763288728627205
8332,Washington Huskies,Arizona State Sun Devils,Pac-12,1,0,0,1.08573,1.0511033001638088
8333,VMI Keydets,The Citadel Bulldogs,Southern,0,1,0,1.30675,1.0811225109228122
8334,The Citadel Bulldogs,VMI Keydets,Southern,1,0,0,1.10918,0.9833810335800263
8335,Minnesota Golden Gophers,Indiana Hoosiers,Big Ten,0,1,0,1.147,1.0430619507178924
8336,Indiana Hoosiers,Minnesota Golden Gophers,Big Ten,1,0,0,1.42132,1.349583712821091
8337,Pittsburgh Panthers,Virginia Cavaliers,ACC,0,1,0,0.93689,1.0519076640880127
8338,Virginia Cavaliers,Pittsburgh Panthers,ACC,1,0,0,1.16206,1.0298112607691714
8339,Seton Hall Pirates,Villanova Wildcats,Big East,0,1,0,0.92274,0.9909004410893015
8340,Villanova Wildcats,Seton Hall Pirates,Big East,1,0,0,1.35811,1.2839123944400663
8341,Kansas Jayhawks,West Virginia Mountaineers,Big 12,0,1,0,1.1179,1.1425153484997779
8342,West Virginia Mountaineers,Kansas Jayhawks,Big 12,1,0,0,1.13623,1.14962826130129
8343,Butler Bulldogs,Creighton Bluejays,Big East,0,1,0,1.11717,1.0302126064562807
8344,Creighton Bluejays,Butler Bulldogs,Big East,1,0,0,1.09238,1.1320833605741627
8345,Miami Hurricanes,Boston College Eagles,ACC,0,1,0,1.21537,1.1451136888895417
8346,Boston College Eagles,Miami Hurricanes,ACC,1,0,0,1.15502,1.0998863193558497
8347,Prairie View A&M Panthers,Grambling Tigers,SWAC,0,1,0,1.21154,1.1575600332712008
8348,Grambling Tigers,Prairie View A&M Panthers,SWAC,1,0,0,0.58194,0.6363649102194776
8349,Southern Jaguars,Mississippi Valley State Delta Devils,SWAC,0,0,1,1.10677,1.061545790264694
8350,Mississippi Valley State Delta Devils,Southern Jaguars,SWAC,0,0,1,0.86599,0.9706711765476669
8351,Howard Bison,Maryland Eastern Shore Hawks,MEAC,0,1,0,0.96929,1.0026819184444904
8352,Maryland Eastern Shore Hawks,Howard Bison,MEAC,1,0,0,1.13782,1.213361716875975
8353,Tennessee Tech Golden Eagles,East Tennessee State Buccaneers,OVC,0,1,0,1.17896,1.1688958389820148
8354,East Tennessee State Buccaneers,Tennessee Tech Golden Eagles,Southern,1,0,0,1.27211,1.1260048616566682
8355,Clemson Tigers,Georgia Tech Yellow Jackets,ACC,0,1,0,0.84267,0.8404101300351058
8356,Georgia Tech Yellow Jackets,Clemson Tigers,ACC,1,0,0,1.04101,1.0177501627301448
8357,Marist Red Foxes,Monmouth Hawks,MAAC,0,1,0,1.0553,1.0931960972753232
8358,Monmouth Hawks,Marist Red Foxes,MAAC,1,0,0,1.13368,1.087581533349114
8359,Coppin State Eagles,Delaware State Hornets,MEAC,0,1,0,1.16387,1.1826380007694965
8360,Delaware State Hornets,Coppin State Eagles,MEAC,1,0,0,1.10713,1.0358712693446446
8361,Central Arkansas Bears,Northwestern State Demons,Southland,0,1,0,0.96912,0.8662384317399103
8362,Northwestern State Demons,Central Arkansas Bears,Southland,1,0,0,1.21387,1.0700503153226437
8363,Abilene Christian Wildcats,Sam Houston Bearkats,Southland,0,1,0,0.89109,1.0069184305169827
8364,Sam Houston Bearkats,Abilene Christian Wildcats,Southland,1,0,0,1.24677,1.1285040993465665
8365,North Carolina A&T Aggies,Bethune-Cookman Wildcats,MEAC,0,1,0,0.92417,0.9518522035526896
8366,Bethune-Cookman Wildcats,North Carolina A&T Aggies,MEAC,1,0,0,1.27073,1.2373069733462412
8367,New Orleans Privateers,Texas A&M-Corpus Christi Islanders,Southland,0,1,0,0.95848,0.9505782166918141
8368,Texas A&M-Corpus Christi Islanders,New Orleans Privateers,Southland,1,0,0,0.97568,0.9082372961872186
8369,SE Louisiana Lions,McNeese Cowboys,Southland,0,1,0,1.06387,1.0072873481036138
8370,McNeese Cowboys,SE Louisiana Lions,Southland,1,0,0,1.1204,1.0989747546458788
8371,Stephen F. Austin Lumberjacks,Incarnate Word Cardinals,Southland,0,1,0,1.44231,1.386717440316875
8372,Incarnate Word Cardinals,Stephen F. Austin Lumberjacks,Southland,1,0,0,1.22095,1.2592353507784773
8373,Houston Christian Huskies,Lamar Cardinals,Southland,0,1,0,0.92132,0.8914038571154597
8374,Lamar Cardinals,Houston Christian Huskies,Southland,1,0,0,1.07697,0.9635165385043424
8375,Coastal Carolina Chanticleers,Radford Highlanders,Big South,0,1,0,1.15072,1.1361418573169593
8376,Radford Highlanders,Coastal Carolina Chanticleers,Big South,1,0,0,1.04096,1.031646825116341
8377,North Carolina Central Eagles,Florida A&M Rattlers,MEAC,0,1,0,1.27416,1.219170847620097
8378,Florida A&M Rattlers,North Carolina Central Eagles,MEAC,1,0,0,0.82672,0.9103980432105447
8379,Hampton Pirates,Morgan State Bears,MEAC,0,1,0,1.268,1.2744001556941338
8380,Morgan State Bears,Hampton Pirates,MEAC,1,0,0,0.86187,0.9123205196971014
8381,Texas Southern Tigers,Jackson State Tigers,SWAC,0,1,0,1.09147,1.1839892056908068
8382,Jackson State Tigers,Texas Southern Tigers,SWAC,1,0,0,1.07041,1.0719986646726567
8383,Kentucky Wildcats,Tennessee Volunteers,SEC,0,1,0,1.22244,1.1825476391631196
8384,Tennessee Volunteers,Kentucky Wildcats,SEC,1,0,0,0.88652,1.0397931073600468
8385,Wake Forest Demon Deacons,Notre Dame Fighting Irish,ACC,0,0,1,1.10659,1.0668880500142248
8386,Notre Dame Fighting Irish,Wake Forest Demon Deacons,ACC,0,0,1,1.30356,1.2517842767377347
8387,Wichita State Shockers,Southern Illinois Salukis,MVC,0,1,0,1.36208,1.338582098919962
8388,Southern Illinois Salukis,Wichita State Shockers,MVC,1,0,0,1.05459,1.1120717817296095
8389,Texas Longhorns,Oklahoma Sooners,Big 12,0,1,0,1.13225,1.2023791704323328
8390,Oklahoma Sooners,Texas Longhorns,Big 12,1,0,0,1.19288,1.1767768534682461
8391,Baylor Bears,Texas Tech Red Raiders,Big 12,0,1,0,1.00951,0.9723970851847816
8392,Texas Tech Red Raiders,Baylor Bears,Big 12,1,0,0,0.92736,0.9317538369726417
8393,Saint Louis Billikens,VCU Rams,A-10,0,1,0,0.91852,0.9802249718059001
8394,VCU Rams,Saint Louis Billikens,A-10,1,0,0,1.25461,1.1612276262715373
8395,South Carolina Gamecocks,Georgia Bulldogs,SEC,0,1,0,1.23092,1.2677479819723958
8396,Georgia Bulldogs,South Carolina Gamecocks,SEC,1,0,0,1.11635,1.1282114439152313
8397,UMBC Retrievers,Hartford Hawks,AM. EAST,0,1,0,0.91313,0.9539905277707157
8398,Hartford Hawks,UMBC Retrievers,AM. EAST,1,0,0,0.98507,0.9302928776094103
8399,Stony Brook Seawolves,UAlbany Great Danes,AM. EAST,0,1,0,1.05817,1.103640675309953
8400,UAlbany Great Danes,Stony Brook Seawolves,AM. EAST,1,0,0,1.01063,1.0724971775846392
8401,St. John's Red Storm,Georgetown Hoyas,Big East,0,1,0,0.85604,0.8577454850956526
8402,Georgetown Hoyas,St. John's Red Storm,Big East,1,0,0,1.23044,1.1964690521138224
8403,Houston Cougars,South Florida Bulls,American,0,1,0,1.03919,1.0113506997621706
8404,South Florida Bulls,Houston Cougars,American,1,0,0,1.11538,1.071014361416003
8405,Longwood Lancers,Liberty Flames,Big South,0,1,0,1.17754,1.133390491089706
8406,Liberty Flames,Longwood Lancers,Big South,1,0,0,1.07821,0.9657689816797352
8407,Drake Bulldogs,Evansville Purple Aces,MVC,0,1,0,0.9119,0.9264401731054867
8408,Evansville Purple Aces,Drake Bulldogs,MVC,1,0,0,1.10854,0.9481814443761758
8409,Alcorn State Braves,Arkansas-Pine Bluff Golden Lions,SWAC,0,1,0,1.04107,1.0772056419581888
8410,Arkansas-Pine Bluff Golden Lions,Alcorn State Braves,SWAC,1,0,0,1.06882,0.9981695746489352
8411,LSU Tigers,Texas A&M Aggies,SEC,0,1,0,1.00285,1.010870955807242
8412,Texas A&M Aggies,LSU Tigers,SEC,1,0,0,1.08242,1.0803580079552664
8413,Alabama Crimson Tide,Auburn Tigers,SEC,0,1,0,1.20592,1.1485603984755215
8414,Auburn Tigers,Alabama Crimson Tide,SEC,1,0,0,1.02124,0.978342129693252
8415,Michigan State Spartans,Michigan Wolverines,Big Ten,0,1,0,1.47545,1.4552119742698366
8416,Michigan Wolverines,Michigan State Spartans,Big Ten,1,0,0,1.2392,1.2520727946729087
8417,San Diego State Aztecs,New Mexico Lobos,Mountain West,0,1,0,1.20901,1.2632345612857243
8418,New Mexico Lobos,San Diego State Aztecs,Mountain West,1,0,0,0.91096,1.0054411978790418
8419,Wyoming Cowboys,Nevada Wolf Pack,Mountain West,0,1,0,1.07527,1.0626055239581336
8420,Nevada Wolf Pack,Wyoming Cowboys,Mountain West,1,0,0,0.93524,0.9537385892700835
8421,North Carolina Tar Heels,Duke Blue Devils,ACC,0,1,0,1.11874,1.158888430319219
8422,Duke Blue Devils,North Carolina Tar Heels,ACC,1,0,0,1.17385,1.1505241772710642
8423,Northern Iowa Panthers,Loyola Chicago Ramblers,MVC,0,1,0,1.11966,1.1397180254715376
8424,Loyola Chicago Ramblers,Northern Iowa Panthers,MVC,1,0,0,0.76825,0.7913533232200415
8425,Louisville Cardinals,Syracuse Orange,ACC,0,1,0,1.00488,1.0471108890351584
8426,Syracuse Orange,Louisville Cardinals,ACC,1,0,0,1.1806,1.2342850695498062
8427,Iowa State Cyclones,Oklahoma State Cowboys,Big 12,0,1,0,1.18448,1.1901441676189406
8428,Oklahoma State Cowboys,Iowa State Cyclones,Big 12,1,0,0,1.07816,1.0395005647421032
8429,Missouri Tigers,Arkansas Razorbacks,SEC,0,1,0,1.01806,1.0012817493844821
8430,Arkansas Razorbacks,Missouri Tigers,SEC,1,0,0,1.29361,1.1642226878024844
8431,Richmond Spiders,St. Bonaventure Bonnies,A-10,0,1,0,1.20297,1.214861478157769
8432,St. Bonaventure Bonnies,Richmond Spiders,A-10,1,0,0,0.92183,0.948102743052118
8433,Massachusetts Minutemen,Rhode Island Rams,A-10,0,1,0,0.8907,0.9804878644701052
8434,Rhode Island Rams,Massachusetts Minutemen,A-10,1,0,0,1.16465,1.1248295604898912
8435,Fordham Rams,George Mason Patriots,A-10,0,1,0,1.27499,1.23556941885801
8436,George Mason Patriots,Fordham Rams,A-10,1,0,0,1.04721,0.9782884320679177
8437,William & Mary Tribe,Northeastern Huskies,CAA,0,1,0,1.29702,1.334621185521285
8438,Northeastern Huskies,William & Mary Tribe,CAA,1,0,0,1.50472,1.4361371149000184
8439,Hofstra Pride,Towson Tigers,CAA,0,1,0,1.47406,1.4281653925550666
8440,Towson Tigers,Hofstra Pride,CAA,1,0,0,1.35582,1.3001774430499597
8441,Drexel Dragons,James Madison Dukes,CAA,0,1,0,1.24084,1.2114832643603772
8442,James Madison Dukes,Drexel Dragons,CAA,1,0,0,1.36623,1.3104231708633898
8443,Elon Phoenix,Charleston Cougars,CAA,0,1,0,1.1497,1.141232850418079
8444,Charleston Cougars,Elon Phoenix,CAA,1,0,0,1.42618,1.3875593760587592
8445,Oakland Golden Grizzlies,Wright State Raiders,Horizon,0,1,0,1.15673,1.1359458958146629
8446,Wright State Raiders,Oakland Golden Grizzlies,Horizon,1,0,0,1.0665,0.9582014423148202
8447,Vanderbilt Commodores,Florida Gators,SEC,0,1,0,0.80896,0.8790458983576095
8448,Florida Gators,Vanderbilt Commodores,SEC,1,0,0,0.87096,0.8050136765789841
8449,Maine Black Bears,UMass Lowell River Hawks,AM. EAST,0,1,0,1.05234,1.0764508329420195
8450,UMass Lowell River Hawks,Maine Black Bears,AM. EAST,1,0,0,1.21954,1.1388416987163066
8451,Vermont Catamounts,Binghamton Bearcats,AM. EAST,0,0,1,1.09085,1.1005403235689846
8452,Binghamton Bearcats,Vermont Catamounts,AM. EAST,0,0,1,1.14447,1.2659393888438504
8453,Wisconsin Badgers,Penn State Nittany Lions,Big Ten,0,0,1,1.01222,1.0176201917315817
8454,Penn State Nittany Lions,Wisconsin Badgers,Big Ten,0,0,1,0.85412,0.8918188093443497
8455,Davidson Wildcats,George Washington Revolutionaries,A-10,0,1,0,1.09845,1.1547389839337512
8456,George Washington Revolutionaries,Davidson Wildcats,A-10,1,0,0,1.04101,0.9832108613901439
8457,Duquesne Dukes,La Salle Explorers,A-10,0,1,0,0.99049,1.0759677639117635
8458,La Salle Explorers,Duquesne Dukes,A-10,1,0,0,1.20065,1.0489879783553782
8459,UNC Asheville Bulldogs,Winthrop Eagles,Big South,0,1,0,1.15888,1.1669768565294967
8460,Winthrop Eagles,UNC Asheville Bulldogs,Big South,1,0,0,1.52496,1.4747157931679387
8461,Gardner-Webb Runnin' Bulldogs,High Point Panthers,Big South,0,1,0,0.98993,0.9789586103060474
8462,High Point Panthers,Gardner-Webb Runnin' Bulldogs,Big South,1,0,0,1.30444,1.2015017726160513
8463,Virginia Tech Hokies,Miami Hurricanes,ACC,0,1,0,0.8909,0.868944469750457
8464,Miami Hurricanes,Virginia Tech Hokies,ACC,1,0,0,1.30724,1.1705501452750635
8465,Ball State Cardinals,Kent State Golden Flashes,MAC,0,1,0,0.98869,0.976477638348963
8466,Kent State Golden Flashes,Ball State Cardinals,MAC,1,0,0,1.1348,1.0331166657529967
8467,Toledo Rockets,Akron Zips,MAC,0,1,0,1.07649,1.0998459004283179
8468,Akron Zips,Toledo Rockets,MAC,1,0,0,1.05316,0.988743292551805
8469,Ohio Bobcats,Western Michigan Broncos,MAC,0,1,0,1.07148,1.0203924505456667
8470,Western Michigan Broncos,Ohio Bobcats,MAC,1,0,0,1.2475,1.1447107224778614
8471,Buffalo Bulls,Eastern Michigan Eagles,MAC,0,1,0,1.12286,1.1483743753350122
8472,Eastern Michigan Eagles,Buffalo Bulls,MAC,1,0,0,0.88111,0.8611577646292583
8473,Northern Illinois Huskies,Central Michigan Chippewas,MAC,0,0,1,1.07759,1.0437782775098203
8474,Central Michigan Chippewas,Northern Illinois Huskies,MAC,0,0,1,1.16502,1.1367292393794264
8475,Miami (OH) RedHawks,Bowling Green Falcons,MAC,0,1,0,1.1036,1.1209204312833854
8476,Bowling Green Falcons,Miami (OH) RedHawks,MAC,1,0,0,0.97547,0.8789140184133991
8477,Loyola Maryland Greyhounds,Bucknell Bison,Patriot,0,1,0,0.85607,0.8440907323997942
8478,Bucknell Bison,Loyola Maryland Greyhounds,Patriot,1,0,0,1.09178,1.0572143049906126
8479,Lehigh Mountain Hawks,Navy Midshipmen,Patriot,0,1,0,1.04167,1.0337799886729802
8480,Navy Midshipmen,Lehigh Mountain Hawks,Patriot,1,0,0,0.94212,0.944874260764421
8481,Holy Cross Crusaders,Lafayette Leopards,Patriot,0,1,0,1.27301,1.179971328088739
8482,Lafayette Leopards,Holy Cross Crusaders,Patriot,1,0,0,1.36096,1.3123151025190627
8483,Boston University Terriers,American University Eagles,Patriot,0,1,0,1.06685,1.0999508424332902
8484,American University Eagles,Boston University Terriers,Patriot,1,0,0,0.94925,0.8546926812288166
8485,Army Black Knights,Colgate Raiders,Patriot,0,1,0,1.02444,0.9889237792035821
8486,Colgate Raiders,Army Black Knights,Patriot,1,0,0,1.27999,1.2328363852073276
8487,Xavier Musketeers,Cincinnati Bearcats,Big East,1,0,0,1.11418,1.1239586402375652
8488,Cincinnati Bearcats,Xavier Musketeers,American,1,0,0,1.08666,1.1245658524670095
8489,East Carolina Pirates,Tulsa Golden Hurricane,American,0,1,0,0.94995,1.0395046246393078
8490,Tulsa Golden Hurricane,East Carolina Pirates,American,1,0,0,1.15853,1.0836190398722108
8491,Presbyterian Blue Hose,Charleston Southern Buccaneers,Big South,0,1,0,0.81536,0.7580726903164003
8492,Charleston Southern Buccaneers,Presbyterian Blue Hose,Big South,1,0,0,1.21312,1.064525269234218
8493,Detroit Mercy Titans,Green Bay Phoenix,Horizon,0,0,1,1.19587,1.2762462819822833
8494,Green Bay Phoenix,Detroit Mercy Titans,Horizon,0,0,1,1.43431,1.4404658123166871
8495,South Dakota State Jackrabbits,Western Illinois Leathernecks,Summit,0,1,0,1.22531,1.206190742688804
8496,Western Illinois Leathernecks,South Dakota State Jackrabbits,Summit,1,0,0,1.20072,1.2308494766263691
8497,Indiana State Sycamores,Missouri State Bears,MVC,0,1,0,1.01203,0.9599042766181776
8498,Missouri State Bears,Indiana State Sycamores,MVC,1,0,0,1.05109,1.0141357539831513
8499,Kansas State Wildcats,TCU Horned Frogs,Big 12,0,1,0,0.93736,0.9365084578785452
8500,TCU Horned Frogs,Kansas State Wildcats,Big 12,1,0,0,1.14743,1.1015433229154605
8501,Northwestern Wildcats,Minnesota Golden Gophers,Big Ten,0,1,0,1.25586,1.2173018632156982
8502,Minnesota Golden Gophers,Northwestern Wildcats,Big Ten,1,0,0,1.15507,1.042416570932615
8503,UCLA Bruins,Arizona State Sun Devils,Pac-12,0,1,0,1.08097,1.0795214505584159
8504,Arizona State Sun Devils,UCLA Bruins,Pac-12,1,0,0,1.09921,1.0608359077426825
8505,Providence Friars,DePaul Blue Demons,Big East,0,0,1,1.24078,1.1460873986523534
8506,DePaul Blue Demons,Providence Friars,Big East,0,0,1,0.87316,0.8850185882253269
8507,Boston College Eagles,Florida State Seminoles,ACC,0,1,0,0.99143,0.9483015947411632
8508,Florida State Seminoles,Boston College Eagles,ACC,1,0,0,1.13726,1.0338255384949344
8509,Illinois State Redbirds,Bradley Braves,MVC,0,1,0,1.06437,1.0664226219512802
8510,Bradley Braves,Illinois State Redbirds,MVC,1,0,0,0.85651,0.9004718892662081
8511,Utah State Aggies,San José State Spartans,Mountain West,0,1,0,1.19732,1.1159456747173735
8512,San José State Spartans,Utah State Aggies,Mountain West,1,0,0,0.83755,0.8030118946724176
8513,Colorado State Rams,Fresno State Bulldogs,Mountain West,0,1,0,1.21159,1.1770706542958345
8514,Fresno State Bulldogs,Colorado State Rams,Mountain West,1,0,0,1.07769,1.092047618352832
8515,Kansas City Roos,Seattle U Redhawks,WAC,0,1,0,1.06603,1.175276535700066
8516,Seattle U Redhawks,Kansas City Roos,WAC,1,0,0,1.31721,1.3353660684398576
8517,Colorado Buffaloes,Oregon Ducks,Pac-12,0,1,0,0.9175,0.9011861544477487
8518,Oregon Ducks,Colorado Buffaloes,Pac-12,1,0,0,1.14452,1.1051098544978464
8519,Boise State Broncos,UNLV Rebels,Mountain West,0,1,0,0.84572,0.8950240683531384
8520,UNLV Rebels,Boise State Broncos,Mountain West,1,0,0,0.73964,0.7715053991800401
8521,USC Trojans,Arizona Wildcats,Pac-12,0,1,0,0.86051,0.978697571745372
8522,Arizona Wildcats,USC Trojans,Pac-12,1,0,0,1.30508,1.2410594649686366
8523,Nebraska Cornhuskers,Maryland Terrapins,Big Ten,0,1,0,1.05662,1.0716928060932578
8524,Maryland Terrapins,Nebraska Cornhuskers,Big Ten,1,0,0,1.14087,1.1207835684559808
8525,Temple Owls,SMU Mustangs,American,0,1,0,0.94816,1.0332045192786095
8526,SMU Mustangs,Temple Owls,American,1,0,0,1.17258,1.2319298936238727
8527,Marshall Thundering Herd,Middle Tennessee Blue Raiders,CUSA,0,1,0,0.79102,0.8296767790654589
8528,Middle Tennessee Blue Raiders,Marshall Thundering Herd,CUSA,1,0,0,1.40935,1.3704056747984783
8529,Southern Miss Golden Eagles,Old Dominion Monarchs,CUSA,0,1,0,0.64594,0.7370794691583293
8530,Old Dominion Monarchs,Southern Miss Golden Eagles,CUSA,1,0,0,1.08155,0.9822747524462703
8531,Saint Joseph's Hawks,Dayton Flyers,A-10,0,1,0,1.09004,1.1551285358520802
8532,Dayton Flyers,Saint Joseph's Hawks,A-10,1,0,0,1.18292,1.1769018671567724
8533,Quinnipiac Bobcats,Rider Broncs,MAAC,0,1,0,1.14423,1.186615056164875
8534,Rider Broncs,Quinnipiac Bobcats,MAAC,1,0,0,1.34206,1.3396291293177445
8535,Niagara Purple Eagles,Fairfield Stags,MAAC,0,0,1,0.97302,0.985733789247978
8536,Fairfield Stags,Niagara Purple Eagles,MAAC,0,0,1,0.93447,0.8582682665469084
8537,Canisius Golden Griffins,Siena Saints,MAAC,0,0,1,1.14816,1.0672543797769427
8538,Siena Saints,Canisius Golden Griffins,MAAC,0,0,1,1.04233,1.1088466771237806
8539,UNC Wilmington Seahawks,Delaware Blue Hens,CAA,0,1,0,0.94203,0.8730571731600009
8540,Delaware Blue Hens,UNC Wilmington Seahawks,CAA,1,0,0,1.07929,1.0684060249678902
8541,Purdue Boilermakers,Indiana Hoosiers,Big Ten,0,1,0,1.12133,1.0173919507178923
8542,Indiana Hoosiers,Purdue Boilermakers,Big Ten,1,0,0,1.00899,0.9723729157700556
8543,Robert Morris Colonials,Sacred Heart Pioneers,NEC,0,1,0,1.09226,1.088681045333346
8544,Sacred Heart Pioneers,Robert Morris Colonials,NEC,1,0,0,1.17173,1.1557393807120657
8545,Long Island University Sharks,Mount St. Mary's Mountaineers,NEC,0,1,0,0.93935,0.9878518338061579
8546,Mount St. Mary's Mountaineers,Long Island University Sharks,NEC,1,0,0,1.16881,1.1520846296747813
8547,Fairleigh Dickinson Knights,St. Francis Brooklyn Terriers,NEC,0,1,0,0.8906,0.9244733982458184
8548,St. Francis Brooklyn Terriers,Fairleigh Dickinson Knights,NEC,1,0,0,1.10279,1.037830643061474
8549,Bryant Bulldogs,Wagner Seahawks,NEC,0,1,0,0.97601,0.9579268606036906
8550,Wagner Seahawks,Bryant Bulldogs,NEC,1,0,0,0.94301,0.8667925280632158
8551,North Texas Mean Green,Florida Atlantic Owls,CUSA,0,1,0,1.43166,1.3912313714544997
8552,Florida Atlantic Owls,North Texas Mean Green,CUSA,1,0,0,1.21281,1.197933874208233
8553,Louisiana Tech Bulldogs,Charlotte 49ers,CUSA,0,1,0,1.13047,1.1054075024042649
8554,Charlotte 49ers,Louisiana Tech Bulldogs,CUSA,1,0,0,1.08728,1.1216711119808591
8555,Campbell Fighting Camels,Coastal Carolina Chanticleers,Big South,0,1,0,0.98043,1.004294975510948
8556,Coastal Carolina Chanticleers,Campbell Fighting Camels,Big South,1,0,0,1.40438,1.3213770869341142
8557,UNC Greensboro Spartans,Wofford Terriers,Southern,0,1,0,0.99789,1.0307772368397095
8558,Wofford Terriers,UNC Greensboro Spartans,Southern,1,0,0,1.25797,1.1457763250280604
8559,The Citadel Bulldogs,Furman Paladins,Southern,0,1,0,1.0161,0.8871755264124376
8560,Furman Paladins,The Citadel Bulldogs,Southern,1,0,0,0.91089,0.652084360528205
8561,Mercer Bears,Chattanooga Mocs,Southern,0,1,0,1.00668,0.9751808864954138
8562,Chattanooga Mocs,Mercer Bears,Southern,1,0,0,1.21506,1.1255194411888674
8563,Kennesaw State Owls,Florida Gulf Coast Eagles,ASUN,0,1,0,1.09021,1.1524821626732271
8564,Florida Gulf Coast Eagles,Kennesaw State Owls,ASUN,1,0,0,1.10467,1.0087109406908201
8565,South Carolina Upstate Spartans,Stetson Hatters,ASUN,0,1,0,1.17493,1.0885856944798529
8566,Stetson Hatters,South Carolina Upstate Spartans,ASUN,1,0,0,0.83457,0.8178165187062442
8567,Lipscomb Bisons,North Florida Ospreys,ASUN,0,1,0,1.1502,1.1649046570976398
8568,North Florida Ospreys,Lipscomb Bisons,ASUN,1,0,0,1.40317,1.3275594063024398
8569,Northern Kentucky Norse,Jacksonville Dolphins,ASUN,0,1,0,1.08809,0.9839421117939997
8570,Jacksonville Dolphins,Northern Kentucky Norse,ASUN,1,0,0,1.19286,1.1028061711590222
8571,UCF Knights,Tulane Green Wave,American,0,1,0,1.26008,1.2651451357457755
8572,Tulane Green Wave,UCF Knights,American,1,0,0,0.97568,0.8639220542737126
8573,Monmouth Hawks,Saint Peter's Peacocks,MAAC,0,1,0,1.05439,1.0928883170045507
8574,Saint Peter's Peacocks,Monmouth Hawks,MAAC,1,0,0,0.96946,0.9741779468807164
8575,South Alabama Jaguars,Georgia State Panthers,Sun Belt,0,1,0,0.80934,0.89223941441367
8576,Georgia State Panthers,South Alabama Jaguars,Sun Belt,1,0,0,1.21374,1.1390347696807477
8577,Troy Trojans,Georgia Southern Eagles,Sun Belt,0,1,0,1.07816,1.1429611110561175
8578,Georgia Southern Eagles,Troy Trojans,Sun Belt,1,0,0,1.02124,0.9669129039234654
8579,Milwaukee Panthers,UIC Flames,Horizon,0,1,0,1.22936,1.169294883479407
8580,UIC Flames,Milwaukee Panthers,Horizon,1,0,0,1.08057,1.0069107318221926
8581,UT Martin Skyhawks,Eastern Illinois Panthers,OVC,0,1,0,1.2658,1.2586193467296718
8582,Eastern Illinois Panthers,UT Martin Skyhawks,OVC,1,0,0,1.2194,1.1597831066496118
8583,Southeast Missouri State Redhawks,SIU Edwardsville Cougars,OVC,0,1,0,1.05753,1.0522994419561824
8584,SIU Edwardsville Cougars,Southeast Missouri State Redhawks,OVC,1,0,0,1.15433,1.1137881461014405
8585,Eastern Kentucky Colonels,Belmont Bruins,OVC,0,1,0,0.97817,0.9626929194912945
8586,Belmont Bruins,Eastern Kentucky Colonels,OVC,1,0,0,1.09266,1.101789906272726
8587,Rutgers Scarlet Knights,Iowa Hawkeyes,Big Ten,0,0,1,0.71243,0.7261614920461597
8588,Iowa Hawkeyes,Rutgers Scarlet Knights,Big Ten,0,0,1,1.21089,1.150453785665405
8589,Western Kentucky Hilltoppers,UAB Blazers,CUSA,0,1,0,1.03104,1.086947336340755
8590,UAB Blazers,Western Kentucky Hilltoppers,CUSA,1,0,0,1.1658,1.1521814776101034
8591,Rice Owls,Florida International Panthers,CUSA,0,1,0,0.97875,0.9786866562816229
8592,Florida International Panthers,Rice Owls,CUSA,1,0,0,1.05717,1.0259864115596575
8593,Oral Roberts Golden Eagles,Omaha Mavericks,Summit,0,1,0,1.06858,1.071213600552067
8594,Omaha Mavericks,Oral Roberts Golden Eagles,Summit,1,0,0,1.0465,0.9862514451009438
8595,IU Indianapolis Jaguars,North Dakota State Bison,Summit,0,1,0,0.81433,0.8359848976076292
8596,North Dakota State Bison,IU Indianapolis Jaguars,Summit,1,0,0,0.98368,0.9800092665798678
8597,App State Mountaineers,UT Arlington Mavericks,Sun Belt,0,1,0,0.90303,0.9203184158302915
8598,UT Arlington Mavericks,App State Mountaineers,Sun Belt,1,0,0,1.08619,1.0260586168315244
8599,Texas State Bobcats,Louisiana Ragin' Cajuns,Sun Belt,0,1,0,0.69489,0.7402066923312047
8600,Louisiana Ragin' Cajuns,Texas State Bobcats,Sun Belt,1,0,0,1.07805,1.1334322466408517
8601,Idaho Vandals,Northern Arizona Lumberjacks,Big Sky,0,1,0,0.98873,0.9952877065562927
8602,Northern Arizona Lumberjacks,Idaho Vandals,Big Sky,1,0,0,1.1302,1.0265178326626117
8603,Ole Miss Rebels,Mississippi State Bulldogs,SEC,0,0,1,1.25694,1.2412397224452512
8604,Mississippi State Bulldogs,Ole Miss Rebels,SEC,0,0,1,1.13452,1.1245596332979435
8605,Arkansas State Red Wolves,Little Rock Trojans,Sun Belt,0,1,0,0.974,0.935796263497407
8606,Little Rock Trojans,Arkansas State Red Wolves,Sun Belt,1,0,0,1.20963,1.1699925289646287
8607,St. Francis (PA) Red Flash,Central Connecticut Blue Devils,NEC,0,1,0,0.8733,0.813367674639192
8608,Central Connecticut Blue Devils,St. Francis (PA) Red Flash,NEC,1,0,0,0.95582,0.9771174663365771
8609,UT Rio Grande Valley Vaqueros,Grand Canyon Lopes,WAC,0,1,0,0.92391,0.9490321638123674
8610,Grand Canyon Lopes,UT Rio Grande Valley Vaqueros,WAC,1,0,0,1.01133,1.0013694104815336
8611,Santa Clara Broncos,Pepperdine Waves,WCC,0,1,0,0.88522,0.902813214936665
8612,Pepperdine Waves,Santa Clara Broncos,WCC,1,0,0,1.03778,0.9201126543302915
8613,Purdue Fort Wayne Mastodons,Denver Pioneers,Summit,0,1,0,1.36719,1.3545033989445574
8614,Denver Pioneers,Purdue Fort Wayne Mastodons,Summit,1,0,0,1.02767,0.9720131513839886
8615,UConn Huskies,Memphis Tigers,American,0,1,0,1.15955,1.2463404627209265
8616,Memphis Tigers,UConn Huskies,American,1,0,0,1.13225,1.165375801993182
8617,Idaho State Bengals,Montana Grizzlies,Big Sky,0,1,0,1.25326,1.235525095759453
8618,Montana Grizzlies,Idaho State Bengals,Big Sky,1,0,0,1.4495,1.367353852505284
8619,Eastern Washington Eagles,Southern Utah Thunderbirds,Big Sky,0,1,0,1.12535,1.0266686922271286
8620,Southern Utah Thunderbirds,Eastern Washington Eagles,Big Sky,1,0,0,1.10346,1.0206232816398486
8621,New Mexico State Aggies,Utah Valley Wolverines,WAC,0,1,0,0.96521,1.018654471345285
8622,Utah Valley Wolverines,New Mexico State Aggies,WAC,1,0,0,0.72763,0.863315745162022
8623,Weber State Wildcats,Montana State Bobcats,Big Sky,0,1,0,1.13558,1.0728551097480832
8624,Montana State Bobcats,Weber State Wildcats,Big Sky,1,0,0,1.09276,1.0219756039746752
8625,UC Santa Barbara Gauchos,UC Riverside Highlanders,Big West,0,1,0,1.10437,1.1012529671069995
8626,UC Riverside Highlanders,UC Santa Barbara Gauchos,Big West,1,0,0,1.11111,1.0908705399349552
8627,UC Davis Aggies,Long Beach State Beach,Big West,0,1,0,1.02713,1.048897944983328
8628,Long Beach State Beach,UC Davis Aggies,Big West,1,0,0,0.90282,0.8328913495187786
8629,Cal Poly Mustangs,Cal State Fullerton Titans,Big West,0,1,0,1.23017,1.170865839428901
8630,Cal State Fullerton Titans,Cal Poly Mustangs,Big West,1,0,0,1.01315,0.9996003124637701
8631,Chicago State Cougars,Cal State Bakersfield Roadrunners,WAC,0,1,0,0.94528,1.0331904866908128
8632,Cal State Bakersfield Roadrunners,Chicago State Cougars,WAC,1,0,0,1.22549,1.2670097692773203
8633,San Diego Toreros,BYU Cougars,WCC,0,1,0,1.04301,1.0021882417418895
8634,BYU Cougars,San Diego Toreros,WCC,1,0,0,1.30469,1.2808727675006206
8635,Northern Colorado Bears,Sacramento State Hornets,Big Sky,0,1,0,0.98871,0.9063634378489998
8636,Sacramento State Hornets,Northern Colorado Bears,Big Sky,1,0,0,1.11318,0.9325462318584142
8637,North Dakota Fighting Hawks,Portland State Vikings,Big Sky,0,1,0,1.08378,1.0369779663786904
8638,Portland State Vikings,North Dakota Fighting Hawks,Big Sky,1,0,0,1.15229,1.0526433310454486
8639,Hawai'i Rainbow Warriors,UC Irvine Anteaters,Big West,0,1,0,0.99713,1.0545897792074141
8640,UC Irvine Anteaters,Hawai'i Rainbow Warriors,Big West,1,0,0,1.27239,1.2681595785827693
8641,Gonzaga Bulldogs,Pacific Tigers,WCC,0,1,0,1.43379,1.3095718675697263
8642,Pacific Tigers,Gonzaga Bulldogs,WCC,1,0,0,1.17937,1.2096672494642304
8643,Utah Utes,Oregon State Beavers,Pac-12,0,1,0,0.99997,1.05920641014984
8644,Oregon State Beavers,Utah Utes,Pac-12,1,0,0,0.81106,0.8631553902181601
8645,San Francisco Dons,Loyola Marymount Lions,WCC,0,1,0,1.21517,1.088757369826242
8646,Loyola Marymount Lions,San Francisco Dons,WCC,1,0,0,0.77814,0.7154162752201031
8647,Portland Pilots,Saint Mary's Gaels,WCC,0,1,0,0.90103,0.8831139906613558
8648,Saint Mary's Gaels,Portland Pilots,WCC,1,0,0,1.20383,1.110565148505361
8649,Cleveland State Vikings,Green Bay Phoenix,Horizon,0,0,1,1.03228,1.1126562819822834
8650,Green Bay Phoenix,Cleveland State Vikings,Horizon,0,0,1,0.94612,0.9494834970820131
8651,Hartford Hawks,UAlbany Great Danes,AM. EAST,0,1,0,1.15902,1.204490675309953
8652,UAlbany Great Danes,Hartford Hawks,AM. EAST,1,0,0,1.25286,1.2605423773761086
8653,Pennsylvania Quakers,Harvard Crimson,Ivy,0,1,0,0.89732,0.9835105588394862
8654,Harvard Crimson,Pennsylvania Quakers,Ivy,1,0,0,1.35511,1.283148590077599
8655,Princeton Tigers,Dartmouth Big Green,Ivy,0,1,0,1.11456,1.1253564509310794
8656,Dartmouth Big Green,Princeton Tigers,Ivy,1,0,0,0.94208,0.8736687956873473
8657,Cornell Big Red,Yale Bulldogs,Ivy,0,1,0,0.82698,0.9054056998872088
8658,Yale Bulldogs,Cornell Big Red,Ivy,1,0,0,1.04911,1.0249937831490061
8659,Columbia Lions,Brown Bears,Ivy,0,1,0,1.28019,1.2458146642412598
8660,Brown Bears,Columbia Lions,Ivy,1,0,0,0.99319,0.9375034658657021
8661,Iona Gaels,Marist Red Foxes,MAAC,0,1,0,1.05515,1.042229683743721
8662,Marist Red Foxes,Iona Gaels,MAAC,1,0,0,0.98544,0.9370244357766335
8663,Auburn Tigers,Kentucky Wildcats,SEC,0,1,0,0.98345,1.1699012577546541
8664,Kentucky Wildcats,Auburn Tigers,SEC,1,0,0,1.41252,1.3219822480809142
8665,Gonzaga Bulldogs,Saint Mary's Gaels,WCC,0,1,0,1.22838,1.210463990661356
8666,Saint Mary's Gaels,Gonzaga Bulldogs,WCC,1,0,0,1.04028,1.0705772494642305
8667,Clemson Tigers,Duke Blue Devils,ACC,0,1,0,0.89359,0.9337384303192192
8668,Duke Blue Devils,Clemson Tigers,ACC,1,0,0,1.19979,1.1765301627301448
8669,Minnesota Golden Gophers,Wisconsin Badgers,Big Ten,0,1,0,0.9447,0.9823988093443496
8670,Wisconsin Badgers,Minnesota Golden Gophers,Big Ten,1,0,0,1.12835,1.056613712821091
8671,Villanova Wildcats,Marquette Golden Eagles,Big East,0,1,0,1.35585,1.3423214681897304
8672,Marquette Golden Eagles,Villanova Wildcats,Big East,1,0,0,1.18159,1.216572290694694
8673,UCLA Bruins,Arizona Wildcats,Pac-12,0,1,0,0.83376,0.9519475717453719
8674,Arizona Wildcats,UCLA Bruins,Pac-12,1,0,0,0.98958,0.9512059077426828
8675,TCU Horned Frogs,Kansas Jayhawks,Big 12,0,1,0,1.04983,1.0964064116958971
8676,Kansas Jayhawks,TCU Horned Frogs,Big 12,1,0,0,1.20192,1.1678903074839382
8677,Notre Dame Fighting Irish,Boston College Eagles,ACC,0,1,0,1.52876,1.4585036888895415
8678,Boston College Eagles,Notre Dame Fighting Irish,ACC,1,0,0,1.19614,1.1232598996196177
8679,Bradley Braves,Northern Iowa Panthers,MVC,0,1,0,0.74187,0.7981514736146487
8680,Northern Iowa Panthers,Bradley Braves,MVC,1,0,0,1.05523,1.024104471556673
8681,Miami Hurricanes,Louisville Cardinals,ACC,0,1,0,0.91891,1.0057732199444134
8682,Louisville Cardinals,Miami Hurricanes,ACC,1,0,0,0.99881,0.9436763193558498
8683,Iowa State Cyclones,Texas Longhorns,Big 12,0,1,0,1.238,1.2550750038628533
8684,Texas Longhorns,Iowa State Cyclones,Big 12,1,0,0,1.09455,1.055890564742103
8685,Georgia Tech Yellow Jackets,North Carolina Tar Heels,ACC,0,1,0,0.9262,0.9360523276656713
8686,North Carolina Tar Heels,Georgia Tech Yellow Jackets,ACC,1,0,0,1.38702,1.3515819796404984
8687,Oklahoma Sooners,Texas Tech Red Raiders,Big 12,0,1,0,1.15904,1.1219270851847818
8688,Texas Tech Red Raiders,Oklahoma Sooners,Big 12,1,0,0,1.09358,1.1305310200377257
8689,Arkansas Razorbacks,Mississippi State Bulldogs,SEC,0,0,1,0.98643,0.9707297224452511
8690,Mississippi State Bulldogs,Arkansas Razorbacks,SEC,0,0,1,0.9177,0.9009217493844821
8691,Butler Bulldogs,Xavier Musketeers,Big East,0,1,0,0.83286,0.8180604232882249
8692,Xavier Musketeers,Butler Bulldogs,Big East,1,0,0,1.10141,1.1411133605741628
8693,Kansas State Wildcats,Baylor Bears,Big 12,0,1,0,0.76379,0.8013619873672487
8694,Baylor Bears,Kansas State Wildcats,Big 12,1,0,0,1.25043,1.2045433229154605
8695,West Virginia Mountaineers,Oklahoma State Cowboys,Big 12,0,1,0,1.30476,1.3104241676189405
8696,Oklahoma State Cowboys,West Virginia Mountaineers,Big 12,1,0,0,1.11456,1.1059971981051708
8697,Massachusetts Minutemen,VCU Rams,A-10,0,1,0,1.01626,1.0779649718059001
8698,VCU Rams,Massachusetts Minutemen,A-10,1,0,0,1.11853,1.0787095604898913
8699,South Florida Bulls,East Carolina Pirates,American,0,1,0,1.04725,1.0055171902668179
8700,East Carolina Pirates,South Florida Bulls,American,1,0,0,1.27075,1.2097325493675635
8701,Texas A&M Aggies,South Carolina Gamecocks,SEC,0,1,0,1.05874,1.1037795943098385
8702,South Carolina Gamecocks,Texas A&M Aggies,SEC,1,0,0,0.87478,0.8496228054126348
8703,Seton Hall Pirates,St. John's Red Storm,Big East,0,1,0,1.04573,1.0449372025084296
8704,St. John's Red Storm,Seton Hall Pirates,Big East,1,0,0,1.27655,1.2023523944400665
8705,Pittsburgh Panthers,Syracuse Orange,ACC,0,1,0,1.21953,1.2617608890351584
8706,Syracuse Orange,Pittsburgh Panthers,ACC,1,0,0,1.18371,1.0514612607691713
8707,Elon Phoenix,Delaware Blue Hens,CAA,0,1,0,1.11473,1.0457571731600008
8708,Delaware Blue Hens,Elon Phoenix,CAA,1,0,0,1.00469,0.9660693760587592
8709,Canisius Golden Griffins,Quinnipiac Bobcats,MAAC,0,1,0,1.10131,1.1320572797123516
8710,Quinnipiac Bobcats,Canisius Golden Griffins,MAAC,1,0,0,1.06534,1.0986785267291734
8711,Florida Gators,LSU Tigers,SEC,0,1,0,0.88348,0.9145961583498736
8712,LSU Tigers,Florida Gators,SEC,1,0,0,0.98696,1.0238677479630023
8713,Maine Black Bears,UMBC Retrievers,AM. EAST,0,1,0,1.06556,1.0439610280040175
8714,UMBC Retrievers,Maine Black Bears,AM. EAST,1,0,0,1.18371,1.1030116987163066
8715,Kennesaw State Owls,Stetson Hatters,ASUN,0,1,0,0.9268,0.8404556944798529
8716,Stetson Hatters,Kennesaw State Owls,ASUN,1,0,0,0.88923,0.7932709406908202
8717,Southern Illinois Salukis,Indiana State Sycamores,MVC,0,1,0,0.89268,0.8889039043777585
8718,Indiana State Sycamores,Southern Illinois Salukis,MVC,1,0,0,1.21269,1.1560139485253549
8719,UNC Wilmington Seahawks,Towson Tigers,CAA,0,1,0,1.3473,1.3014053925550666
8720,Towson Tigers,UNC Wilmington Seahawks,CAA,1,0,0,1.19156,1.18067602496789
8721,Austin Peay Governors,Murray State Racers,OVC,0,1,0,0.81902,0.8423495795469518
8722,Murray State Racers,Austin Peay Governors,OVC,1,0,0,1.33894,1.2817272106642708
8723,Fairleigh Dickinson Knights,Mount St. Mary's Mountaineers,NEC,0,1,0,1.04756,1.0960618338061578
8724,Mount St. Mary's Mountaineers,Fairleigh Dickinson Knights,NEC,1,0,0,1.28834,1.2233806430614742
8725,Dayton Flyers,Duquesne Dukes,A-10,0,1,0,1.03655,0.9180661287499854
8726,Duquesne Dukes,Dayton Flyers,A-10,1,0,0,1.15586,1.1877703854574733
8727,Lipscomb Bisons,Jacksonville Dolphins,ASUN,0,1,0,1.29464,1.1904921117939997
8728,Jacksonville Dolphins,Lipscomb Bisons,ASUN,1,0,0,1.20684,1.1312294063024397
8729,Toledo Rockets,Western Michigan Broncos,MAC,0,1,0,1.41912,1.3680324505456667
8730,Western Michigan Broncos,Toledo Rockets,MAC,1,0,0,1.31799,1.2535732925518048
8731,Buffalo Bulls,Bowling Green Falcons,MAC,0,1,0,1.21874,1.2360604312833854
8732,Bowling Green Falcons,Buffalo Bulls,MAC,1,0,0,0.99004,0.9700877646292584
8733,Kent State Golden Flashes,Ohio Bobcats,MAC,0,1,0,1.07875,1.0091388728724686
8734,Ohio Bobcats,Kent State Golden Flashes,MAC,1,0,0,0.86579,0.8203994879543558
8735,Niagara Purple Eagles,Rider Broncs,MAAC,0,1,0,1.14682,1.1892050561648748
8736,Rider Broncs,Niagara Purple Eagles,MAAC,1,0,0,1.11869,1.009310116152301
8737,Saint Peter's Peacocks,Fairfield Stags,MAAC,0,0,1,0.87689,0.889603789247978
8738,Fairfield Stags,Saint Peter's Peacocks,MAAC,0,0,1,1.17157,1.2100683170045505
8739,App State Mountaineers,Georgia State Panthers,Sun Belt,0,1,0,0.67907,0.76196941441367
8740,Georgia State Panthers,App State Mountaineers,Sun Belt,1,0,0,1.3798,1.3196686168315244
8741,Missouri Tigers,Vanderbilt Commodores,SEC,0,1,0,0.89916,0.8663918269735913
8742,Vanderbilt Commodores,Missouri Tigers,SEC,1,0,0,1.28684,1.1574526878024844
8743,Penn State Nittany Lions,Northwestern Wildcats,Big Ten,0,1,0,0.70628,0.6268047213272222
8744,Northwestern Wildcats,Penn State Nittany Lions,Big Ten,1,0,0,1.10816,1.0803820413369747
8745,Nevada Wolf Pack,Boise State Broncos,Mountain West,0,1,0,0.75578,0.8208235495746473
8746,Boise State Broncos,Nevada Wolf Pack,Mountain West,1,0,0,1.24464,1.1987973735635264
8747,Louisiana Tech Bulldogs,Old Dominion Monarchs,CUSA,0,1,0,0.90151,0.9926494691583294
8748,Old Dominion Monarchs,Louisiana Tech Bulldogs,CUSA,1,0,0,1.22229,1.2566811119808592
8749,IU Indianapolis Jaguars,South Dakota Coyotes,Summit,0,1,0,1.04979,1.0181742692342275
8750,South Dakota Coyotes,IU Indianapolis Jaguars,Summit,1,0,0,1.29035,1.2866792665798679
8751,Purdue Fort Wayne Mastodons,North Dakota State Bison,Summit,0,1,0,1.11274,1.1343948976076292
8752,North Dakota State Bison,Purdue Fort Wayne Mastodons,Summit,1,0,0,1.25916,1.2035031513839887
8753,Sacred Heart Pioneers,Central Connecticut Blue Devils,NEC,0,1,0,1.0343,0.974367674639192
8754,Central Connecticut Blue Devils,Sacred Heart Pioneers,NEC,1,0,0,1.09832,1.0615628949387388
8755,George Washington Revolutionaries,Richmond Spiders,A-10,0,1,0,0.94268,1.0021308934467252
8756,Richmond Spiders,George Washington Revolutionaries,A-10,1,0,0,1.11835,1.141460833539144
8757,Rhode Island Rams,George Mason Patriots,A-10,0,1,0,1.14771,1.10828941885801
8758,George Mason Patriots,Rhode Island Rams,A-10,1,0,0,0.93965,0.996259714075498
8759,Norfolk State Spartans,Coppin State Eagles,MEAC,0,1,0,1.43229,1.3942094197392518
8760,Coppin State Eagles,Norfolk State Spartans,MEAC,1,0,0,1.15519,1.1739894090220906
8761,Drexel Dragons,Northeastern Huskies,CAA,0,1,0,1.06382,1.101421185521285
8762,Northeastern Huskies,Drexel Dragons,CAA,1,0,0,1.19815,1.1423431708633898
8763,St. Francis (PA) Red Flash,St. Francis Brooklyn Terriers,NEC,0,1,0,0.94953,0.9834033982458183
8764,St. Francis Brooklyn Terriers,St. Francis (PA) Red Flash,NEC,1,0,0,1.18046,1.201757466336577
8765,Robert Morris Colonials,Bryant Bulldogs,NEC,0,1,0,1.364,1.3209606784578232
8766,Bryant Bulldogs,Robert Morris Colonials,NEC,1,0,0,1.22508,1.2090893807120657
8767,Charleston Southern Buccaneers,Campbell Fighting Camels,Big South,0,1,0,1.37567,1.3258452373287213
8768,Campbell Fighting Camels,Charleston Southern Buccaneers,Big South,1,0,0,0.88408,0.7936145399217932
8769,San Francisco Dons,Pepperdine Waves,WCC,0,1,0,0.9626,0.980193214936665
8770,Pepperdine Waves,San Francisco Dons,WCC,1,0,0,0.94253,0.879806275220103
8771,Eastern Washington Eagles,Northern Arizona Lumberjacks,Big Sky,0,1,0,1.02973,1.0362877065562928
8772,Northern Arizona Lumberjacks,Eastern Washington Eagles,Big Sky,1,0,0,1.10719,1.0243532816398484
8773,Morgan State Bears,North Carolina Central Eagles,MEAC,0,1,0,1.08201,1.1988661936051517
8774,North Carolina Central Eagles,Morgan State Bears,MEAC,1,0,0,1.32446,1.2976820052995266
8775,Florida A&M Rattlers,Bethune-Cookman Wildcats,MEAC,0,1,0,0.94306,0.9707422035526896
8776,Bethune-Cookman Wildcats,Florida A&M Rattlers,MEAC,1,0,0,1.05086,0.9626926972254899
8777,New Hampshire Wildcats,UMass Lowell River Hawks,AM. EAST,0,1,0,1.34546,1.3695708329420195
8778,UMass Lowell River Hawks,New Hampshire Wildcats,AM. EAST,1,0,0,1.06365,1.1149922566253507
8779,Wagner Seahawks,Long Island University Sharks,NEC,0,0,1,0.96869,0.9851427800693886
8780,Long Island University Sharks,Wagner Seahawks,NEC,0,0,1,0.76117,0.7430868606036904
8781,Radford Highlanders,UNC Asheville Bulldogs,Big South,0,1,0,1.13422,1.1171539435625457
8782,UNC Asheville Bulldogs,Radford Highlanders,Big South,1,0,0,0.98764,0.9398837069223521
8783,VMI Keydets,Western Carolina Catamounts,Southern,0,1,0,1.29236,1.2106346722757275
8784,Western Carolina Catamounts,VMI Keydets,Southern,1,0,0,1.24381,1.1180110335800262
8785,Ball State Cardinals,Central Michigan Chippewas,MAC,0,0,1,1.09342,1.0596082775098203
8786,Central Michigan Chippewas,Ball State Cardinals,MAC,0,0,1,1.5243,1.4557948161476038
8787,Idaho State Bengals,Montana State Bobcats,Big Sky,0,1,0,0.87577,0.8130451097480831
8788,Montana State Bobcats,Idaho State Bengals,Big Sky,1,0,0,1.07836,0.996213852505284
8789,Texas A&M-Corpus Christi Islanders,Incarnate Word Cardinals,Southland,0,1,0,1.04969,0.9940974403168751
8790,Incarnate Word Cardinals,Texas A&M-Corpus Christi Islanders,Southland,1,0,0,1.16229,1.1212100662972069
8791,Winthrop Eagles,Longwood Lancers,Big South,0,1,0,1.26772,1.1884571320743427
8792,Longwood Lancers,Winthrop Eagles,Big South,1,0,0,0.86366,0.8385787061348895
8793,Little Rock Trojans,Troy Trojans,Sun Belt,0,1,0,1.08078,1.0596310543180727
8794,Troy Trojans,Little Rock Trojans,Sun Belt,1,0,0,0.99763,0.9262481131027999
8795,Tennessee State Tigers,Jacksonville State Gamecocks,OVC,0,1,0,0.89184,0.8360954430290952
8796,Jacksonville State Gamecocks,Tennessee State Tigers,OVC,1,0,0,0.99534,0.934678911044479
8797,Sam Houston Bearkats,Central Arkansas Bears,Southland,0,1,0,1.08701,0.976368465717251
8798,Central Arkansas Bears,Sam Houston Bearkats,Southland,1,0,0,0.65573,0.7383802801223757
8799,Southern Miss Golden Eagles,Charlotte 49ers,CUSA,0,1,0,0.68826,0.6631975024042649
8800,Charlotte 49ers,Southern Miss Golden Eagles,CUSA,1,0,0,1.13642,1.0371447524462702
8801,Mississippi Valley State Delta Devils,Prairie View A&M Panthers,SWAC,0,1,0,0.92249,1.0100930606140848
8802,Prairie View A&M Panthers,Mississippi Valley State Delta Devils,SWAC,1,0,0,1.04966,0.9712576398700871
8803,Howard Bison,Savannah State Tigers,MEAC,0,1,0,0.82882,0.8855379055678769
8804,Savannah State Tigers,Howard Bison,MEAC,1,0,0,0.79466,0.870201716875975
8805,Maryland Eastern Shore Hawks,South Carolina State Bulldogs,MEAC,0,1,0,1.22804,1.2561731297039616
8806,South Carolina State Bulldogs,Maryland Eastern Shore Hawks,MEAC,1,0,0,0.9126,0.9128137680498832
8807,UNLV Rebels,New Mexico Lobos,Mountain West,0,1,0,1.26464,1.3188645612857244
8808,New Mexico Lobos,UNLV Rebels,Mountain West,1,0,0,1.14691,1.1630359179585315
8809,Air Force Falcons,Colorado State Rams,Mountain West,0,1,0,0.86155,0.9090857687474391
8810,Colorado State Rams,Air Force Falcons,Mountain West,1,0,0,1.07355,0.9918519290182392
8811,North Texas Mean Green,Florida International Panthers,CUSA,0,1,0,1.18218,1.1821166562816228
8812,Florida International Panthers,North Texas Mean Green,CUSA,1,0,0,0.95754,0.9426638742082329
8813,Cornell Big Red,Brown Bears,Ivy,0,1,0,1.01414,0.97976466424126
8814,Brown Bears,Cornell Big Red,Ivy,1,0,0,1.02867,1.0045537831490061
8815,Virginia Tech Hokies,NC State Wolfpack,ACC,0,1,0,1.07829,1.0543643859811838
8816,NC State Wolfpack,Virginia Tech Hokies,ACC,1,0,0,1.38648,1.2497901452750635
8817,Santa Clara Broncos,Loyola Marymount Lions,WCC,0,1,0,1.18834,1.061927369826242
8818,Loyola Marymount Lions,Santa Clara Broncos,WCC,1,0,0,1.07794,0.9602726543302915
8819,Alabama A&M Bulldogs,Southern Jaguars,SWAC,0,1,0,1.06603,1.1707111765476668
8820,Southern Jaguars,Alabama A&M Bulldogs,SWAC,1,0,0,1.16532,1.1213434257434856
8821,California Golden Bears,Stanford Cardinal,Pac-12,0,1,0,1.00477,0.9787184227599118
8822,Stanford Cardinal,California Golden Bears,Pac-12,1,0,0,1.20347,1.1812279977561275
8823,Grambling Tigers,Jackson State Tigers,SWAC,0,1,0,0.6069,0.699419205690807
8824,Jackson State Tigers,Grambling Tigers,SWAC,1,0,0,1.27464,1.1874818828765936
8825,Delaware State Hornets,Hampton Pirates,MEAC,0,1,0,1.11328,1.1969086700917084
8826,Hampton Pirates,Delaware State Hornets,MEAC,1,0,0,1.10254,1.0881298503748895
8827,Alabama State Hornets,Alcorn State Braves,SWAC,0,0,1,1.14914,1.1116677250435423
8828,Alcorn State Braves,Alabama State Hornets,SWAC,0,0,1,0.97041,1.0471862090144575
8829,Manhattan Jaspers,Siena Saints,MAAC,0,0,1,1.12857,1.0476643797769427
8830,Siena Saints,Manhattan Jaspers,MAAC,0,0,1,1.03774,1.0819491345954824
8831,St. Bonaventure Bonnies,Saint Joseph's Hawks,A-10,0,1,0,1.02239,1.0495500175513794
8832,Saint Joseph's Hawks,St. Bonaventure Bonnies,A-10,1,0,0,0.86231,0.8410233277631615
8833,Detroit Mercy Titans,Youngstown State Penguins,Horizon,0,1,0,1.29429,1.1826129041615172
8834,Youngstown State Penguins,Detroit Mercy Titans,Horizon,1,0,0,1.07294,1.04591766192208
8835,Binghamton Bearcats,Stony Brook Seawolves,AM. EAST,0,1,0,0.87762,0.9726653279792463
8836,Stony Brook Seawolves,Binghamton Bearcats,AM. EAST,1,0,0,1.09794,1.0744521731743772
8837,Nicholls Colonels,Stephen F. Austin Lumberjacks,Southland,0,1,0,1.04835,1.119813501173084
8838,Stephen F. Austin Lumberjacks,Nicholls Colonels,Southland,1,0,0,1.28049,1.2266572813039427
8839,McNeese Cowboys,Lamar Cardinals,Southland,0,1,0,0.95516,0.9252438571154596
8840,Lamar Cardinals,McNeese Cowboys,Southland,1,0,0,1.07198,0.9822191977090063
8841,Rice Owls,Florida Atlantic Owls,CUSA,0,1,0,1.20095,1.1605213714544997
8842,Florida Atlantic Owls,Rice Owls,CUSA,1,0,0,1.10373,1.0725464115596577
8843,Princeton Tigers,Harvard Crimson,Ivy,0,1,0,0.95741,1.043600558839486
8844,Harvard Crimson,Princeton Tigers,Ivy,1,0,0,1.08939,1.0209787956873473
8845,Pennsylvania Quakers,Dartmouth Big Green,Ivy,0,1,0,1.04843,1.0592264509310794
8846,Dartmouth Big Green,Pennsylvania Quakers,Ivy,1,0,0,1.1663,1.0943385900775988
8847,Columbia Lions,Yale Bulldogs,Ivy,0,1,0,1.01697,1.0953956998872085
8848,Yale Bulldogs,Columbia Lions,Ivy,1,0,0,0.89737,0.8416834658657021
8849,Fordham Rams,Davidson Wildcats,A-10,0,1,0,0.90181,0.8771890117847512
8850,Davidson Wildcats,Fordham Rams,A-10,1,0,0,1.24398,1.175058432067918
8851,Presbyterian Blue Hose,High Point Panthers,Big South,0,1,0,0.95839,0.9474186103060473
8852,High Point Panthers,Presbyterian Blue Hose,Big South,1,0,0,1.16242,1.0138252692342178
8853,Liberty Flames,Gardner-Webb Runnin' Bulldogs,Big South,0,1,0,1.04981,0.9800499230106582
8854,Gardner-Webb Runnin' Bulldogs,Liberty Flames,Big South,1,0,0,1.20796,1.1306323406950987
8855,The Citadel Bulldogs,Wofford Terriers,Southern,0,1,0,0.95364,0.9865272368397097
8856,Wofford Terriers,The Citadel Bulldogs,Southern,1,0,0,1.37061,1.111804360528205
8857,Mercer Bears,Samford Bulldogs,Southern,0,0,1,0.99115,0.8838061990177299
8858,Samford Bulldogs,Mercer Bears,Southern,0,0,1,0.97337,0.9170075915834744
8859,South Carolina Upstate Spartans,Florida Gulf Coast Eagles,ASUN,0,1,0,1.13156,1.1938321626732271
8860,Florida Gulf Coast Eagles,South Carolina Upstate Spartans,ASUN,1,0,0,1.40413,1.3873765187062441
8861,Northern Kentucky Norse,North Florida Ospreys,ASUN,0,1,0,1.14232,1.15702465709764
8862,North Florida Ospreys,Northern Kentucky Norse,ASUN,1,0,0,1.39906,1.3090061711590222
8863,Northwestern State Demons,New Orleans Privateers,Southland,0,1,0,1.19621,1.161945446581826
8864,New Orleans Privateers,Northwestern State Demons,Southland,1,0,0,1.19405,1.0579902813453033
8865,Tennessee Volunteers,Ole Miss Rebels,SEC,0,0,1,1.05876,1.0487996332979435
8866,Ole Miss Rebels,Tennessee Volunteers,SEC,0,0,1,1.10936,1.0694676391631195
8867,South Alabama Jaguars,Georgia Southern Eagles,Sun Belt,0,1,0,1.0906,1.1554011110561175
8868,Georgia Southern Eagles,South Alabama Jaguars,Sun Belt,1,0,0,1.20424,1.1295347696807476
8869,Miami (OH) RedHawks,Akron Zips,MAC,0,1,0,0.87989,0.903245900428318
8870,Akron Zips,Miami (OH) RedHawks,MAC,1,0,0,0.7933,0.6967440184133992
8871,Georgia Bulldogs,Alabama Crimson Tide,SEC,0,1,0,1.01282,1.0031002800878592
8872,Alabama Crimson Tide,Georgia Bulldogs,SEC,1,0,0,0.98643,0.9900798315777886
8873,UT Martin Skyhawks,SIU Edwardsville Cougars,OVC,0,1,0,1.03376,1.0285294419561823
8874,SIU Edwardsville Cougars,UT Martin Skyhawks,OVC,1,0,0,1.21347,1.1538531066496118
8875,UC Santa Barbara Gauchos,Cal State Fullerton Titans,Big West,0,1,0,1.19235,1.1330458394289011
8876,Cal State Fullerton Titans,UC Santa Barbara Gauchos,Big West,1,0,0,0.9599,0.9396605399349549
8877,Abilene Christian Wildcats,SE Louisiana Lions,Southland,0,1,0,0.93688,0.9486329050404858
8878,SE Louisiana Lions,Abilene Christian Wildcats,Southland,1,0,0,0.94917,0.8309040993465665
8879,Marshall Thundering Herd,UAB Blazers,CUSA,0,1,0,0.81759,0.8734973363407549
8880,UAB Blazers,Marshall Thundering Herd,CUSA,1,0,0,1.08319,1.0442456747984783
8881,East Tennessee State Buccaneers,Chattanooga Mocs,Southern,0,1,0,0.92169,0.8901908864954137
8882,Chattanooga Mocs,East Tennessee State Buccaneers,Southern,1,0,0,1.03548,0.938207857229881
8883,DePaul Blue Demons,Georgetown Hoyas,Big East,0,1,0,1.07723,1.0789354850956525
8884,Georgetown Hoyas,DePaul Blue Demons,Big East,1,0,0,1.14617,1.0182992482577462
8885,Denver Pioneers,Western Illinois Leathernecks,Summit,0,1,0,1.20886,1.1897407426888043
8886,Western Illinois Leathernecks,Denver Pioneers,Summit,1,0,0,0.93807,0.8922052485499502
8887,Oral Roberts Golden Eagles,South Dakota State Jackrabbits,Summit,0,1,0,0.87478,0.9380876270209761
8888,South Dakota State Jackrabbits,Oral Roberts Golden Eagles,Summit,1,0,0,1.39786,1.337611445100944
8889,Loyola Chicago Ramblers,Illinois State Redbirds,MVC,0,1,0,1.06655,1.1436900396608152
8890,Illinois State Redbirds,Loyola Chicago Ramblers,MVC,1,0,0,1.20747,1.1943498750769304
8891,Wright State Raiders,Valparaiso Beacons,Horizon,0,1,0,0.85616,0.8999608203334885
8892,Valparaiso Beacons,Wright State Raiders,Horizon,1,0,0,1.07529,1.0213277454200558
8893,UL Monroe Warhawks,Arkansas State Red Wolves,Sun Belt,0,1,0,1.09581,1.0893506793592358
8894,Arkansas State Red Wolves,UL Monroe Warhawks,Sun Belt,1,0,0,1.16035,1.1959213711535246
8895,Louisiana Ragin' Cajuns,UT Arlington Mavericks,Sun Belt,0,1,0,1.14391,1.1611984158302915
8896,UT Arlington Mavericks,Louisiana Ragin' Cajuns,Sun Belt,1,0,0,0.97534,0.9874785419365976
8897,Arkansas-Pine Bluff Golden Lions,Texas Southern Tigers,SWAC,0,1,0,0.80724,0.8420068150672638
8898,Texas Southern Tigers,Arkansas-Pine Bluff Golden Lions,SWAC,1,0,0,0.94329,0.9462474915635818
8899,Belmont Bruins,Tennessee Tech Golden Eagles,OVC,0,1,0,1.44221,1.383312843408802
8900,Tennessee Tech Golden Eagles,Belmont Bruins,OVC,1,0,0,1.27411,1.2254547690966875
8901,Eastern Michigan Eagles,Northern Illinois Huskies,MAC,0,1,0,1.14177,1.1134792393794264
8902,Northern Illinois Huskies,Eastern Michigan Eagles,MAC,1,0,0,1.0197,1.0120362249404051
8903,Fresno State Bulldogs,Utah State Aggies,Mountain West,0,1,0,1.26759,1.266230045067025
8904,Utah State Aggies,Fresno State Bulldogs,Mountain West,1,0,0,1.39042,1.3227225039012274
8905,UTSA Roadrunners,UTEP Miners,CUSA,0,1,0,1.07139,1.1431981344217932
8906,UTEP Miners,UTSA Roadrunners,CUSA,1,0,0,1.15853,1.070470562647347
8907,New Mexico State Aggies,Grand Canyon Lopes,WAC,0,1,0,1.23599,1.2611121638123672
8908,Grand Canyon Lopes,New Mexico State Aggies,WAC,1,0,0,0.93675,1.072435745162022
8909,Idaho Vandals,Southern Utah Thunderbirds,Big Sky,0,1,0,1.08214,0.9834586922271287
8910,Southern Utah Thunderbirds,Idaho Vandals,Big Sky,1,0,0,1.11931,1.0156278326626116
8911,Weber State Wildcats,Montana Grizzlies,Big Sky,0,1,0,1.04498,1.027245095759453
8912,Montana Grizzlies,Weber State Wildcats,Big Sky,1,0,0,1.24008,1.1692956039746754
8913,UT Rio Grande Valley Vaqueros,Utah Valley Wolverines,WAC,0,1,0,0.91081,0.9642544713452851
8914,Utah Valley Wolverines,UT Rio Grande Valley Vaqueros,WAC,1,0,0,1.31671,1.3067494104815336
8915,Cincinnati Bearcats,Houston Cougars,American,0,1,0,1.08149,1.0703025118106102
8916,Houston Cougars,Cincinnati Bearcats,American,1,0,0,0.93131,1.026972219810957
8917,Hawai'i Rainbow Warriors,UC Davis Aggies,Big West,0,1,0,1.04105,1.0042994999133859
8918,UC Davis Aggies,Hawai'i Rainbow Warriors,Big West,1,0,0,1.13491,1.1306795785827695
8919,Cal State Northridge Matadors,UC Irvine Anteaters,Big West,0,1,0,1.01234,1.069799779207414
8920,UC Irvine Anteaters,Cal State Northridge Matadors,Big West,1,0,0,1.20663,1.1144500413941687
8921,Cal Poly Mustangs,UC Riverside Highlanders,Big West,0,1,0,0.85319,0.8500729671069993
8922,UC Riverside Highlanders,Cal Poly Mustangs,Big West,1,0,0,0.91709,0.9035403124637701
8923,San Diego State Aztecs,San José State Spartans,Mountain West,0,1,0,1.25707,1.1756956747173735
8924,San José State Spartans,San Diego State Aztecs,Mountain West,1,0,0,0.91203,1.0065111978790418
8925,Kansas City Roos,Cal State Bakersfield Roadrunners,WAC,0,1,0,1.27938,1.3672904866908127
8926,Cal State Bakersfield Roadrunners,Kansas City Roos,WAC,1,0,0,1.30514,1.3232960684398576
8927,Chicago State Cougars,Seattle U Redhawks,WAC,0,1,0,0.55829,0.6675365357000662
8928,Seattle U Redhawks,Chicago State Cougars,WAC,1,0,0,1.08745,1.1289697692773204
8929,Portland Pilots,Pacific Tigers,WCC,0,1,0,1.19145,1.0672318675697263
8930,Pacific Tigers,Portland Pilots,WCC,1,0,0,1.19819,1.104925148505361
8931,Northern Colorado Bears,Portland State Vikings,Big Sky,0,1,0,1.24166,1.1948579663786905
8932,Portland State Vikings,Northern Colorado Bears,Big Sky,1,0,0,1.47284,1.292206231858414
8933,North Dakota Fighting Hawks,Sacramento State Hornets,Big Sky,0,1,0,1.12631,1.0439634378489997
8934,Sacramento State Hornets,North Dakota Fighting Hawks,Big Sky,1,0,0,1.32082,1.2211733310454487
8935,Colorado Buffaloes,Oregon State Beavers,Pac-12,0,1,0,0.87968,0.9389164101498401
8936,Oregon State Beavers,Colorado Buffaloes,Pac-12,1,0,0,1.09393,1.0545198544978465
8937,Florida State Seminoles,Virginia Cavaliers,ACC,0,1,0,0.72045,0.8354676640880129
8938,Virginia Cavaliers,Florida State Seminoles,ACC,1,0,0,0.9507,0.8743934443465559
8939,Utah Utes,Oregon Ducks,Pac-12,0,1,0,0.95174,0.9354261544477488
8940,Oregon Ducks,Utah Utes,Pac-12,1,0,0,1.16077,1.21286539021816
8941,Evansville Purple Aces,Wichita State Shockers,MVC,0,1,0,0.7169,0.8075599321242167
8942,Wichita State Shockers,Evansville Purple Aces,MVC,1,0,0,1.02644,1.0078020227108793
8943,Ohio State Buckeyes,Michigan Wolverines,Big Ten,0,1,0,1.01879,0.9985519742698368
8944,Michigan Wolverines,Ohio State Buckeyes,Big Ten,1,0,0,1.12007,1.123135994923663
8945,Charleston Cougars,James Madison Dukes,CAA,0,1,0,1.04235,1.0129932643603774
8946,James Madison Dukes,Charleston Cougars,CAA,1,0,0,1.19248,1.150834700023472
8947,Lafayette Leopards,Lehigh Mountain Hawks,Patriot,0,1,0,1.11683,1.1527624111590282
8948,Lehigh Mountain Hawks,Lafayette Leopards,Patriot,1,0,0,1.04854,0.9223231776941319
8949,Colgate Raiders,Loyola Maryland Greyhounds,Patriot,0,1,0,1.06293,1.0615424553852197
8950,Loyola Maryland Greyhounds,Colgate Raiders,Patriot,1,0,0,1.08113,1.0124356288089749
8951,Boston University Terriers,Bucknell Bison,Patriot,0,1,0,1.06261,1.050630732399794
8952,Bucknell Bison,Boston University Terriers,Patriot,1,0,0,1.17617,1.0816126812288165
8953,American University Eagles,Army Black Knights,Patriot,0,1,0,1.02796,1.0139845356019348
8954,Army Black Knights,American University Eagles,Patriot,1,0,0,1.24834,1.248262692038683
8955,Western Kentucky Hilltoppers,Middle Tennessee Blue Raiders,CUSA,0,1,0,1.05187,1.090526779065459
8956,Middle Tennessee Blue Raiders,Western Kentucky Hilltoppers,CUSA,1,0,0,1.07978,1.0661614776101034
8957,Furman Paladins,UNC Greensboro Spartans,Southern,0,1,0,0.8395,0.7604844754226677
8958,UNC Greensboro Spartans,Furman Paladins,Southern,1,0,0,1.42787,1.2657673760178303
8959,Holy Cross Crusaders,Navy Midshipmen,Patriot,0,1,0,1.11425,1.10635998867298
8960,Navy Midshipmen,Holy Cross Crusaders,Patriot,1,0,0,1.277,1.2283551025190627
8961,Memphis Tigers,UCF Knights,American,0,1,0,1.0667,0.9881202046683197
8962,UCF Knights,Memphis Tigers,American,1,0,0,0.93571,0.9893223123263194
8963,Missouri State Bears,Drake Bulldogs,MVC,0,1,0,0.7597,0.6325195947707829
8964,Drake Bulldogs,Missouri State Bears,MVC,1,0,0,1.33022,1.2449161262235702
8965,La Salle Explorers,Saint Louis Billikens,A-10,0,1,0,0.93897,0.8787657766661443
8966,Saint Louis Billikens,La Salle Explorers,A-10,1,0,0,0.99597,1.0482696135171565
8967,UIC Flames,Oakland Golden Grizzlies,Horizon,0,0,1,0.95754,0.8824195927094273
8968,Oakland Golden Grizzlies,UIC Flames,Horizon,0,0,1,1.37958,1.319514883479407
8969,Iowa Hawkeyes,Nebraska Cornhuskers,Big Ten,0,1,0,1.26949,1.282581718850588
8970,Nebraska Cornhuskers,Iowa Hawkeyes,Big Ten,1,0,0,0.78346,0.7640133416515524
8971,Cleveland State Vikings,Milwaukee Panthers,Horizon,0,1,0,1.08885,1.0483688822167998
8972,Milwaukee Panthers,Cleveland State Vikings,Horizon,1,0,0,1.24187,1.212055346687406
8973,Monmouth Hawks,Iona Gaels,MAAC,0,1,0,1.05532,1.0400825861712406
8974,Iona Gaels,Monmouth Hawks,MAAC,1,0,0,1.0818,1.0865179468807162
8975,Tulane Green Wave,UConn Huskies,American,0,1,0,1.01858,1.084883952387789
8976,UConn Huskies,Tulane Green Wave,American,1,0,0,1.13519,1.1070769853511682
8977,William & Mary Tribe,Hofstra Pride,CAA,0,1,0,1.19389,1.1714255934445668
8978,Hofstra Pride,William & Mary Tribe,CAA,1,0,0,1.17075,1.1021671149000183
8979,Indiana Hoosiers,Rutgers Scarlet Knights,Big Ten,0,1,0,1.2718,1.211363785665405
8980,Rutgers Scarlet Knights,Indiana Hoosiers,Big Ten,1,0,0,0.82721,0.6900938003232852
8981,Temple Owls,Tulsa Golden Hurricane,American,0,1,0,0.62926,0.7188146246393079
8982,Tulsa Golden Hurricane,Temple Owls,American,1,0,0,0.89073,0.9500798936238728
8983,Southeast Missouri State Redhawks,Eastern Illinois Panthers,OVC,0,1,0,1.07133,1.0641493467296717
8984,Eastern Illinois Panthers,Southeast Missouri State Redhawks,OVC,1,0,0,1.26483,1.2242881461014403
8985,Michigan State Spartans,Illinois Fighting Illini,Big Ten,0,1,0,1.02796,1.0394480459662163
8986,Illinois Fighting Illini,Michigan State Spartans,Big Ten,1,0,0,0.93069,0.9435627946729086
8987,USC Trojans,Arizona State Sun Devils,Pac-12,0,1,0,0.94261,0.9411614505584159
8988,Arizona State Sun Devils,USC Trojans,Pac-12,1,0,0,1.03455,0.9705294649686368
8989,Washington Huskies,Washington State Cougars,Pac-12,0,1,0,1.4779,1.365993175978082
8990,Washington State Cougars,Washington Huskies,Pac-12,1,0,0,1.40675,1.3552907224681132
8991,Kansas Jayhawks,Kansas State Wildcats,Big 12,0,1,0,1.01461,1.0019014733100677
8992,Kansas State Wildcats,Kansas Jayhawks,Big 12,1,0,0,1.0988,1.11219826130129
8993,Louisville Cardinals,Georgia Tech Yellow Jackets,ACC,0,1,0,0.85329,0.8510301300351057
8994,Georgia Tech Yellow Jackets,Louisville Cardinals,ACC,1,0,0,0.83793,0.8916150695498063
8995,Austin Peay Governors,Eastern Kentucky Colonels,OVC,0,1,0,1.00462,1.0469280566673334
8996,Eastern Kentucky Colonels,Austin Peay Governors,OVC,1,0,0,1.24086,1.1836472106642708
8997,Manhattan Jaspers,Marist Red Foxes,MAAC,0,1,0,1.04729,1.034369683743721
8998,Marist Red Foxes,Manhattan Jaspers,MAAC,1,0,0,0.81902,0.8300509842008753
8999,Delaware State Hornets,Norfolk State Spartans,MEAC,0,1,0,1.05054,1.1025175594166978
9000,Norfolk State Spartans,Delaware State Hornets,MEAC,1,0,0,1.23283,1.2184198503748895
9001,Coastal Carolina Chanticleers,Longwood Lancers,Big South,0,1,0,1.12884,1.0495771320743428
9002,Longwood Lancers,Coastal Carolina Chanticleers,Big South,1,0,0,0.92558,0.9162668251163408
9003,Northwestern State Demons,Nicholls Colonels,Southland,0,1,0,1.1961,1.17544543169855
9004,Nicholls Colonels,Northwestern State Demons,Southland,1,0,0,0.88885,0.7527902813453032
9005,Morgan State Bears,North Carolina A&T Aggies,MEAC,0,1,0,0.98892,0.9886751237408485
9006,North Carolina A&T Aggies,Morgan State Bears,MEAC,1,0,0,1.02796,1.0011820052995266
9007,Howard Bison,South Carolina State Bulldogs,MEAC,0,1,0,1.20192,1.2300531297039616
9008,South Carolina State Bulldogs,Howard Bison,MEAC,1,0,0,1.06326,1.138801716875975
9009,Morehead State Eagles,Tennessee State Tigers,OVC,0,1,0,1.32834,1.3008570614390862
9010,Tennessee State Tigers,Morehead State Eagles,OVC,1,0,0,1.11289,1.119260668940772
9011,New Orleans Privateers,SE Louisiana Lions,Southland,0,1,0,1.1772,1.1889529050404857
9012,SE Louisiana Lions,New Orleans Privateers,Southland,1,0,0,1.15495,1.0875072961872188
9013,Lamar Cardinals,Stephen F. Austin Lumberjacks,Southland,0,1,0,1.08081,1.1522735011730845
9014,Stephen F. Austin Lumberjacks,Lamar Cardinals,Southland,1,0,0,1.47055,1.4074557067208526
9015,Houston Christian Huskies,Incarnate Word Cardinals,Southland,0,1,0,0.98971,0.934117440316875
9016,Incarnate Word Cardinals,Houston Christian Huskies,Southland,1,0,0,1.16786,1.0544065385043422
9017,Xavier Musketeers,St. John's Red Storm,Big East,0,0,1,0.92083,0.9200372025084297
9018,St. John's Red Storm,Xavier Musketeers,Big East,0,0,1,0.94995,0.9351504232882247
9019,Alabama A&M Bulldogs,Alcorn State Braves,SWAC,0,0,1,1.14452,1.1070477250435422
9020,Alcorn State Braves,Alabama A&M Bulldogs,SWAC,0,0,1,0.98784,0.977041576138093
9021,Florida A&M Rattlers,Savannah State Tigers,MEAC,0,1,0,0.88798,0.9446979055678769
9022,Savannah State Tigers,Florida A&M Rattlers,MEAC,1,0,0,1.02861,0.94044269722549
9023,Mississippi Valley State Delta Devils,Texas Southern Tigers,SWAC,0,1,0,1.10719,1.1419568150672637
9024,Texas Southern Tigers,Mississippi Valley State Delta Devils,SWAC,1,0,0,1.20416,1.1257576398700868
9025,Arkansas-Pine Bluff Golden Lions,Prairie View A&M Panthers,SWAC,0,1,0,0.90879,0.9963930606140847
9026,Prairie View A&M Panthers,Arkansas-Pine Bluff Golden Lions,SWAC,1,0,0,1.20169,1.2046474915635816
9027,Alabama State Hornets,Southern Jaguars,SWAC,0,1,0,0.88977,0.9944511765476668
9028,Southern Jaguars,Alabama State Hornets,SWAC,1,0,0,0.86326,0.9068580586198504
9029,Wisconsin Badgers,Maryland Terrapins,Big Ten,0,1,0,0.9987,1.0137728060932578
9030,Maryland Terrapins,Wisconsin Badgers,Big Ten,1,0,0,1.1415,1.1460206589497424
9031,Providence Friars,Villanova Wildcats,Big East,0,1,0,0.97337,1.0415304410893014
9032,Villanova Wildcats,Providence Friars,Big East,1,0,0,1.48002,1.4587004378307193
9033,Syracuse Orange,Notre Dame Fighting Irish,ACC,0,0,1,0.9717,0.931998050014225
9034,Notre Dame Fighting Irish,Syracuse Orange,ACC,0,0,1,0.89031,0.9325408890351584
9035,NC State Wolfpack,North Carolina Tar Heels,ACC,0,1,0,1.00627,1.0161223276656712
9036,North Carolina Tar Heels,NC State Wolfpack,ACC,1,0,0,0.79914,0.7420362355865767
9037,Texas A&M Aggies,Arkansas Razorbacks,SEC,0,1,0,1.14285,1.126071749384482
9038,Arkansas Razorbacks,Texas A&M Aggies,SEC,1,0,0,1.27378,1.2486228054126347
9039,Texas Longhorns,West Virginia Mountaineers,Big 12,0,1,0,1.09075,1.115365348499778
9040,West Virginia Mountaineers,Texas Longhorns,Big 12,1,0,0,1.19057,1.174466853468246
9041,South Carolina Gamecocks,Alabama Crimson Tide,SEC,0,1,0,0.97441,0.9646902800878592
9042,Alabama Crimson Tide,South Carolina Gamecocks,SEC,1,0,0,1.13727,1.1491314439152314
9043,LSU Tigers,Auburn Tigers,SEC,0,1,0,1.31539,1.2580303984755214
9044,Auburn Tigers,LSU Tigers,SEC,1,0,0,0.9558,0.9537380079552664
9045,Central Michigan Chippewas,Eastern Michigan Eagles,MAC,0,1,0,1.32979,1.3553043753350122
9046,Eastern Michigan Eagles,Central Michigan Chippewas,MAC,1,0,0,0.99954,0.9325501271152133
9047,Kent State Golden Flashes,Miami (OH) RedHawks,MAC,0,1,0,1.08229,1.018912168808006
9048,Miami (OH) RedHawks,Kent State Golden Flashes,MAC,1,0,0,1.18874,1.1433494879543555
9049,Bowling Green Falcons,Ohio Bobcats,MAC,0,1,0,1.24711,1.1774988728724685
9050,Ohio Bobcats,Bowling Green Falcons,MAC,1,0,0,1.04942,1.0335622808887783
9051,Akron Zips,Buffalo Bulls,MAC,0,1,0,1.01866,1.0318859150238653
9052,Buffalo Bulls,Akron Zips,MAC,1,0,0,1.18131,1.1714877500337109
9053,Western Michigan Broncos,Ball State Cardinals,MAC,0,1,0,1.02694,0.9584348161476038
9054,Ball State Cardinals,Western Michigan Broncos,MAC,1,0,0,0.87843,0.7941643001510598
9055,Niagara Purple Eagles,Canisius Golden Griffins,MAAC,0,1,0,1.37061,1.437126677123781
9056,Canisius Golden Griffins,Niagara Purple Eagles,MAAC,1,0,0,1.16068,1.051300116152301
9057,McNeese Cowboys,Central Arkansas Bears,Southland,0,1,0,1.2,1.0893584657172508
9058,Central Arkansas Bears,McNeese Cowboys,Southland,1,0,0,0.91966,0.8298991977090064
9059,Texas A&M-Corpus Christi Islanders,Abilene Christian Wildcats,Southland,0,1,0,1.13667,1.0515822497411738
9060,Abilene Christian Wildcats,Texas A&M-Corpus Christi Islanders,Southland,1,0,0,0.73829,0.6972100662972069
9061,Florida Gators,Missouri Tigers,SEC,0,1,0,0.85815,0.7619408381970917
9062,Missouri Tigers,Florida Gators,SEC,1,0,0,1.07735,1.1142577479630023
9063,Creighton Bluejays,DePaul Blue Demons,Big East,0,0,1,1.29518,1.2004873986523534
9064,DePaul Blue Demons,Creighton Bluejays,Big East,0,0,1,1.03698,0.9500226064562808
9065,Boston College Eagles,Pittsburgh Panthers,ACC,0,1,0,1.09988,1.0008094111637784
9066,Pittsburgh Panthers,Boston College Eagles,ACC,1,0,0,1.19365,1.0902155384949346
9067,UNLV Rebels,Utah State Aggies,Mountain West,0,1,0,1.02838,1.027020045067025
9068,Utah State Aggies,UNLV Rebels,Mountain West,1,0,0,1.2707,1.2868259179585313
9069,New Mexico Lobos,Boise State Broncos,Mountain West,0,1,0,1.1445,1.2095435495746474
9070,Boise State Broncos,New Mexico Lobos,Mountain West,1,0,0,1.35838,1.3794264108911172
9071,Kentucky Wildcats,Mississippi State Bulldogs,SEC,0,0,1,1.19103,1.1753297224452512
9072,Mississippi State Bulldogs,Kentucky Wildcats,SEC,0,0,1,0.91317,1.0996212577546542
9073,Virginia Cavaliers,Wake Forest Demon Deacons,ACC,0,1,0,1.18141,1.1296342767377348
9074,Wake Forest Demon Deacons,Virginia Cavaliers,ACC,1,0,0,0.57984,0.6616795136934057
9075,Duke Blue Devils,Virginia Tech Hokies,ACC,0,1,0,1.46555,1.3620382956696706
9076,Virginia Tech Hokies,Duke Blue Devils,ACC,1,0,0,1.3656,1.3725702799246118
9077,Evansville Purple Aces,Northern Iowa Panthers,MVC,0,1,0,0.96576,1.0220414736146484
9078,Northern Iowa Panthers,Evansville Purple Aces,MVC,1,0,0,1.15214,1.1335020227108792
9079,Wichita State Shockers,Indiana State Sycamores,MVC,0,1,0,1.03184,1.0280639043777584
9080,Indiana State Sycamores,Wichita State Shockers,MVC,1,0,0,0.88362,0.9411017817296096
9081,Baylor Bears,Iowa State Cyclones,Big 12,0,1,0,1.24008,1.2345987151367104
9082,Iowa State Cyclones,Baylor Bears,Big 12,1,0,0,1.10816,1.1125538369726418
9083,VCU Rams,Richmond Spiders,A-10,1,0,0,0.91045,0.9367227430521179
9084,Richmond Spiders,VCU Rams,A-10,1,0,0,0.94569,0.9742168214112931
9085,Marquette Golden Eagles,Butler Bulldogs,Big East,0,1,0,1.01894,1.09182151096877
9086,Butler Bulldogs,Marquette Golden Eagles,Big East,1,0,0,1.36275,1.316043317795123
9087,Lipscomb Bisons,South Carolina Upstate Spartans,ASUN,0,1,0,0.72082,0.7372446691008513
9088,South Carolina Upstate Spartans,Lipscomb Bisons,ASUN,1,0,0,1.06045,0.9848394063024396
9089,Saint Joseph's Hawks,Massachusetts Minutemen,A-10,0,1,0,1.17914,1.1724977108844985
9090,Massachusetts Minutemen,Saint Joseph's Hawks,A-10,1,0,0,1.02096,1.0149418671567725
9091,St. Bonaventure Bonnies,George Washington Revolutionaries,A-10,0,1,0,0.82843,0.8847189839337511
9092,George Washington Revolutionaries,St. Bonaventure Bonnies,A-10,1,0,0,1.25744,1.2361533277631616
9093,La Salle Explorers,Fordham Rams,A-10,0,1,0,0.7697,0.7339565824625249
9094,Fordham Rams,La Salle Explorers,A-10,1,0,0,1.01148,1.0637796135171564
9095,Bethune-Cookman Wildcats,Savannah State Tigers,MEAC,0,1,0,0.88861,0.9453279055678769
9096,Savannah State Tigers,Bethune-Cookman Wildcats,MEAC,1,0,0,1.00896,1.0034640531580825
9097,Towson Tigers,William & Mary Tribe,CAA,0,1,0,0.85663,0.8212252652946255
9098,William & Mary Tribe,Towson Tigers,CAA,1,0,0,1.10131,1.0222372421604595
9099,James Madison Dukes,UNC Wilmington Seahawks,CAA,0,1,0,0.88778,0.9100741753624971
9100,UNC Wilmington Seahawks,James Madison Dukes,CAA,1,0,0,1.2361,1.1735651139657701
9101,Charleston Cougars,Hofstra Pride,CAA,0,1,0,0.62375,0.6012855934445669
9102,Hofstra Pride,Charleston Cougars,CAA,1,0,0,1.13292,1.091274700023472
9103,Youngstown State Penguins,Oakland Golden Grizzlies,Horizon,0,0,1,1.06323,0.9881095927094272
9104,Oakland Golden Grizzlies,Youngstown State Penguins,Horizon,0,0,1,1.20102,1.0893429041615172
9105,Valparaiso Beacons,Detroit Mercy Titans,Horizon,0,1,0,1.16692,1.1730758123166871
9106,Detroit Mercy Titans,Valparaiso Beacons,Horizon,1,0,0,1.11988,1.1305026699388814
9107,New Hampshire Wildcats,Vermont Catamounts,AM. EAST,0,1,0,0.79753,0.9189993888438502
9108,Vermont Catamounts,New Hampshire Wildcats,AM. EAST,1,0,0,1.02564,1.0769822566253509
9109,UMass Lowell River Hawks,Stony Brook Seawolves,AM. EAST,0,1,0,1.00225,1.0972953279792466
9110,Stony Brook Seawolves,UMass Lowell River Hawks,AM. EAST,1,0,0,1.23929,1.2302226825474123
9111,Hartford Hawks,Maine Black Bears,AM. EAST,0,0,1,1.01776,0.9702398491109137
9112,Maine Black Bears,Hartford Hawks,AM. EAST,0,0,1,0.99081,1.0316705277707157
9113,UAlbany Great Danes,UMBC Retrievers,AM. EAST,0,1,0,1.14113,1.1195310280040174
9114,UMBC Retrievers,UAlbany Great Danes,AM. EAST,1,0,0,0.84394,0.8562325249153458
9115,Indiana Hoosiers,Northwestern Wildcats,Big Ten,0,1,0,1.16658,1.087104721327222
9116,Northwestern Wildcats,Indiana Hoosiers,Big Ten,1,0,0,1.3279,1.1907838003232853
9117,Saint Louis Billikens,Duquesne Dukes,A-10,0,1,0,1.06821,0.9497261287499854
9118,Duquesne Dukes,Saint Louis Billikens,A-10,1,0,0,1.25063,1.1572476262715372
9119,Davidson Wildcats,Rhode Island Rams,A-10,0,1,0,0.91108,1.0008678644701052
9120,Rhode Island Rams,Davidson Wildcats,A-10,1,0,0,0.91022,0.8524208613901441
9121,George Mason Patriots,Dayton Flyers,A-10,0,1,0,1.03903,1.1041185358520802
9122,Dayton Flyers,George Mason Patriots,A-10,1,0,0,1.26788,1.1952812684634027
9123,North Florida Ospreys,Florida Gulf Coast Eagles,ASUN,0,1,0,1.17667,1.2389421626732273
9124,Florida Gulf Coast Eagles,North Florida Ospreys,ASUN,1,0,0,0.96798,0.9495065067030327
9125,Jacksonville Dolphins,Stetson Hatters,ASUN,0,1,0,1.09254,1.006195694479853
9126,Stetson Hatters,Jacksonville Dolphins,ASUN,1,0,0,1.14721,1.0098839613993926
9127,Colgate Raiders,Lafayette Leopards,Patriot,0,1,0,1.50943,1.416391328088739
9128,Lafayette Leopards,Colgate Raiders,Patriot,1,0,0,1.32361,1.254915628808975
9129,Bucknell Bison,Lehigh Mountain Hawks,Patriot,0,1,0,0.92599,0.9619224111590282
9130,Lehigh Mountain Hawks,Bucknell Bison,Patriot,1,0,0,1.20192,1.156762582005187
9131,Army Black Knights,Boston University Terriers,Patriot,0,1,0,0.87419,0.8128108316234237
9132,Boston University Terriers,Army Black Knights,Patriot,1,0,0,0.9533,0.9061463852073277
9133,UConn Huskies,East Carolina Pirates,American,0,1,0,1.0586,1.0168671902668178
9134,East Carolina Pirates,UConn Huskies,American,1,0,0,0.83293,0.8660558019931818
9135,Loyola Maryland Greyhounds,Holy Cross Crusaders,Patriot,0,1,0,0.95449,0.9390232529136698
9136,Holy Cross Crusaders,Loyola Maryland Greyhounds,Patriot,1,0,0,1.06052,1.0259543049906126
9137,UCF Knights,Cincinnati Bearcats,American,0,1,0,0.99269,1.1215303702055641
9138,Cincinnati Bearcats,UCF Knights,American,1,0,0,1.37673,1.2649720542737126
9139,Northern Illinois Huskies,Toledo Rockets,MAC,0,1,0,1.35617,1.324931442946412
9140,Toledo Rockets,Northern Illinois Huskies,MAC,1,0,0,1.38573,1.3242610889848192
9141,Navy Midshipmen,American University Eagles,Patriot,0,1,0,0.91604,0.9491408424332901
9142,American University Eagles,Navy Midshipmen,Patriot,1,0,0,1.33346,1.292391838278373
9143,Denver Pioneers,South Dakota Coyotes,Summit,0,1,0,1.3011,1.2694842692342274
9144,South Dakota Coyotes,Denver Pioneers,Summit,1,0,0,0.90645,0.8605852485499502
9145,Tulane Green Wave,Tulsa Golden Hurricane,American,0,1,0,0.91696,1.006514624639308
9146,Tulsa Golden Hurricane,Tulane Green Wave,American,1,0,0,1.26303,1.2349169853511683
9147,Southern Illinois Salukis,Illinois State Redbirds,MVC,0,1,0,0.96771,1.0448500396608151
9148,Illinois State Redbirds,Southern Illinois Salukis,MVC,1,0,0,1.2573,1.200623948525355
9149,Texas Tech Red Raiders,TCU Horned Frogs,Big 12,0,1,0,0.91732,0.9164684578785453
9150,TCU Horned Frogs,Texas Tech Red Raiders,Big 12,1,0,0,1.21722,1.1469289347901745
9151,Loyola Chicago Ramblers,Drake Bulldogs,MVC,0,1,0,1.38982,1.2626395947707827
9152,Drake Bulldogs,Loyola Chicago Ramblers,MVC,1,0,0,1.31524,1.3021198750769303
9153,Bradley Braves,Missouri State Bears,MVC,0,1,0,1.00714,0.9550142766181775
9154,Missouri State Bears,Bradley Braves,MVC,1,0,0,1.03443,1.003304471556673
9155,Georgia Bulldogs,Ole Miss Rebels,SEC,0,0,1,1.1063,1.0963396332979436
9156,Ole Miss Rebels,Georgia Bulldogs,SEC,0,0,1,1.07327,1.1100979819723957
9157,Illinois Fighting Illini,Iowa Hawkeyes,Big Ten,0,0,1,0.97595,0.9896814920461596
9158,Iowa Hawkeyes,Illinois Fighting Illini,Big Ten,0,0,1,1.12078,1.1322680459662164
9159,San José State Spartans,Colorado State Rams,Mountain West,0,1,0,0.92828,0.975815768747439
9160,Colorado State Rams,San José State Spartans,Mountain West,1,0,0,1.2567,1.1421475243227663
9161,Nevada Wolf Pack,Air Force Falcons,Mountain West,0,0,1,1.12042,1.0719000794128464
9162,Air Force Falcons,Nevada Wolf Pack,Mountain West,0,0,1,1.21086,1.1981955239581337
9163,Florida State Seminoles,Miami Hurricanes,ACC,0,1,0,1.16446,1.142504469750457
9164,Miami Hurricanes,Florida State Seminoles,ACC,1,0,0,1.32415,1.2478434443465558
9165,Fresno State Bulldogs,Wyoming Cowboys,Mountain West,0,1,0,1.15101,1.2026867396646908
9166,Wyoming Cowboys,Fresno State Bulldogs,Mountain West,1,0,0,1.05093,0.9832325039012272
9167,Washington State Cougars,USC Trojans,Pac-12,0,1,0,1.06541,1.0345676153632437
9168,USC Trojans,Washington State Cougars,Pac-12,1,0,0,0.97269,0.827605025583475
9169,Oregon Ducks,California Golden Bears,Pac-12,0,1,0,1.32696,1.3378961481507345
9170,California Golden Bears,Oregon Ducks,Pac-12,1,0,0,1.17137,1.1218780040531415
9171,Washington Huskies,UCLA Bruins,Pac-12,0,1,0,0.99695,0.9917540581372898
9172,UCLA Bruins,Washington Huskies,Pac-12,1,0,0,1.32313,1.2716707224681132
9173,Arizona State Sun Devils,Utah Utes,Pac-12,0,1,0,0.72732,0.8125935406127672
9174,Utah Utes,Arizona State Sun Devils,Pac-12,1,0,0,1.42201,1.3873833001638087
9175,SMU Mustangs,Memphis Tigers,American,0,1,0,1.19441,1.2812004627209264
9176,Memphis Tigers,SMU Mustangs,American,1,0,0,1.0223,1.0741663688840024
9177,Northern Kentucky Norse,Kennesaw State Owls,ASUN,0,1,0,1.41354,1.3507590910854272
9178,Kennesaw State Owls,Northern Kentucky Norse,ASUN,1,0,0,1.04088,0.9508261711590222
9179,East Tennessee State Buccaneers,The Citadel Bulldogs,Southern,0,1,0,1.23364,1.0080125109228122
9180,The Citadel Bulldogs,East Tennessee State Buccaneers,Southern,1,0,0,1.26532,1.168047857229881
9181,Sacred Heart Pioneers,Fairleigh Dickinson Knights,NEC,0,0,1,1.35634,1.3245587934560814
9182,Fairleigh Dickinson Knights,Sacred Heart Pioneers,NEC,0,0,1,1.22906,1.225481045333346
9183,Northeastern Huskies,Elon Phoenix,CAA,0,1,0,0.99163,0.9861875264533663
9184,Elon Phoenix,Northeastern Huskies,CAA,1,0,0,1.1241,1.128523035126678
9185,Delaware Blue Hens,Drexel Dragons,CAA,0,1,0,1.07122,1.048591321257997
9186,Drexel Dragons,Delaware Blue Hens,CAA,1,0,0,0.79187,0.6897190227653937
9187,Milwaukee Panthers,Wright State Raiders,Horizon,0,1,0,0.89546,0.8746758958146629
9188,Wright State Raiders,Milwaukee Panthers,Horizon,1,0,0,0.88071,0.8070507318221924
9189,Vanderbilt Commodores,Tennessee Volunteers,SEC,0,1,0,1.29059,1.2506976391631195
9190,Tennessee Volunteers,Vanderbilt Commodores,SEC,1,0,0,1.13605,1.0701036765789842
9191,Jacksonville State Gamecocks,Eastern Kentucky Colonels,OVC,0,1,0,0.93298,0.9752880566673332
9192,Eastern Kentucky Colonels,Jacksonville State Gamecocks,OVC,1,0,0,1.07511,0.9861872926344881
9193,Nebraska Cornhuskers,Ohio State Buckeyes,Big Ten,0,1,0,0.98695,1.0231941453182702
9194,Ohio State Buckeyes,Nebraska Cornhuskers,Big Ten,1,0,0,1.36795,1.3478635684559808
9195,Minnesota Golden Gophers,Michigan State Spartans,Big Ten,0,1,0,1.34048,1.3865309450675156
9196,Michigan State Spartans,Minnesota Golden Gophers,Big Ten,1,0,0,1.22134,1.1496037128210912
9197,Wagner Seahawks,Robert Morris Colonials,NEC,0,1,0,0.92003,0.9372175311066728
9198,Robert Morris Colonials,Wagner Seahawks,NEC,1,0,0,1.42587,1.3746087102090832
9199,Mount St. Mary's Mountaineers,St. Francis (PA) Red Flash,NEC,0,1,0,1.02931,1.0837856167311841
9200,St. Francis (PA) Red Flash,Mount St. Mary's Mountaineers,NEC,1,0,0,1.07371,1.0890336834115506
9201,St. Francis Brooklyn Terriers,Long Island University Sharks,NEC,1,0,0,0.96644,0.9497146296747814
9202,Long Island University Sharks,St. Francis Brooklyn Terriers,NEC,0,1,0,0.8668,0.9006733982458184
9203,Central Connecticut Blue Devils,Bryant Bulldogs,NEC,0,1,0,1.23581,1.1927706784578231
9204,Bryant Bulldogs,Central Connecticut Blue Devils,NEC,1,0,0,1.36688,1.273769524244585
9205,Radford Highlanders,Liberty Flames,Big South,0,1,0,1.08441,1.040260491089706
9206,Liberty Flames,Radford Highlanders,Big South,1,0,0,1.22046,1.1727037069223523
9207,High Point Panthers,UNC Asheville Bulldogs,Big South,0,1,0,1.23537,1.2183039435625458
9208,UNC Asheville Bulldogs,High Point Panthers,Big South,1,0,0,1.11049,1.0663404599114403
9209,Coastal Carolina Chanticleers,Presbyterian Blue Hose,Big South,0,1,0,1.00553,0.890113419628825
9210,Presbyterian Blue Hose,Coastal Carolina Chanticleers,Big South,1,0,0,1.20494,1.1956268251163409
9211,Winthrop Eagles,Campbell Fighting Camels,Big South,0,1,0,0.90928,0.8594552373287213
9212,Campbell Fighting Camels,Winthrop Eagles,Big South,1,0,0,1.21341,1.1883287061348897
9213,Charleston Southern Buccaneers,Gardner-Webb Runnin' Bulldogs,Big South,0,1,0,1.22496,1.1551999230106584
9214,Gardner-Webb Runnin' Bulldogs,Charleston Southern Buccaneers,Big South,1,0,0,1.36039,1.2699245399217933
9215,Chattanooga Mocs,VMI Keydets,Southern,0,1,0,1.14032,1.0476991839746332
9216,VMI Keydets,Chattanooga Mocs,Southern,1,0,0,1.09847,1.0337927361008066
9217,Samford Bulldogs,UNC Greensboro Spartans,Southern,0,1,0,1.09666,1.0176444754226674
9218,UNC Greensboro Spartans,Samford Bulldogs,Southern,1,0,0,1.30048,1.159958048623123
9219,Wofford Terriers,Mercer Bears,Southern,0,1,0,1.22853,1.1721675915834744
9220,Mercer Bears,Wofford Terriers,Southern,1,0,0,1.13774,1.1374490864451023
9221,Western Carolina Catamounts,Furman Paladins,Southern,0,1,0,0.82432,0.6953955264124376
9222,Furman Paladins,Western Carolina Catamounts,Southern,1,0,0,0.89799,0.7830865218811205
9223,Western Illinois Leathernecks,IU Indianapolis Jaguars,Summit,0,1,0,0.96181,0.991317416974475
9224,IU Indianapolis Jaguars,Western Illinois Leathernecks,Summit,1,0,0,1.04284,0.9905425922941968
9225,Omaha Mavericks,Purdue Fort Wayne Mastodons,Summit,0,1,0,1.07101,1.0485313017785958
9226,Purdue Fort Wayne Mastodons,Omaha Mavericks,Summit,1,0,0,0.97638,0.9458354501574596
9227,Houston Cougars,Temple Owls,American,0,1,0,0.94001,1.03253804401848
9228,Temple Owls,Houston Cougars,American,1,0,0,1.16604,1.121674361416003
9229,Georgia Southern Eagles,App State Mountaineers,Sun Belt,0,1,0,1.2821,1.2551467672261316
9230,App State Mountaineers,Georgia Southern Eagles,Sun Belt,1,0,0,0.97383,1.0054529606615106
9231,Green Bay Phoenix,UIC Flames,Horizon,0,1,0,1.18596,1.125894883479407
9232,UIC Flames,Green Bay Phoenix,Horizon,1,0,0,1.15856,1.2057581315876762
9233,UT Martin Skyhawks,Tennessee State Tigers,OVC,0,1,0,1.32513,1.297647061439086
9234,Tennessee State Tigers,UT Martin Skyhawks,OVC,1,0,0,0.99206,0.9324431066496119
9235,SIU Edwardsville Cougars,Austin Peay Governors,OVC,0,1,0,0.93389,0.9098553610588779
9236,Austin Peay Governors,SIU Edwardsville Cougars,OVC,1,0,0,0.96006,0.9216512915615752
9237,Eastern Illinois Panthers,Murray State Racers,OVC,0,1,0,1.01879,1.0421195795469518
9238,Murray State Racers,Eastern Illinois Panthers,OVC,1,0,0,1.12998,1.0896211963350646
9239,UTSA Roadrunners,Southern Miss Golden Eagles,CUSA,0,1,0,1.00394,0.9378429028408775
9240,Southern Miss Golden Eagles,UTSA Roadrunners,CUSA,1,0,0,1.10748,1.019420562647347
9241,Old Dominion Monarchs,Rice Owls,CUSA,0,1,0,1.12603,1.1280245619542648
9242,Rice Owls,Old Dominion Monarchs,CUSA,1,0,0,0.98615,1.044111318763722
9243,UTEP Miners,Louisiana Tech Bulldogs,CUSA,0,1,0,0.93395,1.0015192623754663
9244,Louisiana Tech Bulldogs,UTEP Miners,CUSA,1,0,0,1.16244,1.201069984027186
9245,Florida Atlantic Owls,Western Kentucky Hilltoppers,CUSA,0,1,0,1.08707,1.1066296280047105
9246,Western Kentucky Hilltoppers,Florida Atlantic Owls,CUSA,1,0,0,1.09992,1.0263132210598926
9247,Florida International Panthers,Marshall Thundering Herd,CUSA,0,1,0,1.01118,1.0054138251930853
9248,Marshall Thundering Herd,Florida International Panthers,CUSA,1,0,0,1.23266,1.1994185058870157
9249,Charlotte 49ers,North Texas Mean Green,CUSA,0,1,0,1.05728,1.0755820246028402
9250,North Texas Mean Green,Charlotte 49ers,CUSA,1,0,0,1.32415,1.2659093520096576
9251,Grand Canyon Lopes,Chicago State Cougars,WAC,0,1,0,1.18371,1.2584079196719276
9252,Chicago State Cougars,Grand Canyon Lopes,WAC,1,0,0,1.24489,1.2368340134177602
9253,North Dakota State Bison,Oral Roberts Golden Eagles,Summit,0,1,0,0.96389,0.9368195954955509
9254,Oral Roberts Golden Eagles,North Dakota State Bison,Summit,1,0,0,1.26283,1.251306747213022
9255,Rider Broncs,Monmouth Hawks,MAAC,0,1,0,1.01211,1.0500060972753233
9256,Monmouth Hawks,Rider Broncs,MAAC,1,0,0,0.95859,0.9677969057702679
9257,Northern Arizona Lumberjacks,North Dakota Fighting Hawks,Big Sky,0,1,0,1.31758,1.2511114814400557
9258,North Dakota Fighting Hawks,Northern Arizona Lumberjacks,Big Sky,1,0,0,1.1975,1.1708795561616856
9259,Utah Valley Wolverines,Kansas City Roos,WAC,0,1,0,0.87038,0.921714218834465
9260,Kansas City Roos,Utah Valley Wolverines,WAC,1,0,0,1.21987,1.2401363209506777
9261,Georgia State Panthers,Little Rock Trojans,Sun Belt,0,1,0,1.26697,1.228766263497407
9262,Little Rock Trojans,Georgia State Panthers,Sun Belt,1,0,0,1.40931,1.459031264019063
9263,UT Arlington Mavericks,Arkansas State Red Wolves,Sun Belt,0,1,0,1.09132,1.084860679359236
9264,Arkansas State Red Wolves,UT Arlington Mavericks,Sun Belt,1,0,0,1.16669,1.1508002654356844
9265,UL Monroe Warhawks,South Alabama Jaguars,Sun Belt,0,1,0,1.2969,1.2553729200753547
9266,South Alabama Jaguars,UL Monroe Warhawks,Sun Belt,1,0,0,1.00025,1.0358213711535247
9267,Troy Trojans,Texas State Bobcats,Sun Belt,0,1,0,1.00988,1.098440397035459
9268,Texas State Bobcats,Troy Trojans,Sun Belt,1,0,0,1.08238,1.0280529039234654
9269,Tennessee Tech Golden Eagles,Morehead State Eagles,OVC,0,1,0,1.0343,1.0738488193353792
9270,Morehead State Eagles,Tennessee Tech Golden Eagles,OVC,1,0,0,1.21452,1.122444693014195
9271,Rutgers Scarlet Knights,Purdue Boilermakers,Big Ten,0,1,0,1.15049,1.1470510661646627
9272,Purdue Boilermakers,Rutgers Scarlet Knights,Big Ten,1,0,0,1.29785,1.2042356352707977
9273,Arizona Wildcats,Colorado Buffaloes,Pac-12,0,1,0,1.33464,1.3284080048924536
9274,Colorado Buffaloes,Arizona Wildcats,Pac-12,1,0,0,0.8622,0.9472094213507647
9275,Southern Utah Thunderbirds,Northern Colorado Bears,Big Sky,0,1,0,0.95657,0.8091143822530213
9276,Northern Colorado Bears,Southern Utah Thunderbirds,Big Sky,1,0,0,1.21749,1.0856305418325214
9277,Montana State Bobcats,Eastern Washington Eagles,Big Sky,0,1,0,0.94697,0.8973114320344557
9278,Eastern Washington Eagles,Montana State Bobcats,Big Sky,1,0,0,1.29365,1.1977469593534757
9279,UC Irvine Anteaters,Cal Poly Mustangs,Big West,0,1,0,1.18201,1.2016384628583774
9280,Cal Poly Mustangs,UC Irvine Anteaters,Big West,1,0,0,1.05984,1.0841216288128068
9281,UC Davis Aggies,UC Santa Barbara Gauchos,Big West,0,1,0,1.02392,1.0368586903295622
9282,UC Santa Barbara Gauchos,UC Davis Aggies,Big West,1,0,0,1.29075,1.2208213495187787
9283,Cal State Fullerton Titans,Cal State Northridge Matadors,Big West,0,1,0,1.10424,1.0452381917887759
9284,Cal State Northridge Matadors,Cal State Fullerton Titans,Big West,1,0,0,1.27108,1.178597689034294
9285,Pacific Tigers,Santa Clara Broncos,WCC,0,1,0,1.03842,0.9539308047248987
9286,Santa Clara Broncos,Pacific Tigers,WCC,1,0,0,0.99756,0.8401637171751193
9287,BYU Cougars,Portland Pilots,WCC,0,1,0,1.20645,1.1463632988999681
9288,Portland Pilots,BYU Cougars,WCC,1,0,0,1.02211,0.9481100913472824
9289,Montana Grizzlies,Idaho Vandals,Big Sky,0,1,0,1.16365,1.0931459830572188
9290,Idaho Vandals,Montana Grizzlies,Big Sky,1,0,0,1.21863,1.167716945364846
9291,San Diego Toreros,Gonzaga Bulldogs,WCC,0,1,0,0.72753,0.7910053998588376
9292,Gonzaga Bulldogs,San Diego Toreros,WCC,1,0,0,1.12561,1.1017927675006207
9293,Oregon State Beavers,Stanford Cardinal,Pac-12,0,1,0,0.79315,0.7670984227599118
9294,Stanford Cardinal,Oregon State Beavers,Pac-12,1,0,0,1.2512,1.2772582597552329
9295,Saint Mary's Gaels,San Francisco Dons,WCC,0,1,0,1.34781,1.3182644256147102
9296,San Francisco Dons,Saint Mary's Gaels,WCC,1,0,0,0.85781,0.8067158402667486
9297,Long Beach State Beach,Hawai'i Rainbow Warriors,Big West,0,1,0,0.81901,0.8479577289773764
9298,Hawai'i Rainbow Warriors,Long Beach State Beach,Big West,1,0,0,1.09797,1.0865597945887207
9299,Siena Saints,Quinnipiac Bobcats,MAAC,0,1,0,0.8736,0.9043472797123516
9300,Quinnipiac Bobcats,Siena Saints,MAAC,1,0,0,1.00531,0.8912262293823355
9301,Harvard Crimson,Cornell Big Red,Ivy,0,1,0,0.89359,0.9026519335436133
9302,Cornell Big Red,Harvard Crimson,Ivy,1,0,0,1.11523,1.168242408444879
9303,Saint Peter's Peacocks,Marist Red Foxes,MAAC,0,1,0,1.11917,1.106249683743721
9304,Marist Red Foxes,Saint Peter's Peacocks,MAAC,1,0,0,1.17983,1.1851501666099435
9305,Manhattan Jaspers,Iona Gaels,MAAC,0,1,0,1.11036,1.0951225861712406
9306,Iona Gaels,Manhattan Jaspers,MAAC,1,0,0,1.136,1.147030984200875
9307,Fairfield Stags,Canisius Golden Griffins,MAAC,0,1,0,1.12998,1.1964966771237806
9308,Canisius Golden Griffins,Fairfield Stags,MAAC,1,0,0,1.27378,1.2533156388533706
9309,Princeton Tigers,Yale Bulldogs,Ivy,0,1,0,0.96989,1.0483156998872087
9310,Yale Bulldogs,Princeton Tigers,Ivy,1,0,0,1.27224,1.2038287956873472
9311,Pennsylvania Quakers,Brown Bears,Ivy,0,1,0,1.0545,1.0201246642412598
9312,Brown Bears,Pennsylvania Quakers,Ivy,1,0,0,1.16604,1.094078590077599
9313,Dartmouth Big Green,Columbia Lions,Ivy,0,1,0,1.31698,1.2944716162603092
9314,Columbia Lions,Dartmouth Big Green,Ivy,1,0,0,1.14204,1.1196583005364722
9315,Ohio Bobcats,Akron Zips,MAC,0,1,0,1.01031,1.033665900428318
9316,Akron Zips,Ohio Bobcats,MAC,1,0,0,1.21934,1.1165507224778615
9317,Valparaiso Beacons,Cleveland State Vikings,Horizon,0,1,0,1.09814,1.101503497082013
9318,Cleveland State Vikings,Valparaiso Beacons,Horizon,1,0,0,1.02541,1.0360326699388813
9319,Arkansas Razorbacks,Kentucky Wildcats,SEC,0,1,0,1.01147,1.1979212577546543
9320,Kentucky Wildcats,Arkansas Razorbacks,SEC,1,0,0,1.28074,1.230783598989875
9321,Virginia Tech Hokies,Virginia Cavaliers,ACC,0,1,0,1.11023,1.2252476640880128
9322,Virginia Cavaliers,Virginia Tech Hokies,ACC,1,0,0,1.30114,1.1644501452750635
9323,BYU Cougars,Gonzaga Bulldogs,WCC,0,1,0,1.12222,1.1856953998588375
9324,Gonzaga Bulldogs,BYU Cougars,WCC,1,0,0,1.08442,1.0104200913472823
9325,Syracuse Orange,Duke Blue Devils,ACC,0,1,0,0.84612,0.8862684303192191
9326,Duke Blue Devils,Syracuse Orange,ACC,1,0,0,1.15145,1.1605027386405513
9327,Villanova Wildcats,Xavier Musketeers,Big East,0,1,0,1.27752,1.2627204232882248
9328,Xavier Musketeers,Villanova Wildcats,Big East,1,0,0,1.11174,1.1467222906946941
9329,Arizona Wildcats,Utah Utes,Pac-12,0,1,0,1.10703,1.192303540612767
9330,Utah Utes,Arizona Wildcats,Pac-12,1,0,0,0.96955,1.0545594213507647
9331,Texas Longhorns,Kansas Jayhawks,Big 12,0,1,0,0.98155,1.0281264116958972
9332,Kansas Jayhawks,Texas Longhorns,Big 12,1,0,0,1.05574,1.039636853468246
9333,Northern Iowa Panthers,Wichita State Shockers,MVC,0,1,0,1.11927,1.2099299321242167
9334,Wichita State Shockers,Northern Iowa Panthers,MVC,1,0,0,1.41697,1.4400733232200416
9335,Iowa State Cyclones,Kansas State Wildcats,Big 12,0,1,0,1.09901,1.0863014733100678
9336,Kansas State Wildcats,Iowa State Cyclones,Big 12,1,0,0,1.07674,1.0380805647421032
9337,Michigan Wolverines,Maryland Terrapins,Big Ten,0,1,0,0.99545,1.0105228060932576
9338,Maryland Terrapins,Michigan Wolverines,Big Ten,1,0,0,1.19358,1.1401638238752296
9339,North Carolina Tar Heels,Miami Hurricanes,ACC,0,1,0,1.0826,1.060644469750457
9340,Miami Hurricanes,North Carolina Tar Heels,ACC,1,0,0,0.94429,0.920964177271064
9341,TCU Horned Frogs,Oklahoma Sooners,Big 12,0,1,0,1.00741,1.0775391704323327
9342,Oklahoma Sooners,TCU Horned Frogs,Big 12,1,0,0,1.14638,1.112350307483938
9343,Louisville Cardinals,Florida State Seminoles,ACC,0,1,0,1.22425,1.181121594741163
9344,Florida State Seminoles,Louisville Cardinals,ACC,1,0,0,0.93006,0.9837450695498063
9345,West Virginia Mountaineers,Baylor Bears,Big 12,0,1,0,1.14051,1.1780819873672488
9346,Baylor Bears,West Virginia Mountaineers,Big 12,1,0,0,1.38841,1.3798471981051708
9347,Dayton Flyers,VCU Rams,A-10,0,1,0,1.02704,1.0887449718059001
9348,VCU Rams,Dayton Flyers,A-10,1,0,0,0.92705,0.9589603854574731
9349,Butler Bulldogs,DePaul Blue Demons,Big East,0,0,1,1.09254,0.9978473986523536
9350,DePaul Blue Demons,Butler Bulldogs,Big East,0,0,1,0.89916,0.97204151096877
9351,Boise State Broncos,San Diego State Aztecs,Mountain West,0,1,0,0.99206,1.119719348273649
9352,San Diego State Aztecs,Boise State Broncos,Mountain West,1,0,0,0.82843,0.8602953991800402
9353,Kennesaw State Owls,Lipscomb Bisons,ASUN,0,1,0,1.03231,0.9898775566970469
9354,Lipscomb Bisons,Kennesaw State Owls,ASUN,1,0,0,1.29657,1.20061094069082
9355,Navy Midshipmen,Loyola Maryland Greyhounds,Patriot,0,1,0,1.14624,1.1448524553852197
9356,Loyola Maryland Greyhounds,Navy Midshipmen,Patriot,1,0,0,0.91001,0.8689418382783729
9357,Missouri Tigers,Georgia Bulldogs,SEC,0,1,0,0.72475,0.7615779819723958
9358,Georgia Bulldogs,Missouri Tigers,SEC,1,0,0,1.11373,0.9843426878024846
9359,Georgetown Hoyas,St. John's Red Storm,Big East,0,0,1,1.08249,1.0816972025084295
9360,St. John's Red Storm,Georgetown Hoyas,Big East,0,0,1,1.29648,1.2981854850956527
9361,Georgia Tech Yellow Jackets,Clemson Tigers,ACC,0,1,0,0.99432,1.0042383131247519
9362,Clemson Tigers,Georgia Tech Yellow Jackets,ACC,1,0,0,1.09026,1.0548219796404985
9363,NC State Wolfpack,Boston College Eagles,ACC,0,1,0,1.02156,0.9513036888895418
9364,Boston College Eagles,NC State Wolfpack,ACC,1,0,0,1.29065,1.2335462355865767
9365,Lehigh Mountain Hawks,Colgate Raiders,Patriot,0,1,0,0.9587,0.9231837792035821
9366,Colgate Raiders,Lehigh Mountain Hawks,Patriot,1,0,0,1.15363,1.156384260764421
9367,Bucknell Bison,American University Eagles,Patriot,0,1,0,1.24845,1.2815508424332902
9368,American University Eagles,Bucknell Bison,Patriot,1,0,0,1.28532,1.240162582005187
9369,Army Black Knights,Lafayette Leopards,Patriot,0,1,0,0.97466,0.8816213280887389
9370,Lafayette Leopards,Army Black Knights,Patriot,1,0,0,1.14844,1.1012863852073276
9371,East Carolina Pirates,UCF Knights,American,0,1,0,1.29388,1.2153002046683197
9372,UCF Knights,East Carolina Pirates,American,1,0,0,1.22943,1.1545190398722107
9373,Rhode Island Rams,La Salle Explorers,A-10,0,1,0,0.96999,1.0554677639117636
9374,La Salle Explorers,Rhode Island Rams,A-10,1,0,0,0.97222,1.028829714075498
9375,Maine Black Bears,New Hampshire Wildcats,AM. EAST,0,1,0,0.90749,0.992010407019958
9376,New Hampshire Wildcats,Maine Black Bears,AM. EAST,1,0,0,1.02651,0.9458116987163065
9377,Presbyterian Blue Hose,Winthrop Eagles,Big South,0,1,0,0.84675,0.8548468565294967
9378,Winthrop Eagles,Presbyterian Blue Hose,Big South,1,0,0,1.28363,1.135035269234218
9379,Samford Bulldogs,VMI Keydets,Southern,0,1,0,1.01725,0.9246291839746333
9380,VMI Keydets,Samford Bulldogs,Southern,1,0,0,0.88954,0.7490180486231228
9381,Western Carolina Catamounts,The Citadel Bulldogs,Southern,0,1,0,1.40369,1.1780625109228122
9382,The Citadel Bulldogs,Western Carolina Catamounts,Southern,1,0,0,1.17383,1.0589265218811204
9383,Omaha Mavericks,IU Indianapolis Jaguars,Summit,0,1,0,1.13112,1.1606274169744748
9384,IU Indianapolis Jaguars,Omaha Mavericks,Summit,1,0,0,1.03033,0.9997854501574596
9385,Drexel Dragons,William & Mary Tribe,CAA,0,1,0,1.53074,1.4953352652946255
9386,William & Mary Tribe,Drexel Dragons,CAA,1,0,0,1.22418,1.1683731708633898
9387,Delaware Blue Hens,Towson Tigers,CAA,0,1,0,1.08996,1.0440653925550667
9388,Towson Tigers,Delaware Blue Hens,CAA,1,0,0,0.9705,0.8683490227653937
9389,Wright State Raiders,UIC Flames,Horizon,0,1,0,0.77036,0.710294883479407
9390,UIC Flames,Wright State Raiders,Horizon,1,0,0,1.04372,0.9897577454200557
9391,Oakland Golden Grizzlies,Green Bay Phoenix,Horizon,0,0,1,0.95999,1.0403662819822832
9392,Green Bay Phoenix,Oakland Golden Grizzlies,Horizon,0,0,1,1.30287,1.2277495927094275
9393,Ole Miss Rebels,LSU Tigers,SEC,0,1,0,0.92118,0.9522961583498737
9394,LSU Tigers,Ole Miss Rebels,SEC,1,0,0,1.07769,1.0345514829033364
9395,UMBC Retrievers,Binghamton Bearcats,AM. EAST,0,0,1,1.08902,1.0987103235689846
9396,Binghamton Bearcats,UMBC Retrievers,AM. EAST,0,0,1,1.16285,1.1412510280040173
9397,Vermont Catamounts,UAlbany Great Danes,AM. EAST,0,1,0,1.10397,1.1494406753099529
9398,UAlbany Great Danes,Vermont Catamounts,AM. EAST,1,0,0,1.23339,1.3216812384492431
9399,Wagner Seahawks,Mount St. Mary's Mountaineers,NEC,0,1,0,1.04493,1.0934318338061577
9400,Mount St. Mary's Mountaineers,Wagner Seahawks,NEC,1,0,0,1.22432,1.1730587102090833
9401,Utah State Aggies,Air Force Falcons,Mountain West,0,0,1,1.2082,1.1596800794128463
9402,Air Force Falcons,Utah State Aggies,Mountain West,0,0,1,0.97413,0.9727700450670248
9403,Campbell Fighting Camels,Longwood Lancers,Big South,0,1,0,1.14295,1.0636871320743426
9404,Longwood Lancers,Campbell Fighting Camels,Big South,1,0,0,1.28465,1.2016470869341143
9405,Florida Gulf Coast Eagles,Jacksonville Dolphins,ASUN,0,1,0,1.08037,0.9762221117939998
9406,Jacksonville Dolphins,Florida Gulf Coast Eagles,ASUN,1,0,0,1.23381,1.2629040122786201
9407,Cincinnati Bearcats,Tulane Green Wave,American,0,1,0,1.21169,1.2167551357457753
9408,Tulane Green Wave,Cincinnati Bearcats,American,1,0,0,0.90063,0.9962922198109572
9409,Illinois State Redbirds,Evansville Purple Aces,MVC,0,1,0,1.05761,1.0721501731054863
9410,Evansville Purple Aces,Illinois State Redbirds,MVC,1,0,0,1.01147,1.055431889266208
9411,Indiana State Sycamores,Bradley Braves,MVC,0,1,0,0.93061,0.9326626219512802
9412,Bradley Braves,Indiana State Sycamores,MVC,1,0,0,0.7961,0.7591457539831513
9413,Middle Tennessee Blue Raiders,UAB Blazers,CUSA,0,1,0,1.20917,1.265077336340755
9414,UAB Blazers,Middle Tennessee Blue Raiders,CUSA,1,0,0,1.30797,1.3134486286708518
9415,Utah Valley Wolverines,Chicago State Cougars,WAC,0,1,0,0.73451,0.8092079196719276
9416,Chicago State Cougars,Utah Valley Wolverines,WAC,1,0,0,1.06527,1.0855363209506779
9417,UNC Asheville Bulldogs,Liberty Flames,Big South,0,1,0,1.28986,1.2457104910897059
9418,Liberty Flames,UNC Asheville Bulldogs,Big South,1,0,0,1.06096,1.0107157931679385
9419,Southern Utah Thunderbirds,North Dakota Fighting Hawks,Big Sky,0,1,0,1.08063,1.0141614814400557
9420,North Dakota Fighting Hawks,Southern Utah Thunderbirds,Big Sky,1,0,0,1.05927,0.9274105418325214
9421,UL Monroe Warhawks,App State Mountaineers,Sun Belt,0,1,0,0.79531,0.7683567672261314
9422,App State Mountaineers,UL Monroe Warhawks,Sun Belt,1,0,0,1.24637,1.2819413711535246
9423,Long Island University Sharks,Sacred Heart Pioneers,NEC,0,1,0,1.02097,1.017391045333346
9424,Sacred Heart Pioneers,Long Island University Sharks,NEC,1,0,0,1.17544,1.1587146296747814
9425,Bowling Green Falcons,Miami (OH) RedHawks,MAC,0,1,0,1.07424,1.0108621688080062
9426,Miami (OH) RedHawks,Bowling Green Falcons,MAC,1,0,0,0.96014,0.9442822808887784
9427,Fordham Rams,Massachusetts Minutemen,A-10,0,1,0,1.17505,1.1684077108844984
9428,Massachusetts Minutemen,Fordham Rams,A-10,1,0,0,1.26581,1.196888432067918
9429,Maryland Eastern Shore Hawks,Delaware State Hornets,MEAC,0,1,0,1.09833,1.1170980007694966
9430,Delaware State Hornets,Maryland Eastern Shore Hawks,MEAC,1,0,0,1.05137,1.0515837680498832
9431,Hofstra Pride,James Madison Dukes,CAA,0,1,0,1.18815,1.1587932643603773
9432,James Madison Dukes,Hofstra Pride,CAA,1,0,0,1.34642,1.2907774430499597
9433,Alabama Crimson Tide,Vanderbilt Commodores,SEC,0,1,0,1.17723,1.1444618269735913
9434,Vanderbilt Commodores,Alabama Crimson Tide,SEC,1,0,0,1.26736,1.224462129693252
9435,Nicholls Colonels,McNeese Cowboys,Southland,0,1,0,1.06348,1.0068973481036134
9436,McNeese Cowboys,Nicholls Colonels,Southland,1,0,0,1.13761,1.0837772813039428
9437,St. Francis (PA) Red Flash,Robert Morris Colonials,NEC,0,1,0,1.01105,1.028237531106673
9438,Robert Morris Colonials,St. Francis (PA) Red Flash,NEC,1,0,0,1.01424,1.035537466336577
9439,St. Francis Brooklyn Terriers,Bryant Bulldogs,NEC,0,1,0,0.7785,0.735460678457823
9440,Bryant Bulldogs,St. Francis Brooklyn Terriers,NEC,1,0,0,0.97278,0.9734752478512112
9441,Duquesne Dukes,St. Bonaventure Bonnies,A-10,0,1,0,1.12507,1.1369614781577688
9442,St. Bonaventure Bonnies,Duquesne Dukes,A-10,1,0,0,1.36827,1.2166079783553783
9443,Gardner-Webb Runnin' Bulldogs,Radford Highlanders,Big South,0,1,0,0.91065,0.8960718573169593
9444,Radford Highlanders,Gardner-Webb Runnin' Bulldogs,Big South,1,0,0,1.07388,0.9709417726160511
9445,East Tennessee State Buccaneers,Mercer Bears,Southern,0,1,0,1.03199,0.9756275915834746
9446,Mercer Bears,East Tennessee State Buccaneers,Southern,1,0,0,1.1017,1.0044278572298808
9447,Wofford Terriers,Furman Paladins,Southern,0,1,0,1.14672,1.0177955264124374
9448,Furman Paladins,Wofford Terriers,Southern,1,0,0,1.13061,1.1303190864451023
9449,Creighton Bluejays,Seton Hall Pirates,Big East,0,0,1,1.06556,1.0245405448346736
9450,Seton Hall Pirates,Creighton Bluejays,Big East,0,0,1,1.11846,1.0315026064562807
9451,San Diego Toreros,Portland Pilots,WCC,0,1,0,1.29461,1.2345232988999681
9452,Portland Pilots,San Diego Toreros,WCC,1,0,0,1.09684,1.0730227675006208
9453,Holy Cross Crusaders,Boston University Terriers,Patriot,0,1,0,1.29862,1.2372408316234238
9454,Boston University Terriers,Holy Cross Crusaders,Patriot,1,0,0,1.16109,1.1124451025190627
9455,Missouri State Bears,Loyola Chicago Ramblers,MVC,0,1,0,0.88601,0.9060680254715374
9456,Loyola Chicago Ramblers,Missouri State Bears,MVC,1,0,0,1.14916,1.0638561262235702
9457,Drake Bulldogs,Southern Illinois Salukis,MVC,0,1,0,1.12538,1.101882098919962
9458,Southern Illinois Salukis,Drake Bulldogs,MVC,1,0,0,1.19929,1.0389314443761755
9459,Oklahoma State Cowboys,Texas Tech Red Raiders,Big 12,0,1,0,1.1021,1.0649870851847818
9460,Texas Tech Red Raiders,Oklahoma State Cowboys,Big 12,1,0,0,1.14011,1.1125960172243334
9461,Montana State Bobcats,Idaho Vandals,Big Sky,0,1,0,1.10719,1.0366859830572186
9462,Idaho Vandals,Montana State Bobcats,Big Sky,1,0,0,1.20563,1.109726959353476
9463,Bethune-Cookman Wildcats,North Carolina Central Eagles,MEAC,0,1,0,1.00003,1.1168861936051517
9464,North Carolina Central Eagles,Bethune-Cookman Wildcats,MEAC,1,0,0,1.46028,1.4547840531580822
9465,Central Connecticut Blue Devils,Fairleigh Dickinson Knights,NEC,0,0,1,0.96995,0.9381687934560812
9466,Fairleigh Dickinson Knights,Central Connecticut Blue Devils,NEC,0,0,1,1.05438,0.9944476746391921
9467,Eastern Michigan Eagles,Western Michigan Broncos,MAC,0,1,0,1.17334,1.1222524505456668
9468,Western Michigan Broncos,Eastern Michigan Eagles,MAC,1,0,0,1.34495,1.3372862249404052
9469,Coppin State Eagles,Morgan State Bears,MEAC,1,0,0,1.33469,1.3079120052995266
9470,Morgan State Bears,Coppin State Eagles,MEAC,1,0,0,1.14322,1.0719612693446445
9471,High Point Panthers,Charleston Southern Buccaneers,Big South,0,1,0,1.15382,1.0965326903164005
9472,Charleston Southern Buccaneers,High Point Panthers,Big South,1,0,0,1.23704,1.1928904599114403
9473,South Dakota State Jackrabbits,South Dakota Coyotes,Summit,0,1,0,0.99621,0.9645942692342275
9474,South Dakota Coyotes,South Dakota State Jackrabbits,Summit,1,0,0,1.2711,1.301229476626369
9475,Montana Grizzlies,Eastern Washington Eagles,Big Sky,0,1,0,1.26751,1.2178514320344556
9476,Eastern Washington Eagles,Montana Grizzlies,Big Sky,1,0,0,1.20314,1.152226945364846
9477,Chattanooga Mocs,UNC Greensboro Spartans,Southern,0,1,0,0.96921,0.8901944754226677
9478,UNC Greensboro Spartans,Chattanooga Mocs,Southern,1,0,0,0.94578,0.8811027361008065
9479,SE Louisiana Lions,Central Arkansas Bears,Southland,0,1,0,1.08444,0.973798465717251
9480,Central Arkansas Bears,SE Louisiana Lions,Southland,1,0,0,1.13961,1.1181847546458785
9481,Georgia State Panthers,Troy Trojans,Sun Belt,0,1,0,1.22607,1.2049210543180726
9482,Troy Trojans,Georgia State Panthers,Sun Belt,1,0,0,1.06157,1.1112912640190629
9483,Arkansas State Red Wolves,Texas State Bobcats,Sun Belt,0,1,0,0.91002,0.998580397035459
9484,Texas State Bobcats,Arkansas State Red Wolves,Sun Belt,1,0,0,1.06853,1.0288925289646287
9485,Old Dominion Monarchs,North Texas Mean Green,CUSA,0,1,0,1.20245,1.2207520246028403
9486,North Texas Mean Green,Old Dominion Monarchs,CUSA,1,0,0,0.96828,1.0262413187637223
9487,Tennessee Volunteers,Florida Gators,SEC,0,1,0,0.91016,0.9802458983576094
9488,Florida Gators,Tennessee Volunteers,SEC,1,0,0,1.26939,1.1963194887685125
9489,Mississippi State Bulldogs,South Carolina Gamecocks,SEC,0,1,0,1.09378,1.1388195943098385
9490,South Carolina Gamecocks,Mississippi State Bulldogs,SEC,1,0,0,1.29888,1.250001572050644
9491,Jacksonville State Gamecocks,Morehead State Eagles,OVC,0,1,0,0.76226,0.8018088193353794
9492,Morehead State Eagles,Jacksonville State Gamecocks,OVC,1,0,0,1.20962,1.120697292634488
9493,Tennessee State Tigers,Belmont Bruins,OVC,1,0,0,0.95368,0.9050247690966874
9494,Belmont Bruins,Tennessee State Tigers,OVC,1,0,0,1.32085,1.260188911044479
9495,Iowa Hawkeyes,Penn State Nittany Lions,Big Ten,0,0,1,1.1268,1.1322001917315818
9496,Penn State Nittany Lions,Iowa Hawkeyes,Big Ten,0,0,1,1.04438,1.0581114920461596
9497,San José State Spartans,Nevada Wolf Pack,Mountain West,0,1,0,0.82237,0.8097055239581334
9498,Nevada Wolf Pack,San José State Spartans,Mountain West,1,0,0,1.03037,0.9158175243227663
9499,Dartmouth Big Green,Cornell Big Red,Ivy,0,1,0,0.96133,0.9703919335436133
9500,Cornell Big Red,Dartmouth Big Green,Ivy,1,0,0,0.7512,0.7288183005364723
9501,Princeton Tigers,Brown Bears,Ivy,0,1,0,1.24156,1.2071846642412598
9502,Brown Bears,Princeton Tigers,Ivy,1,0,0,0.96049,0.8920787956873473
9503,Loyola Marymount Lions,Pepperdine Waves,WCC,0,1,0,0.73802,0.755613214936665
9504,Pepperdine Waves,Loyola Marymount Lions,WCC,1,0,0,1.02217,0.8625792194316348
9505,Savannah State Tigers,South Carolina State Bulldogs,MEAC,0,1,0,1.10058,1.1287131297039614
9506,South Carolina State Bulldogs,Savannah State Tigers,MEAC,1,0,0,0.9552,0.9787397551732698
9507,Florida A&M Rattlers,North Carolina A&T Aggies,MEAC,0,1,0,1.12398,1.1237351237408484
9508,North Carolina A&T Aggies,Florida A&M Rattlers,MEAC,1,0,0,1.26114,1.17297269722549
9509,Texas Southern Tigers,Alabama State Hornets,SWAC,0,1,0,0.94342,1.0201962090144574
9510,Alabama State Hornets,Texas Southern Tigers,SWAC,1,0,0,0.85183,0.8534186646726567
9511,Mississippi Valley State Delta Devils,Jackson State Tigers,SWAC,0,1,0,0.70617,0.7986892056908069
9512,Jackson State Tigers,Mississippi Valley State Delta Devils,SWAC,1,0,0,1.04053,0.962127639870087
9513,Alcorn State Braves,Southern Jaguars,SWAC,0,1,0,1.06812,1.1728011765476667
9514,Southern Jaguars,Alcorn State Braves,SWAC,1,0,0,1.27779,1.2071395746489348
9515,Richmond Spiders,Saint Joseph's Hawks,A-10,0,1,0,1.06881,1.0959700175513796
9516,Saint Joseph's Hawks,Richmond Spiders,A-10,1,0,0,0.92197,0.9482427430521179
9517,George Mason Patriots,Saint Louis Billikens,A-10,0,1,0,1.37899,1.3187857766661444
9518,Saint Louis Billikens,George Mason Patriots,A-10,1,0,0,0.87564,0.8030412684634026
9519,UNC Wilmington Seahawks,Elon Phoenix,CAA,0,1,0,0.77547,0.7700275264533663
9520,Elon Phoenix,UNC Wilmington Seahawks,CAA,1,0,0,1.01212,1.00123602496789
9521,Milwaukee Panthers,Youngstown State Penguins,Horizon,0,1,0,1.19164,1.0799629041615173
9522,Youngstown State Penguins,Milwaukee Panthers,Horizon,1,0,0,1.05075,0.9770907318221925
9523,Stony Brook Seawolves,Hartford Hawks,AM. EAST,0,1,0,1.14299,1.1838505277707156
9524,Hartford Hawks,Stony Brook Seawolves,AM. EAST,1,0,0,0.93402,0.9958871775846392
9525,Tennessee Tech Golden Eagles,Eastern Kentucky Colonels,OVC,0,1,0,1.13519,1.1774980566673332
9526,Eastern Kentucky Colonels,Tennessee Tech Golden Eagles,OVC,1,0,0,1.16929,1.0772146930141948
9527,Austin Peay Governors,Southeast Missouri State Redhawks,OVC,0,1,0,1.00697,0.9996062964960476
9528,Southeast Missouri State Redhawks,Austin Peay Governors,OVC,1,0,0,1.34516,1.2879472106642706
9529,Cal State Fullerton Titans,Long Beach State Beach,Big West,0,1,0,0.73203,0.7537979449833276
9530,Long Beach State Beach,Cal State Fullerton Titans,Big West,1,0,0,1.10748,1.014997689034294
9531,Incarnate Word Cardinals,Lamar Cardinals,Southland,0,1,0,1.10959,1.0796738571154596
9532,Lamar Cardinals,Incarnate Word Cardinals,Southland,1,0,0,1.37428,1.2855092899222678
9533,Northwestern Wildcats,Illinois Fighting Illini,Big Ten,0,1,0,0.96272,0.9742080459662164
9534,Illinois Fighting Illini,Northwestern Wildcats,Big Ten,1,0,0,1.42922,1.3165665709326149
9535,UTSA Roadrunners,Louisiana Tech Bulldogs,CUSA,0,1,0,1.08989,1.1574592623754663
9536,Louisiana Tech Bulldogs,UTSA Roadrunners,CUSA,1,0,0,1.23159,1.1435305626473469
9537,Florida Atlantic Owls,Marshall Thundering Herd,CUSA,0,1,0,0.98359,0.9778238251930852
9538,Marshall Thundering Herd,Florida Atlantic Owls,CUSA,1,0,0,1.27229,1.1986832210598926
9539,Pennsylvania Quakers,Yale Bulldogs,Ivy,0,1,0,0.96308,1.0415056998872088
9540,Yale Bulldogs,Pennsylvania Quakers,Ivy,1,0,0,1.05548,0.983518590077599
9541,Harvard Crimson,Columbia Lions,Ivy,0,1,0,1.34931,1.3268016162603091
9542,Columbia Lions,Harvard Crimson,Ivy,1,0,0,1.19692,1.249932408444879
9543,George Washington Revolutionaries,Davidson Wildcats,A-10,0,1,0,1.09335,1.0687290117847512
9544,Davidson Wildcats,George Washington Revolutionaries,A-10,1,0,0,1.28869,1.311800833539144
9545,Grand Canyon Lopes,Kansas City Roos,WAC,0,1,0,1.05268,1.104014218834465
9546,Kansas City Roos,Grand Canyon Lopes,WAC,1,0,0,1.10547,1.0974140134177601
9547,South Carolina Upstate Spartans,Northern Kentucky Norse,ASUN,0,1,0,1.11143,1.0545543215536293
9548,Northern Kentucky Norse,South Carolina Upstate Spartans,ASUN,1,0,0,1.43914,1.422386518706244
9549,Stetson Hatters,North Florida Ospreys,ASUN,0,1,0,1.08571,1.1004146570976399
9550,North Florida Ospreys,Stetson Hatters,ASUN,1,0,0,1.30588,1.1863575440852456
9551,Buffalo Bulls,Kent State Golden Flashes,MAC,0,1,0,1.16287,1.1506576383489628
9552,Kent State Golden Flashes,Buffalo Bulls,MAC,1,0,0,1.00517,0.9852177646292583
9553,Ball State Cardinals,Toledo Rockets,MAC,0,1,0,0.91619,0.884951442946412
9554,Toledo Rockets,Ball State Cardinals,MAC,1,0,0,1.10614,1.0044566657529965
9555,Western Illinois Leathernecks,Purdue Fort Wayne Mastodons,Summit,0,1,0,0.97982,0.9573413017785957
9556,Purdue Fort Wayne Mastodons,Western Illinois Leathernecks,Summit,1,0,0,1.28224,1.2299425922941971
9557,Abilene Christian Wildcats,New Orleans Privateers,Southland,0,1,0,0.95934,0.9250754465818257
9558,New Orleans Privateers,Abilene Christian Wildcats,Southland,1,0,0,1.38618,1.2679140993465663
9559,Prairie View A&M Panthers,Alabama A&M Bulldogs,SWAC,0,1,0,1.23851,1.2277115761380928
9560,Alabama A&M Bulldogs,Prairie View A&M Panthers,SWAC,1,0,0,1.12748,1.1819049102194776
9561,Murray State Racers,UT Martin Skyhawks,OVC,0,1,0,1.19562,1.1691812570442188
9562,UT Martin Skyhawks,Murray State Racers,OVC,1,0,0,1.09943,1.0895814291523445
9563,Hampton Pirates,Howard Bison,MEAC,0,1,0,0.99934,1.1080598672705821
9564,Howard Bison,Hampton Pirates,MEAC,1,0,0,1.0068,1.0572505196971012
9565,Northeastern Huskies,Charleston Cougars,CAA,0,1,0,1.22129,1.2128228504180791
9566,Charleston Cougars,Northeastern Huskies,CAA,1,0,0,1.04916,1.053583035126678
9567,Sam Houston Bearkats,Texas A&M-Corpus Christi Islanders,Southland,0,1,0,1.01685,1.008948216691814
9568,Texas A&M-Corpus Christi Islanders,Sam Houston Bearkats,Southland,1,0,0,1.01117,1.0938202801223755
9569,Stephen F. Austin Lumberjacks,Houston Christian Huskies,Southland,0,1,0,1.35109,1.2708146888989496
9570,Houston Christian Huskies,Stephen F. Austin Lumberjacks,Southland,1,0,0,1.16067,1.1989553507784771
9571,Wyoming Cowboys,UNLV Rebels,Mountain West,0,1,0,0.97785,1.0271540683531384
9572,UNLV Rebels,Wyoming Cowboys,Mountain West,1,0,0,1.23581,1.2543085892700836
9573,UTEP Miners,Southern Miss Golden Eagles,CUSA,0,1,0,0.97778,0.9116829028408774
9574,Southern Miss Golden Eagles,UTEP Miners,CUSA,1,0,0,1.04565,1.084279984027186
9575,Florida International Panthers,Western Kentucky Hilltoppers,CUSA,0,1,0,0.98545,1.0050096280047107
9576,Western Kentucky Hilltoppers,Florida International Panthers,CUSA,1,0,0,1.26512,1.2318785058870156
9577,Charlotte 49ers,Rice Owls,CUSA,0,1,0,1.124,1.1259945619542648
9578,Rice Owls,Charlotte 49ers,CUSA,1,0,0,1.12581,1.0675693520096576
9579,Central Michigan Chippewas,Northern Illinois Huskies,MAC,0,1,0,1.04547,1.0171792393794263
9580,Northern Illinois Huskies,Central Michigan Chippewas,MAC,1,0,0,1.36864,1.3016501271152132
9581,Saint Mary's Gaels,Santa Clara Broncos,WCC,0,1,0,1.12944,1.0449508047248988
9582,Santa Clara Broncos,Saint Mary's Gaels,WCC,1,0,0,1.16949,1.1183958402667487
9583,Denver Pioneers,Oral Roberts Golden Eagles,Summit,0,1,0,1.09872,1.071649595495551
9584,Oral Roberts Golden Eagles,Denver Pioneers,Summit,1,0,0,1.08356,1.0376952485499504
9585,Tulsa Golden Hurricane,Memphis Tigers,American,0,1,0,1.15394,1.2407304627209264
9586,Memphis Tigers,Tulsa Golden Hurricane,American,1,0,0,1.1268,1.1831764742447008
9587,Little Rock Trojans,UT Arlington Mavericks,Sun Belt,0,1,0,1.15706,1.1743484158302915
9588,UT Arlington Mavericks,Little Rock Trojans,Sun Belt,1,0,0,1.25391,1.1825281131028
9589,Georgia Southern Eagles,Louisiana Ragin' Cajuns,Sun Belt,0,1,0,0.95294,0.9982566923312047
9590,Louisiana Ragin' Cajuns,Georgia Southern Eagles,Sun Belt,1,0,0,1.12792,1.1595429606615104
9591,Grambling Tigers,Arkansas-Pine Bluff Golden Lions,SWAC,0,1,0,0.94909,0.985225641958189
9592,Arkansas-Pine Bluff Golden Lions,Grambling Tigers,SWAC,1,0,0,1.09266,1.0055018828765936
9593,Auburn Tigers,Texas A&M Aggies,SEC,0,1,0,0.93614,0.9441609558072419
9594,Texas A&M Aggies,Auburn Tigers,SEC,1,0,0,1.2868,1.1962622480809142
9595,Northern Arizona Lumberjacks,Northern Colorado Bears,Big Sky,0,1,0,1.32902,1.1815643822530213
9596,Northern Colorado Bears,Northern Arizona Lumberjacks,Big Sky,1,0,0,1.36683,1.3402095561616856
9597,UC Davis Aggies,Cal Poly Mustangs,Big West,0,1,0,1.25365,1.2732784628583773
9598,Cal Poly Mustangs,UC Davis Aggies,Big West,1,0,0,1.07865,1.0087213495187788
9599,New Mexico Lobos,Fresno State Bulldogs,Mountain West,0,1,0,0.89462,0.8601006542958344
9600,Fresno State Bulldogs,New Mexico Lobos,Mountain West,1,0,0,1.00357,1.0246164108911173
9601,Pacific Tigers,San Francisco Dons,WCC,0,1,0,0.92168,0.8921344256147102
9602,San Francisco Dons,Pacific Tigers,WCC,1,0,0,1.11143,0.9540337171751192
9603,Idaho State Bengals,Weber State Wildcats,Big Sky,0,1,0,1.00909,0.9714837543692826
9604,Weber State Wildcats,Idaho State Bengals,Big Sky,1,0,0,1.08433,1.0021838525052842
9605,Sacramento State Hornets,Portland State Vikings,Big Sky,0,1,0,1.21317,1.1663679663786906
9606,Portland State Vikings,Sacramento State Hornets,Big Sky,1,0,0,1.00353,0.8880052874543927
9607,UC Riverside Highlanders,Cal State Northridge Matadors,Big West,0,1,0,1.09105,1.0320481917887758
9608,Cal State Northridge Matadors,UC Riverside Highlanders,Big West,1,0,0,1.2281,1.1918048167123922
9609,Washington Huskies,USC Trojans,Pac-12,0,1,0,0.86439,0.8335476153632437
9610,USC Trojans,Washington Huskies,Pac-12,1,0,0,1.06169,1.0102307224681133
9611,Cal State Bakersfield Roadrunners,Seattle U Redhawks,WAC,0,1,0,0.73237,0.8416165357000662
9612,Seattle U Redhawks,Cal State Bakersfield Roadrunners,WAC,1,0,0,0.92756,0.9822923362962057
9613,UC Irvine Anteaters,UC Santa Barbara Gauchos,Big West,0,1,0,0.90657,0.9195086903295621
9614,UC Santa Barbara Gauchos,UC Irvine Anteaters,Big West,1,0,0,0.99171,1.015991628812807
9615,Michigan State Spartans,Wisconsin Badgers,Big Ten,0,1,0,1.11555,1.1532488093443496
9616,Wisconsin Badgers,Michigan State Spartans,Big Ten,1,0,0,1.27398,1.2868527946729087
9617,SMU Mustangs,UConn Huskies,American,0,0,1,1.20701,1.2733139523877888
9618,UConn Huskies,SMU Mustangs,American,0,0,1,1.34441,1.4294545192786097
9619,Marquette Golden Eagles,Providence Friars,Big East,0,1,0,0.97823,0.9900885882253269
9620,Providence Friars,Marquette Golden Eagles,Big East,1,0,0,1.16244,1.115733317795123
9621,Iona Gaels,Saint Peter's Peacocks,MAAC,0,1,0,1.09189,1.1303883170045508
9622,Saint Peter's Peacocks,Iona Gaels,MAAC,1,0,0,1.24182,1.1934044357766334
9623,Quinnipiac Bobcats,Manhattan Jaspers,MAAC,0,1,0,0.96671,1.0109191345954824
9624,Manhattan Jaspers,Quinnipiac Bobcats,MAAC,1,0,0,1.00104,0.9986091293177444
9625,Fairfield Stags,Niagara Purple Eagles,MAAC,0,0,1,0.98204,0.9058382665469084
9626,Niagara Purple Eagles,Fairfield Stags,MAAC,0,0,1,1.00431,1.017023789247978
9627,Marist Red Foxes,Rider Broncs,MAAC,0,1,0,0.79554,0.837925056164875
9628,Rider Broncs,Marist Red Foxes,MAAC,1,0,0,0.98176,0.9356615333491138
9629,Oregon State Beavers,California Golden Bears,Pac-12,0,1,0,0.93006,0.9409961481507347
9630,California Golden Bears,Oregon State Beavers,Pac-12,1,0,0,1.2155,1.2415582597552328
9631,South Florida Bulls,Houston Cougars,American,0,1,0,0.94541,0.9342225118106102
9632,Houston Cougars,South Florida Bulls,American,1,0,0,1.20968,1.1486625493675635
9633,Siena Saints,Monmouth Hawks,MAAC,0,1,0,0.92026,0.9581560972753235
9634,Monmouth Hawks,Siena Saints,MAAC,1,0,0,1.0364,0.9223162293823356
9635,Pittsburgh Panthers,Wake Forest Demon Deacons,ACC,0,1,0,1.139,1.0872242767377347
9636,Wake Forest Demon Deacons,Pittsburgh Panthers,ACC,1,0,0,1.19156,1.0593112607691713
9637,Oregon Ducks,Stanford Cardinal,Pac-12,0,1,0,1.15145,1.1253984227599119
9638,Stanford Cardinal,Oregon Ducks,Pac-12,1,0,0,1.09419,1.0446980040531415
9639,Purdue Boilermakers,Ohio State Buckeyes,Big Ten,0,1,0,1.04647,1.0827141453182703
9640,Ohio State Buckeyes,Purdue Boilermakers,Big Ten,1,0,0,1.10274,1.0661229157700556
9641,Arizona State Sun Devils,Colorado Buffaloes,Pac-12,0,1,0,1.2379,1.2316680048924535
9642,Colorado Buffaloes,Arizona State Sun Devils,Pac-12,1,0,0,1.34219,1.3075633001638087
9643,Washington State Cougars,UCLA Bruins,Pac-12,0,1,0,1.00739,1.0021940581372897
9644,UCLA Bruins,Washington State Cougars,Pac-12,1,0,0,1.07697,0.931885025583475
9645,Virginia Cavaliers,Syracuse Orange,ACC,0,1,0,1.03257,1.0748008890351584
9646,Syracuse Orange,Virginia Cavaliers,ACC,1,0,0,0.8198,0.9016395136934057
9647,Baylor Bears,Texas Longhorns,Big 12,0,1,0,1.02362,1.0406950038628533
9648,Texas Longhorns,Baylor Bears,Big 12,1,0,0,1.09028,1.0946738369726416
9649,Oklahoma Sooners,Iowa State Cyclones,Big 12,0,1,0,0.96247,0.9569887151367105
9650,Iowa State Cyclones,Oklahoma Sooners,Big 12,1,0,0,1.07691,1.1138610200377257
9651,SE Louisiana Lions,Northwestern State Demons,Southland,0,1,0,1.07487,0.9719884317399103
9652,Northwestern State Demons,SE Louisiana Lions,Southland,1,0,0,1.24008,1.2186547546458786
9653,Central Arkansas Bears,Sam Houston Bearkats,Southland,0,1,0,0.81955,0.9353784305169828
9654,Sam Houston Bearkats,Central Arkansas Bears,Southland,1,0,0,1.30897,1.1651503153226437
9655,Bethune-Cookman Wildcats,North Carolina A&T Aggies,MEAC,0,1,0,1.00937,1.0091251237408485
9656,North Carolina A&T Aggies,Bethune-Cookman Wildcats,MEAC,1,0,0,1.36099,1.3554940531580821
9657,Hampton Pirates,Delaware State Hornets,MEAC,0,1,0,1.15981,1.1785780007694966
9658,Delaware State Hornets,Hampton Pirates,MEAC,1,0,0,1.34317,1.3936205196971012
9659,Norfolk State Spartans,Howard Bison,MEAC,0,1,0,0.92781,1.036529867270582
9660,Howard Bison,Norfolk State Spartans,MEAC,1,0,0,0.91611,0.9349094090220907
9661,Nicholls Colonels,New Orleans Privateers,Southland,0,1,0,1.24074,1.206475446581826
9662,New Orleans Privateers,Nicholls Colonels,Southland,1,0,0,1.10429,1.050457281303943
9663,Lamar Cardinals,McNeese Cowboys,Southland,0,1,0,1.22486,1.1682773481036137
9664,McNeese Cowboys,Lamar Cardinals,Southland,1,0,0,1.24008,1.1769857067208527
9665,Incarnate Word Cardinals,Stephen F. Austin Lumberjacks,Southland,0,1,0,0.93545,1.0069135011730843
9666,Stephen F. Austin Lumberjacks,Incarnate Word Cardinals,Southland,1,0,0,1.25886,1.170089289922268
9667,North Carolina Central Eagles,Savannah State Tigers,MEAC,0,1,0,1.09836,1.1550779055678768
9668,Savannah State Tigers,North Carolina Central Eagles,MEAC,1,0,0,0.84731,0.9309880432105447
9669,Texas Southern Tigers,Alabama A&M Bulldogs,SWAC,0,1,0,1.25718,1.2463815761380928
9670,Alabama A&M Bulldogs,Texas Southern Tigers,SWAC,1,0,0,1.22684,1.2284286646726565
9671,Grambling Tigers,Mississippi Valley State Delta Devils,SWAC,0,1,0,0.92052,0.8752957902646942
9672,Mississippi Valley State Delta Devils,Grambling Tigers,SWAC,1,0,0,0.96995,0.8827918828765937
9673,Prairie View A&M Panthers,Alabama State Hornets,SWAC,0,1,0,1.01737,1.0941462090144576
9674,Alabama State Hornets,Prairie View A&M Panthers,SWAC,1,0,0,0.96231,1.0167349102194776
9675,Boston College Eagles,Virginia Tech Hokies,ACC,0,1,0,1.13076,1.0272482956696707
9676,Virginia Tech Hokies,Boston College Eagles,ACC,1,0,0,1.00488,0.9014455384949346
9677,Jackson State Tigers,Arkansas-Pine Bluff Golden Lions,SWAC,0,1,0,1.07139,1.107525641958189
9678,Arkansas-Pine Bluff Golden Lions,Jackson State Tigers,SWAC,1,0,0,1.11408,1.1734210552961997
9679,Kentucky Wildcats,Georgia Bulldogs,SEC,0,1,0,1.13636,1.1731879819723958
9680,Georgia Bulldogs,Kentucky Wildcats,SEC,1,0,0,1.0269,1.1801731073600468
9681,Villanova Wildcats,Creighton Bluejays,Big East,0,1,0,1.17041,1.0834526064562806
9682,Creighton Bluejays,Villanova Wildcats,Big East,1,0,0,1.11012,1.1451022906946942
9683,West Virginia Mountaineers,Kansas Jayhawks,Big 12,0,1,0,0.94176,0.9883364116958973
9684,Kansas Jayhawks,West Virginia Mountaineers,Big 12,1,0,0,1.016,1.0074371981051709
9685,Maryland Terrapins,Rutgers Scarlet Knights,Big Ten,0,1,0,1.12168,1.061243785665405
9686,Rutgers Scarlet Knights,Maryland Terrapins,Big Ten,1,0,0,0.91825,0.9001446556986507
9687,North Carolina Tar Heels,Georgia Tech Yellow Jackets,ACC,0,1,0,1.22567,1.2234101300351057
9688,Georgia Tech Yellow Jackets,North Carolina Tar Heels,ACC,1,0,0,0.74666,0.7233341772710642
9689,Georgetown Hoyas,Butler Bulldogs,Big East,0,1,0,1.08507,1.15795151096877
9690,Butler Bulldogs,Georgetown Hoyas,Big East,1,0,0,0.95859,0.9271173347010456
9691,Youngstown State Penguins,Detroit Mercy Titans,Horizon,0,1,0,1.03059,1.036745812316687
9692,Detroit Mercy Titans,Youngstown State Penguins,Horizon,1,0,0,1.20288,1.05802475376691
9693,Jacksonville Dolphins,Florida Gulf Coast Eagles,ASUN,0,1,0,1.00899,1.0712621626732273
9694,Florida Gulf Coast Eagles,Jacksonville Dolphins,ASUN,1,0,0,1.32749,1.1901639613993926
9695,Lipscomb Bisons,Northern Kentucky Norse,ASUN,0,1,0,1.14073,1.0838543215536294
9696,Northern Kentucky Norse,Lipscomb Bisons,ASUN,1,0,0,1.05555,0.9799394063024397
9697,Loyola Maryland Greyhounds,Holy Cross Crusaders,Patriot,0,1,0,0.75556,0.7400932529136699
9698,Holy Cross Crusaders,Loyola Maryland Greyhounds,Patriot,1,0,0,1.10437,1.0698043049906127
9699,Army Black Knights,Navy Midshipmen,Patriot,0,1,0,0.84424,0.83634998867298
9700,Navy Midshipmen,Army Black Knights,Patriot,1,0,0,0.91317,0.8660163852073277
9701,Kennesaw State Owls,South Carolina Upstate Spartans,ASUN,0,1,0,0.92699,0.9434146691008513
9702,South Carolina Upstate Spartans,Kennesaw State Owls,ASUN,1,0,0,1.53086,1.4349009406908202
9703,Ole Miss Rebels,Alabama Crimson Tide,SEC,0,1,0,1.36798,1.3582602800878592
9704,Alabama Crimson Tide,Ole Miss Rebels,SEC,1,0,0,1.24008,1.1969414829033365
9705,Iowa Hawkeyes,Indiana Hoosiers,Big Ten,0,1,0,1.22793,1.1239919507178924
9706,Indiana Hoosiers,Iowa Hawkeyes,Big Ten,1,0,0,0.96735,0.9479033416515525
9707,Rhode Island Rams,Dayton Flyers,A-10,0,1,0,1.03955,1.1046385358520803
9708,Dayton Flyers,Rhode Island Rams,A-10,1,0,0,1.28834,1.344949714075498
9709,Akron Zips,Miami (OH) RedHawks,MAC,0,1,0,1.04632,0.9829421688080061
9710,Miami (OH) RedHawks,Akron Zips,MAC,1,0,0,1.14004,1.1302177500337107
9711,Kent State Golden Flashes,Bowling Green Falcons,MAC,0,1,0,1.39233,1.4096504312833855
9712,Bowling Green Falcons,Kent State Golden Flashes,MAC,1,0,0,1.30371,1.2583194879543556
9713,Eastern Michigan Eagles,Ball State Cardinals,MAC,0,1,0,1.07504,1.0065348161476038
9714,Ball State Cardinals,Eastern Michigan Eagles,MAC,1,0,0,0.97291,0.9652462249404054
9715,Toledo Rockets,Central Michigan Chippewas,MAC,0,0,1,1.14518,1.1113682775098204
9716,Central Michigan Chippewas,Toledo Rockets,MAC,0,0,1,1.31758,1.286341442946412
9717,Ohio Bobcats,Buffalo Bulls,MAC,0,1,0,0.94801,0.9612359150238655
9718,Buffalo Bulls,Ohio Bobcats,MAC,1,0,0,1.31624,1.2134507224778615
9719,Stetson Hatters,North Florida Ospreys,ASUN,0,1,0,0.95605,0.9707546570976399
9720,North Florida Ospreys,Stetson Hatters,ASUN,1,0,0,1.18571,1.0661875440852457
9721,Wright State Raiders,UIC Flames,Horizon,0,1,0,1.04681,0.9867448834794069
9722,UIC Flames,Wright State Raiders,Horizon,1,0,0,1.14051,1.0865477454200556
9723,Houston Christian Huskies,Abilene Christian Wildcats,Southland,0,1,0,1.20532,1.1202322497411736
9724,Abilene Christian Wildcats,Houston Christian Huskies,Southland,1,0,0,1.41828,1.3048265385043423
9725,Western Michigan Broncos,Northern Illinois Huskies,MAC,0,1,0,1.05101,1.0227192393794264
9726,Northern Illinois Huskies,Western Michigan Broncos,MAC,1,0,0,1.07269,0.9884243001510596
9727,Omaha Mavericks,North Dakota Fighting Hawks,Summit,0,1,0,1.11111,1.0558400696999042
9728,North Dakota Fighting Hawks,Omaha Mavericks,Big Sky,1,0,0,1.06404,1.0222968618976114
9729,Auburn Tigers,Missouri Tigers,SEC,0,1,0,1.09253,0.9963208381970916
9730,Missouri Tigers,Auburn Tigers,SEC,1,0,0,1.14329,1.0527522480809142
9731,Texas A&M Aggies,Florida Gators,SEC,0,1,0,0.96508,1.0351658983576095
9732,Florida Gators,Texas A&M Aggies,SEC,1,0,0,1.0461,1.0209428054126348
9733,Michigan Wolverines,Northwestern Wildcats,Big Ten,0,1,0,1.2266,1.147124721327222
9734,Northwestern Wildcats,Michigan Wolverines,Big Ten,1,0,0,1.2864,1.2329838238752295
9735,NC State Wolfpack,Clemson Tigers,ACC,0,1,0,1.08989,1.099808313124752
9736,Clemson Tigers,NC State Wolfpack,ACC,1,0,0,0.98729,0.9301862355865768
9737,Wake Forest Demon Deacons,Duke Blue Devils,ACC,0,1,0,0.75936,0.7995084303192191
9738,Duke Blue Devils,Wake Forest Demon Deacons,ACC,1,0,0,1.4391,1.3541461263431276
9739,Notre Dame Fighting Irish,Louisville Cardinals,ACC,0,1,0,1.19288,1.2797432199444132
9740,Louisville Cardinals,Notre Dame Fighting Irish,ACC,1,0,0,0.99254,0.9196598996196178
9741,Ohio State Buckeyes,Penn State Nittany Lions,Big Ten,0,0,1,1.14846,1.1538601917315818
9742,Penn State Nittany Lions,Ohio State Buckeyes,Big Ten,0,0,1,1.03303,1.0692741453182701
9743,Providence Friars,Seton Hall Pirates,Big East,0,0,1,1.31625,1.2752305448346735
9744,Seton Hall Pirates,Providence Friars,Big East,0,0,1,1.06227,1.0741285882253269
9745,Longwood Lancers,Presbyterian Blue Hose,Big South,0,0,1,1.04295,0.927533419628825
9746,Presbyterian Blue Hose,Longwood Lancers,Big South,0,0,1,0.98606,0.9067971320743425
9747,Campbell Fighting Camels,Gardner-Webb Runnin' Bulldogs,Big South,0,0,1,1.09218,1.0224199230106583
9748,Gardner-Webb Runnin' Bulldogs,Campbell Fighting Camels,Big South,0,0,1,1.24585,1.1960252373287212
9749,Liberty Flames,UNC Asheville Bulldogs,Big South,0,0,1,1.0299,1.0128339435625457
9750,UNC Asheville Bulldogs,Liberty Flames,Big South,0,0,1,1.2219,1.1777504910897059
9751,UMBC Retrievers,Vermont Catamounts,AM. EAST,0,1,0,0.59289,0.7143593888438503
9752,Vermont Catamounts,UMBC Retrievers,AM. EAST,1,0,0,1.02367,0.9688928776094103
9753,Maine Black Bears,UAlbany Great Danes,AM. EAST,0,1,0,1.04041,1.085880675309953
9754,UAlbany Great Danes,Maine Black Bears,AM. EAST,1,0,0,1.36975,1.2890516987163065
9755,Southeast Missouri State Redhawks,Morehead State Eagles,OVC,0,0,1,1.11071,1.1502588193353793
9756,Morehead State Eagles,Southeast Missouri State Redhawks,OVC,0,0,1,1.2045,1.1971362964960475
9757,St. Francis (PA) Red Flash,Mount St. Mary's Mountaineers,NEC,0,1,0,1.14867,1.1971718338061579
9758,Mount St. Mary's Mountaineers,St. Francis (PA) Red Flash,NEC,1,0,0,0.89058,0.9118774663365772
9759,Sacred Heart Pioneers,Bryant Bulldogs,NEC,0,1,0,1.17867,1.1356306784578232
9760,Bryant Bulldogs,Sacred Heart Pioneers,NEC,1,0,0,1.26795,1.2311928949387387
9761,Wagner Seahawks,Robert Morris Colonials,NEC,0,1,0,1.02124,1.0384275311066729
9762,Robert Morris Colonials,Wagner Seahawks,NEC,1,0,0,1.35417,1.3029087102090833
9763,Hartford Hawks,New Hampshire Wildcats,AM. EAST,0,1,0,1.04498,1.129500407019958
9764,New Hampshire Wildcats,Hartford Hawks,AM. EAST,1,0,0,1.06846,1.0761423773761085
9765,Binghamton Bearcats,Stony Brook Seawolves,AM. EAST,0,1,0,0.94007,1.0351153279792464
9766,Stony Brook Seawolves,Binghamton Bearcats,AM. EAST,1,0,0,1.04571,1.0222221731743775
9767,La Salle Explorers,Saint Joseph's Hawks,A-10,1,0,0,0.79785,0.7918318671567721
9768,Saint Joseph's Hawks,La Salle Explorers,A-10,1,0,0,0.88907,0.9413696135171563
9769,George Washington Revolutionaries,George Mason Patriots,A-10,0,1,0,1.28672,1.24729941885801
9770,George Mason Patriots,George Washington Revolutionaries,A-10,1,0,0,0.97441,0.997520833539144
9771,Tennessee Volunteers,LSU Tigers,SEC,0,1,0,1.35236,1.3834761583498736
9772,LSU Tigers,Tennessee Volunteers,SEC,1,0,0,1.10183,1.0287594887685125
9773,Duquesne Dukes,Fordham Rams,A-10,0,1,0,1.29808,1.262336582462525
9774,Fordham Rams,Duquesne Dukes,A-10,1,0,0,1.06556,0.9138979783553782
9775,UCF Knights,South Florida Bulls,American,0,1,0,0.71023,0.6823906997621705
9776,South Florida Bulls,UCF Knights,American,1,0,0,1.13291,1.0211520542737127
9777,Richmond Spiders,Massachusetts Minutemen,A-10,0,1,0,0.92358,0.9169377108844983
9778,Massachusetts Minutemen,Richmond Spiders,A-10,1,0,0,0.88816,0.9144327430521179
9779,New Mexico State Aggies,UT Rio Grande Valley Vaqueros,WAC,0,1,0,1.18215,1.2053675608761407
9780,UT Rio Grande Valley Vaqueros,New Mexico State Aggies,WAC,1,0,0,0.83556,0.971245745162022
9781,St. Bonaventure Bonnies,Saint Louis Billikens,A-10,0,1,0,1.06906,1.0088557766661443
9782,Saint Louis Billikens,St. Bonaventure Bonnies,A-10,1,0,0,0.8378,0.8165133277631614
9783,Purdue Boilermakers,Michigan State Spartans,Big Ten,0,1,0,1.1219,1.1679509450675158
9784,Michigan State Spartans,Purdue Boilermakers,Big Ten,1,0,0,1.23436,1.1977429157700554
9785,Miami Hurricanes,Pittsburgh Panthers,ACC,0,1,0,1.24806,1.1489894111637784
9786,Pittsburgh Panthers,Miami Hurricanes,ACC,1,0,0,1.18201,1.1268763193558498
9787,Houston Cougars,Tulane Green Wave,American,0,1,0,1.04907,1.0541351357457753
9788,Tulane Green Wave,Houston Cougars,American,1,0,0,0.95999,0.9156243614160031
9789,Mississippi State Bulldogs,Vanderbilt Commodores,SEC,0,1,0,0.95943,0.9266618269735913
9790,Vanderbilt Commodores,Mississippi State Bulldogs,SEC,1,0,0,1.17081,1.121931572050644
9791,USC Trojans,UCLA Bruins,Pac-12,1,0,0,1.19546,1.1570859077426825
9792,UCLA Bruins,USC Trojans,Pac-12,1,0,0,1.33668,1.2726594649686367
9793,Utah State Aggies,Wyoming Cowboys,Mountain West,0,1,0,0.9486,1.0002767396646908
9794,Wyoming Cowboys,Utah State Aggies,Mountain West,1,0,0,1.35559,1.321051894672418
9795,St. John's Red Storm,Marquette Golden Eagles,Big East,0,1,0,1.04981,1.03628146818973
9796,Marquette Golden Eagles,St. John's Red Storm,Big East,1,0,0,0.83112,0.7971490521138225
9797,Cincinnati Bearcats,Tulsa Golden Hurricane,American,0,1,0,1.08831,1.177864624639308
9798,Tulsa Golden Hurricane,Cincinnati Bearcats,American,1,0,0,0.91136,1.007022219810957
9799,TCU Horned Frogs,Oklahoma State Cowboys,Big 12,0,1,0,1.20008,1.2057441676189407
9800,Oklahoma State Cowboys,TCU Horned Frogs,Big 12,1,0,0,1.38484,1.3508103074839382
9801,SIU Edwardsville Cougars,Eastern Illinois Panthers,OVC,0,0,1,1.04866,1.0414793467296717
9802,Eastern Illinois Panthers,SIU Edwardsville Cougars,OVC,0,0,1,1.25852,1.2532894419561824
9803,Nebraska Cornhuskers,Illinois Fighting Illini,Big Ten,0,1,0,1.00296,1.0144480459662164
9804,Illinois Fighting Illini,Nebraska Cornhuskers,Big Ten,1,0,0,1.25832,1.2382335684559809
9805,Colorado State Rams,Nevada Wolf Pack,Mountain West,0,1,0,1.12286,1.1101955239581336
9806,Nevada Wolf Pack,Colorado State Rams,Mountain West,1,0,0,0.94531,0.9596676183528318
9807,Air Force Falcons,Fresno State Bulldogs,Mountain West,0,1,0,1.02003,0.9855106542958344
9808,Fresno State Bulldogs,Air Force Falcons,Mountain West,1,0,0,1.08907,1.0073719290182392
9809,Boise State Broncos,San José State Spartans,Mountain West,0,1,0,1.11584,1.0344656747173735
9810,San José State Spartans,Boise State Broncos,Mountain West,1,0,0,0.8239,0.8557653991800401
9811,Oregon Ducks,Oregon State Beavers,Pac-12,0,1,0,1.03277,1.09200641014984
9812,Oregon State Beavers,Oregon Ducks,Pac-12,1,0,0,0.99604,0.9465480040531417
9813,San Diego State Aztecs,UNLV Rebels,Mountain West,0,1,0,1.03477,1.0840740683531385
9814,UNLV Rebels,San Diego State Aztecs,Mountain West,1,0,0,1.00627,1.1007511978790419
9815,UC Santa Barbara Gauchos,Hawai'i Rainbow Warriors,Big West,0,1,0,1.38249,1.4114377289773765
9816,Hawai'i Rainbow Warriors,UC Santa Barbara Gauchos,Big West,1,0,0,1.26964,1.2494005399349553
9817,California Golden Bears,Arizona Wildcats,Pac-12,0,1,0,0.81935,0.9375375717453719
9818,Arizona Wildcats,California Golden Bears,Pac-12,1,0,0,1.3379,1.3156579977561276
9819,Wisconsin Badgers,Minnesota Golden Gophers,Big Ten,0,1,0,1.29188,1.2533218632156982
9820,Minnesota Golden Gophers,Wisconsin Badgers,Big Ten,1,0,0,1.07653,1.0810506589497424
9821,Arkansas Razorbacks,South Carolina Gamecocks,SEC,0,1,0,1.1694,1.2144395943098385
9822,South Carolina Gamecocks,Arkansas Razorbacks,SEC,1,0,0,1.14299,1.093033598989875
9823,Morgan State Bears,Maryland Eastern Shore Hawks,MEAC,0,1,0,1.08925,1.1226419184444905
9824,Maryland Eastern Shore Hawks,Morgan State Bears,MEAC,1,0,0,1.26168,1.2349020052995265
9825,Niagara Purple Eagles,Siena Saints,MAAC,0,0,1,0.91972,0.8388143797769428
9826,Siena Saints,Niagara Purple Eagles,MAAC,0,0,1,1.21084,1.1346382665469081
9827,Morehead State Eagles,UT Martin Skyhawks,OVC,0,0,1,1.20314,1.176701257044219
9828,UT Martin Skyhawks,Morehead State Eagles,OVC,0,0,1,0.99047,1.0300188193353792
9829,Navy Midshipmen,Colgate Raiders,Patriot,0,1,0,1.05459,1.019073779203582
9830,Colgate Raiders,Navy Midshipmen,Patriot,1,0,0,1.28161,1.2405418382783728
9831,Holy Cross Crusaders,Bucknell Bison,Patriot,0,1,0,1.13881,1.1268307323997941
9832,Bucknell Bison,Holy Cross Crusaders,Patriot,1,0,0,1.30136,1.2527151025190628
9833,South Carolina Upstate Spartans,Florida Gulf Coast Eagles,ASUN,0,1,0,1.10554,1.1678121626732272
9834,Florida Gulf Coast Eagles,South Carolina Upstate Spartans,ASUN,1,0,0,1.09389,1.077136518706244
9835,Lipscomb Bisons,North Florida Ospreys,ASUN,0,1,0,0.88567,0.9003746570976399
9836,North Florida Ospreys,Lipscomb Bisons,ASUN,1,0,0,1.12467,1.0490594063024397
9837,Fairfield Stags,Saint Peter's Peacocks,MAAC,0,0,1,0.64132,0.6798183170045508
9838,Saint Peter's Peacocks,Fairfield Stags,MAAC,0,0,1,1.23448,1.2471937892479779
9839,American University Eagles,Lehigh Mountain Hawks,Patriot,0,1,0,1.15214,1.1880724111590282
9840,Lehigh Mountain Hawks,American University Eagles,Patriot,1,0,0,1.00848,1.008402692038683
9841,Boston University Terriers,Lafayette Leopards,Patriot,0,1,0,1.14863,1.055591328088739
9842,Lafayette Leopards,Boston University Terriers,Patriot,1,0,0,1.65906,1.5645026812288165
9843,Southern Illinois Salukis,Missouri State Bears,MVC,0,0,1,1.00441,0.9522842766181776
9844,Missouri State Bears,Southern Illinois Salukis,MVC,0,0,1,0.84574,0.8222420989199621
9845,UAB Blazers,Florida Atlantic Owls,CUSA,0,1,0,1.04026,0.9998313714544997
9846,Florida Atlantic Owls,UAB Blazers,CUSA,1,0,0,1.13384,1.1565691859461478
9847,Western Kentucky Hilltoppers,Charlotte 49ers,CUSA,0,1,0,1.18127,1.1562075024042648
9848,Charlotte 49ers,Western Kentucky Hilltoppers,CUSA,1,0,0,1.12526,1.1116414776101033
9849,Temple Owls,East Carolina Pirates,American,0,1,0,1.14218,1.1004471902668178
9850,East Carolina Pirates,Temple Owls,American,1,0,0,0.94697,1.0063198936238729
9851,UT Arlington Mavericks,Georgia Southern Eagles,Sun Belt,0,1,0,0.89509,0.9598911110561177
9852,Georgia Southern Eagles,UT Arlington Mavericks,Sun Belt,1,0,0,1.10321,1.0873202654356844
9853,Texas State Bobcats,App State Mountaineers,Sun Belt,0,1,0,1.0636,1.0366467672261317
9854,App State Mountaineers,Texas State Bobcats,Sun Belt,1,0,0,1.07836,1.1337422466408518
9855,Middle Tennessee Blue Raiders,Florida International Panthers,CUSA,0,1,0,0.82769,0.8276266562816229
9856,Florida International Panthers,Middle Tennessee Blue Raiders,CUSA,1,0,0,0.93459,0.9400686286708518
9857,Delaware State Hornets,Coppin State Eagles,MEAC,0,1,0,1.36646,1.3283794197392518
9858,Coppin State Eagles,Delaware State Hornets,MEAC,1,0,0,1.20273,1.1883198503748895
9859,Savannah State Tigers,Florida A&M Rattlers,MEAC,0,1,0,0.93651,0.8815208476200971
9860,Florida A&M Rattlers,Savannah State Tigers,MEAC,1,0,0,1.06225,1.0857897551732696
9861,South Carolina State Bulldogs,Bethune-Cookman Wildcats,MEAC,0,1,0,1.07353,1.1012122035526895
9862,Bethune-Cookman Wildcats,South Carolina State Bulldogs,MEAC,1,0,0,1.22629,1.2212449793093545
9863,North Carolina A&T Aggies,North Carolina Central Eagles,MEAC,0,1,0,1.0268,1.1436561936051517
9864,North Carolina Central Eagles,North Carolina A&T Aggies,MEAC,1,0,0,1.21493,1.1815069733462413
9865,Norfolk State Spartans,Hampton Pirates,MEAC,0,1,0,1.25426,1.3378886700917083
9866,Hampton Pirates,Norfolk State Spartans,MEAC,1,0,0,1.0818,1.1005994090220907
9867,Georgia State Panthers,UL Monroe Warhawks,Sun Belt,0,1,0,1.08898,1.1577295215481318
9868,UL Monroe Warhawks,Georgia State Panthers,Sun Belt,1,0,0,0.94835,0.998071264019063
9869,Rice Owls,UTSA Roadrunners,CUSA,0,1,0,1.20681,1.151928713041954
9870,UTSA Roadrunners,Rice Owls,CUSA,1,0,0,1.12893,1.0977464115596576
9871,Marshall Thundering Herd,Old Dominion Monarchs,CUSA,0,1,0,0.78962,0.8807594691583294
9872,Old Dominion Monarchs,Marshall Thundering Herd,CUSA,1,0,0,1.06715,1.0282056747984782
9873,Southern Miss Golden Eagles,Louisiana Tech Bulldogs,CUSA,0,1,0,0.96981,1.0373792623754663
9874,Louisiana Tech Bulldogs,Southern Miss Golden Eagles,CUSA,1,0,0,1.17925,1.0799747524462702
9875,Houston Christian Huskies,Texas A&M-Corpus Christi Islanders,Southland,0,1,0,1.16387,1.155968216691814
9876,Texas A&M-Corpus Christi Islanders,Houston Christian Huskies,Southland,1,0,0,1.37231,1.2588565385043422
9877,Central Arkansas Bears,Nicholls Colonels,Southland,0,1,0,1.00547,0.9848154316985501
9878,Nicholls Colonels,Central Arkansas Bears,Southland,1,0,0,1.12211,0.9782903153226438
9879,South Alabama Jaguars,Arkansas State Red Wolves,Sun Belt,0,1,0,1.21368,1.207220679359236
9880,Arkansas State Red Wolves,South Alabama Jaguars,Sun Belt,1,0,0,1.06464,0.9899347696807477
9881,Southern Jaguars,Prairie View A&M Panthers,SWAC,0,1,0,1.04547,1.1330730606140846
9882,Prairie View A&M Panthers,Southern Jaguars,SWAC,1,0,0,0.99479,1.0662930261530597
9883,Portland State Vikings,Northern Arizona Lumberjacks,Big Sky,0,1,0,0.8133,0.8198577065562928
9884,Northern Arizona Lumberjacks,Portland State Vikings,Big Sky,1,0,0,0.94697,0.8669898159840833
9885,Alcorn State Braves,Texas Southern Tigers,SWAC,0,1,0,1.19638,1.2311468150672638
9886,Texas Southern Tigers,Alcorn State Braves,SWAC,1,0,0,1.52518,1.4545295746489348
9887,Little Rock Trojans,Louisiana Ragin' Cajuns,Sun Belt,0,1,0,1.13368,1.1789966923312047
9888,Louisiana Ragin' Cajuns,Little Rock Trojans,Sun Belt,1,0,0,1.18156,1.1101781131028
9889,Alabama A&M Bulldogs,Jackson State Tigers,SWAC,0,1,0,0.90029,0.992809205690807
9890,Jackson State Tigers,Alabama A&M Bulldogs,SWAC,1,0,0,1.23355,1.1895734257434856
9891,Marist Red Foxes,Quinnipiac Bobcats,MAAC,0,0,1,1.17371,1.2044572797123516
9892,Quinnipiac Bobcats,Marist Red Foxes,MAAC,0,0,1,1.0706,1.057679683743721
9893,Alabama State Hornets,Grambling Tigers,SWAC,0,1,0,1.19205,1.1380700332712008
9894,Grambling Tigers,Alabama State Hornets,SWAC,1,0,0,0.74963,0.7932280586198504
9895,Northwestern State Demons,Stephen F. Austin Lumberjacks,Southland,0,1,0,0.98665,1.0581135011730844
9896,Stephen F. Austin Lumberjacks,Northwestern State Demons,Southland,1,0,0,1.43035,1.2942902813453032
9897,SE Louisiana Lions,New Orleans Privateers,Southland,0,1,0,1.04431,1.0100454465818258
9898,New Orleans Privateers,SE Louisiana Lions,Southland,1,0,0,1.14277,1.1213447546458788
9899,Sam Houston Bearkats,Lamar Cardinals,Southland,0,1,0,0.99418,0.9642638571154596
9900,Lamar Cardinals,Sam Houston Bearkats,Southland,1,0,0,0.88944,0.9720902801223756
9901,Colorado Buffaloes,Washington Huskies,Pac-12,0,1,0,1.11857,1.1002888728627205
9902,Washington Huskies,Colorado Buffaloes,Pac-12,1,0,0,0.78308,0.7436698544978465
9903,North Texas Mean Green,UTEP Miners,CUSA,0,1,0,0.99269,1.0644981344217932
9904,UTEP Miners,North Texas Mean Green,CUSA,1,0,0,1.3918,1.376923874208233
9905,VCU Rams,Davidson Wildcats,A-10,0,1,0,0.82363,0.7990090117847511
9906,Davidson Wildcats,VCU Rams,A-10,1,0,0,1.27033,1.298856821411293
9907,Memphis Tigers,UConn Huskies,American,0,1,0,0.97184,1.0381439523877891
9908,UConn Huskies,Memphis Tigers,American,1,0,0,0.95715,1.0107623123263192
9909,Sacramento State Hornets,Southern Utah Thunderbirds,Big Sky,0,1,0,1.16739,1.0687086922271285
9910,Southern Utah Thunderbirds,Sacramento State Hornets,Big Sky,1,0,0,1.23158,1.1160552874543925
9911,Idaho Vandals,Weber State Wildcats,Big Sky,0,1,0,1.0165,0.9788937543692825
9912,Weber State Wildcats,Idaho Vandals,Big Sky,1,0,0,1.1644,1.0607178326626117
9913,Eastern Washington Eagles,Idaho State Bengals,Big Sky,0,1,0,1.2975,1.2485320028998912
9914,Idaho State Bengals,Eastern Washington Eagles,Big Sky,1,0,0,1.27918,1.1963432816398485
9915,Eastern Illinois Panthers,Belmont Bruins,OVC,0,1,0,1.06496,1.0494829194912945
9916,Belmont Bruins,Eastern Illinois Panthers,OVC,1,0,0,1.5719,1.5315411963350647
9917,Abilene Christian Wildcats,Incarnate Word Cardinals,Southland,0,1,0,0.81724,0.761647440316875
9918,Incarnate Word Cardinals,Abilene Christian Wildcats,Southland,1,0,0,1.03391,0.9156440993465667
9919,Bradley Braves,Drake Bulldogs,MVC,0,0,1,0.93844,0.8112595947707829
9920,Drake Bulldogs,Bradley Braves,MVC,0,0,1,0.9131,0.9151526219512802
9921,UC Riverside Highlanders,UC Davis Aggies,Big West,0,1,0,0.96451,0.9277594999133858
9922,UC Davis Aggies,UC Riverside Highlanders,Big West,1,0,0,1.02354,0.9872448167123921
9923,Cal State Northridge Matadors,Long Beach State Beach,Big West,0,1,0,0.98656,1.0083279449833278
9924,Long Beach State Beach,Cal State Northridge Matadors,Big West,1,0,0,1.17905,1.0868700413941685
9925,Cal State Fullerton Titans,UC Irvine Anteaters,Big West,0,1,0,0.99974,1.0571997792074141
9926,UC Irvine Anteaters,Cal State Fullerton Titans,Big West,1,0,0,1.141,1.048517689034294
9927,Utah Utes,Washington State Cougars,Pac-12,0,1,0,1.2125,1.1005931759780818
9928,Washington State Cougars,Utah Utes,Pac-12,1,0,0,1.04521,1.09730539021816
9929,Stanford Cardinal,Arizona State Sun Devils,Pac-12,0,1,0,1.02448,1.023031450558416
9930,Arizona State Sun Devils,Stanford Cardinal,Pac-12,1,0,0,1.08642,1.0271902723653046
9931,Texas Tech Red Raiders,Baylor Bears,Big 12,0,1,0,1.27706,1.314631987367249
9932,Baylor Bears,Texas Tech Red Raiders,Big 12,1,0,0,1.34668,1.2763889347901747
9933,Arkansas-Pine Bluff Golden Lions,Mississippi Valley State Delta Devils,SWAC,0,1,0,1.31045,1.265225790264694
9934,Mississippi Valley State Delta Devils,Arkansas-Pine Bluff Golden Lions,SWAC,1,0,0,1.09358,1.0965374915635817
9935,Longwood Lancers,Charleston Southern Buccaneers,Big South,0,0,1,1.03983,0.9825426903164004
9936,Charleston Southern Buccaneers,Longwood Lancers,Big South,0,0,1,0.92456,0.8452971320743425
9937,Southern Illinois Salukis,Wichita State Shockers,MVC,0,0,1,0.79074,0.8813999321242169
9938,Wichita State Shockers,Southern Illinois Salukis,MVC,0,0,1,1.00714,0.983642098919962
9939,Winthrop Eagles,Radford Highlanders,Big South,0,0,1,1.13964,1.1250618573169593
9940,Radford Highlanders,Winthrop Eagles,Big South,0,0,1,1.1315,1.1395968565294967
9941,Evansville Purple Aces,Illinois State Redbirds,MVC,0,0,1,1.09254,1.1696800396608151
9942,Illinois State Redbirds,Evansville Purple Aces,MVC,0,0,1,1.11316,1.1277001731054863
9943,Gardner-Webb Runnin' Bulldogs,High Point Panthers,Big South,0,0,1,1.07143,1.0604586103060476
9944,High Point Panthers,Gardner-Webb Runnin' Bulldogs,Big South,0,0,1,1.11249,1.0427299230106584
9945,Towson Tigers,Elon Phoenix,CAA,0,0,1,1.07791,1.0724675264533663
9946,Elon Phoenix,Towson Tigers,CAA,0,0,1,1.20972,1.1638253925550666
9947,Samford Bulldogs,UNC Greensboro Spartans,Southern,0,0,1,1.27688,1.1978644754226675
9948,UNC Greensboro Spartans,Samford Bulldogs,Southern,0,0,1,1.35564,1.24829619901773
9949,UIC Flames,Oakland Golden Grizzlies,Horizon,0,0,1,1.15031,1.0751895927094275
9950,Oakland Golden Grizzlies,UIC Flames,Horizon,0,0,1,1.0508,0.9907348834794069
9951,Cornell Big Red,Princeton Tigers,Ivy,0,1,0,0.90092,0.8656869460819545
9952,Princeton Tigers,Cornell Big Red,Ivy,1,0,0,1.14203,1.1179137831490062
9953,Columbia Lions,Pennsylvania Quakers,Ivy,0,1,0,0.81769,0.7789067404722062
9954,Pennsylvania Quakers,Columbia Lions,Ivy,1,0,0,1.0059,0.9502134658657021
9955,Brown Bears,Dartmouth Big Green,Ivy,0,1,0,1.06576,1.0765564509310794
9956,Dartmouth Big Green,Brown Bears,Ivy,1,0,0,1.1362,1.0686465138466528
9957,Bowling Green Falcons,Buffalo Bulls,MAC,0,1,0,1.11416,1.1273859150238654
9958,Buffalo Bulls,Bowling Green Falcons,MAC,1,0,0,1.09395,1.0780922808887783
9959,Central Michigan Chippewas,Western Michigan Broncos,MAC,0,1,0,1.06223,1.0111424505456668
9960,Western Michigan Broncos,Central Michigan Chippewas,MAC,1,0,0,1.27453,1.207540127115213
9961,Toledo Rockets,Eastern Michigan Eagles,MAC,0,1,0,0.89225,0.9177643753350124
9962,Eastern Michigan Eagles,Toledo Rockets,MAC,1,0,0,1.26705,1.2026332925518048
9963,Miami (OH) RedHawks,Ohio Bobcats,MAC,0,1,0,0.9265,0.8568888728724685
9964,Ohio Bobcats,Miami (OH) RedHawks,MAC,1,0,0,1.3821,1.285544018413399
9965,Akron Zips,Kent State Golden Flashes,MAC,0,1,0,1.29035,1.2781376383489629
9966,Kent State Golden Flashes,Akron Zips,MAC,1,0,0,1.38538,1.3755577500337108
9967,Northern Illinois Huskies,Ball State Cardinals,MAC,0,1,0,1.0204,0.9518948161476039
9968,Ball State Cardinals,Northern Illinois Huskies,MAC,1,0,0,0.95292,0.8914510889848195
9969,Bradley Braves,Northern Iowa Panthers,MVC,0,0,1,0.84658,0.9028614736146486
9970,Northern Iowa Panthers,Bradley Braves,MVC,0,0,1,1.37469,1.3767426219512802
9971,Morehead State Eagles,Murray State Racers,OVC,0,0,1,1.22568,1.2490095795469518
9972,Murray State Racers,Morehead State Eagles,OVC,0,0,1,1.22333,1.2628788193353793
9973,Yale Bulldogs,Harvard Crimson,Ivy,0,1,0,1.09389,1.180080558839486
9974,Harvard Crimson,Yale Bulldogs,Ivy,1,0,0,0.92435,0.9695975494926016
9975,Furman Paladins,The Citadel Bulldogs,Southern,0,0,1,1.17858,0.9529525109228121
9976,The Citadel Bulldogs,Furman Paladins,Southern,0,0,1,0.87065,0.7417255264124376
9977,Charleston Cougars,Drexel Dragons,CAA,0,0,1,1.06916,1.046531321257997
9978,Drexel Dragons,Charleston Cougars,CAA,0,0,1,0.9758,0.9673328504180791
9979,UNC Asheville Bulldogs,Coastal Carolina Chanticleers,Big South,0,1,0,0.83065,0.854514975510948
9980,Coastal Carolina Chanticleers,UNC Asheville Bulldogs,Big South,1,0,0,1.08875,1.0385057931679387
9981,Pacific Tigers,San Francisco Dons,WCC,0,0,1,1.03524,1.0056944256147102
9982,San Francisco Dons,Pacific Tigers,WCC,0,0,1,1.11813,0.9939118675697265
9983,Loyola Chicago Ramblers,Indiana State Sycamores,MVC,0,0,1,1.23427,1.2304939043777583
9984,Indiana State Sycamores,Loyola Chicago Ramblers,MVC,0,0,1,0.824,0.8440580254715374
9985,Detroit Mercy Titans,Cleveland State Vikings,Horizon,0,0,1,0.83447,0.8378334970820132
9986,Cleveland State Vikings,Detroit Mercy Titans,Horizon,0,0,1,1.06853,1.0746858123166871
9987,Belmont Bruins,Eastern Kentucky Colonels,OVC,1,0,0,0.95649,0.965619906272726
9988,Eastern Kentucky Colonels,Belmont Bruins,OVC,0,1,0,0.92751,0.9120329194912945
9989,Loyola Marymount Lions,Santa Clara Broncos,WCC,0,0,1,0.8957,0.8112108047248988
9990,Santa Clara Broncos,Loyola Marymount Lions,WCC,0,0,1,1.44487,1.318457369826242
9991,Florida Gators,Kentucky Wildcats,SEC,0,1,0,0.85271,1.039161257754654
9992,Kentucky Wildcats,Florida Gators,SEC,1,0,0,1.15856,1.1954677479630023
9993,Virginia Cavaliers,Louisville Cardinals,ACC,0,1,0,1.09387,1.1807332199444132
9994,Louisville Cardinals,Virginia Cavaliers,ACC,1,0,0,1.12975,1.2115895136934056
9995,Duke Blue Devils,North Carolina Tar Heels,ACC,0,1,0,1.31698,1.3268323276656713
9996,North Carolina Tar Heels,Duke Blue Devils,ACC,1,0,0,1.16718,1.174150279924612
9997,St. John's Red Storm,Villanova Wildcats,Big East,0,0,1,1.06165,1.1298104410893013
9998,Villanova Wildcats,St. John's Red Storm,Big East,0,0,1,1.62181,1.6210172025084295
9999,Stanford Cardinal,Arizona Wildcats,Pac-12,0,1,0,1.00328,1.1214675717453717
10000,Arizona Wildcats,Stanford Cardinal,Pac-12,1,0,0,1.31509,1.2558602723653047
10001,Kansas Jayhawks,Oklahoma Sooners,Big 12,0,1,0,1.10205,1.1721791704323328
10002,Oklahoma Sooners,Kansas Jayhawks,Big 12,1,0,0,1.13752,1.15091826130129
10003,Clemson Tigers,Notre Dame Fighting Irish,ACC,0,0,1,1.171,1.131298050014225
10004,Notre Dame Fighting Irish,Clemson Tigers,ACC,0,0,1,1.40813,1.418048313124752
10005,Utah Utes,Washington Huskies,Pac-12,0,1,0,1.11373,1.0954488728627205
10006,Washington Huskies,Utah Utes,Pac-12,1,0,0,1.32444,1.37653539021816
10007,Iowa State Cyclones,TCU Horned Frogs,Big 12,0,1,0,1.37713,1.3762784578785452
10008,TCU Horned Frogs,Iowa State Cyclones,Big 12,1,0,0,1.16972,1.1310605647421033
10009,LSU Tigers,Arkansas Razorbacks,SEC,0,1,0,1.15836,1.1415817493844822
10010,Arkansas Razorbacks,LSU Tigers,SEC,1,0,0,1.15873,1.1566680079552665
10011,Oklahoma State Cowboys,West Virginia Mountaineers,Big 12,0,1,0,1.23274,1.257355348499778
10012,West Virginia Mountaineers,Oklahoma State Cowboys,Big 12,1,0,0,1.35651,1.3289960172243336
10013,Butler Bulldogs,Providence Friars,Big East,0,1,0,1.11024,1.1220985882253267
10014,Providence Friars,Butler Bulldogs,Big East,1,0,0,0.99621,1.0359133605741628
10015,UNC Greensboro Spartans,Wofford Terriers,Southern,0,0,1,0.91746,0.9503472368397096
10016,Wofford Terriers,UNC Greensboro Spartans,Southern,0,0,1,1.23337,1.1543544754226676
10017,Elon Phoenix,William & Mary Tribe,CAA,0,0,1,0.98176,0.9463552652946254
10018,William & Mary Tribe,Elon Phoenix,CAA,0,0,1,1.23599,1.2305475264533663
10019,Longwood Lancers,Winthrop Eagles,Big South,0,0,1,0.92892,0.9370168565294966
10020,Winthrop Eagles,Longwood Lancers,Big South,0,0,1,1.1172,1.0379371320743427
10021,Siena Saints,Iona Gaels,MAAC,0,0,1,1.16433,1.1490925861712407
10022,Iona Gaels,Siena Saints,MAAC,0,0,1,1.23849,1.1575843797769427
10023,Bryant Bulldogs,Robert Morris Colonials,NEC,0,1,0,0.90923,0.9264175311066729
10024,Robert Morris Colonials,Bryant Bulldogs,NEC,1,0,0,1.10176,1.025542528063216
10025,Michigan State Spartans,Indiana Hoosiers,Big Ten,0,1,0,1.17148,1.0675419507178925
10026,Indiana Hoosiers,Michigan State Spartans,Big Ten,1,0,0,1.10619,1.1190627946729086
10027,Northwestern Wildcats,Iowa Hawkeyes,Big Ten,0,0,1,0.87141,0.8851414920461596
10028,Iowa Hawkeyes,Northwestern Wildcats,Big Ten,0,0,1,1.21739,1.137914721327222
10029,Seton Hall Pirates,Georgetown Hoyas,Big East,0,1,0,1.03426,1.0359654850956526
10030,Georgetown Hoyas,Seton Hall Pirates,Big East,1,0,0,1.16485,1.0906523944400663
10031,Pittsburgh Panthers,Florida State Seminoles,ACC,0,1,0,0.85007,0.806941594741163
10032,Florida State Seminoles,Pittsburgh Panthers,ACC,1,0,0,1.03421,0.9019612607691715
10033,Miami Hurricanes,Virginia Tech Hokies,ACC,0,1,0,1.43606,1.3325482956696706
10034,Virginia Tech Hokies,Miami Hurricanes,ACC,1,0,0,1.06829,1.0131563193558497
10035,Syracuse Orange,NC State Wolfpack,ACC,0,1,0,0.87419,0.8502643859811839
10036,NC State Wolfpack,Syracuse Orange,ACC,1,0,0,1.10849,1.1175427386405512
10037,St. Francis (PA) Red Flash,St. Francis Brooklyn Terriers,NEC,0,1,0,0.85499,0.8888633982458185
10038,St. Francis Brooklyn Terriers,St. Francis (PA) Red Flash,NEC,1,0,0,1.09985,1.121147466336577
10039,Saint Joseph's Hawks,Rhode Island Rams,A-10,0,1,0,1.03437,1.1241578644701051
10040,Rhode Island Rams,Saint Joseph's Hawks,A-10,1,0,0,1.17345,1.1674318671567725
10041,Alabama Crimson Tide,Texas A&M Aggies,SEC,0,1,0,1.05832,1.0663409558072419
10042,Texas A&M Aggies,Alabama Crimson Tide,SEC,1,0,0,1.04866,1.005762129693252
10043,DePaul Blue Demons,Marquette Golden Eagles,Big East,0,1,0,0.78567,0.7721414681897304
10044,Marquette Golden Eagles,DePaul Blue Demons,Big East,1,0,0,0.99961,0.8717392482577464
10045,Wake Forest Demon Deacons,Boston College Eagles,ACC,0,1,0,0.93554,0.8652836888895418
10046,Boston College Eagles,Wake Forest Demon Deacons,ACC,1,0,0,1.21374,1.1287861263431276
10047,UConn Huskies,Temple Owls,American,0,1,0,1.15537,1.24789804401848
10048,Temple Owls,UConn Huskies,American,1,0,0,1.37933,1.4124558019931819
10049,Xavier Musketeers,Creighton Bluejays,Big East,0,1,0,1.2369,1.1499426064562808
10050,Creighton Bluejays,Xavier Musketeers,Big East,1,0,0,1.20548,1.1575022728936177
10051,Rutgers Scarlet Knights,Michigan Wolverines,Big Ten,0,1,0,1.114,1.0937619742698368
10052,Michigan Wolverines,Rutgers Scarlet Knights,Big Ten,1,0,0,1.29798,1.2043656352707977
10053,Georgia Southern Eagles,Georgia State Panthers,Sun Belt,0,1,0,0.99881,1.08170941441367
10054,Georgia State Panthers,Georgia Southern Eagles,Sun Belt,1,0,0,1.33642,1.3680429606615103
10055,Canisius Golden Griffins,Monmouth Hawks,MAAC,0,0,1,0.8906,0.9284960972753235
10056,Monmouth Hawks,Canisius Golden Griffins,MAAC,0,0,1,1.04306,1.109576677123781
10057,Hofstra Pride,James Madison Dukes,CAA,0,0,1,1.25789,1.2285332643603772
10058,James Madison Dukes,Hofstra Pride,CAA,0,0,1,0.97979,0.9573255934445669
10059,East Tennessee State Buccaneers,Western Carolina Catamounts,Southern,0,0,1,0.80068,0.7189546722757276
10060,Western Carolina Catamounts,East Tennessee State Buccaneers,Southern,0,0,1,0.8474,0.7833060076244882
10061,California Golden Bears,Arizona State Sun Devils,Pac-12,0,1,0,1.03281,1.0313614505584159
10062,Arizona State Sun Devils,California Golden Bears,Pac-12,1,0,0,1.08263,1.0603879977561275
10063,Gardner-Webb Runnin' Bulldogs,Coastal Carolina Chanticleers,Big South,0,1,0,1.08507,1.108934975510948
10064,Coastal Carolina Chanticleers,Gardner-Webb Runnin' Bulldogs,Big South,1,0,0,1.11563,1.0126917726160511
10065,Illinois State Redbirds,Wichita State Shockers,MVC,0,0,1,1.17142,1.2620799321242167
10066,Wichita State Shockers,Illinois State Redbirds,MVC,0,0,1,1.1228,1.199940039660815
10067,Portland Pilots,Saint Mary's Gaels,WCC,0,0,1,1.22989,1.2119739906613558
10068,Saint Mary's Gaels,Portland Pilots,WCC,0,0,1,0.99134,0.9312532988999681
10069,North Texas Mean Green,UTSA Roadrunners,CUSA,0,1,0,1.08044,1.0255587130419541
10070,UTSA Roadrunners,North Texas Mean Green,CUSA,1,0,0,1.06261,1.0477338742082332
10071,Kansas City Roos,UT Rio Grande Valley Vaqueros,WAC,0,1,0,0.9406,0.9638175608761408
10072,UT Rio Grande Valley Vaqueros,Kansas City Roos,WAC,1,0,0,0.97748,0.9956360684398579
10073,Massachusetts Minutemen,George Washington Revolutionaries,A-10,0,1,0,1.03593,1.0922189839337513
10074,George Washington Revolutionaries,Massachusetts Minutemen,A-10,1,0,0,1.44584,1.4060195604898913
10075,UT Arlington Mavericks,App State Mountaineers,Sun Belt,0,1,0,0.92785,0.9008967672261314
10076,App State Mountaineers,UT Arlington Mavericks,Sun Belt,1,0,0,1.15955,1.1436602654356844
10077,Fordham Rams,St. Bonaventure Bonnies,A-10,0,1,0,0.86806,0.8799514781577686
10078,St. Bonaventure Bonnies,Fordham Rams,A-10,1,0,0,1.12484,1.055918432067918
10079,South Carolina Gamecocks,Tennessee Volunteers,SEC,0,1,0,1.20843,1.1685376391631195
10080,Tennessee Volunteers,South Carolina Gamecocks,SEC,1,0,0,0.99769,1.0095514439152313
10081,Georgia Bulldogs,Auburn Tigers,SEC,0,1,0,1.07112,1.0137603984755215
10082,Auburn Tigers,Georgia Bulldogs,SEC,1,0,0,1.00988,1.0135298315777888
10083,Rice Owls,UTEP Miners,CUSA,0,1,0,1.08577,1.157578134421793
10084,UTEP Miners,Rice Owls,CUSA,1,0,0,1.14915,1.1179664115596575
10085,Dayton Flyers,La Salle Explorers,A-10,0,1,0,0.91284,0.9983177639117634
10086,La Salle Explorers,Dayton Flyers,A-10,1,0,0,0.95422,0.9861303854574729
10087,Tulane Green Wave,South Florida Bulls,American,0,1,0,1.29917,1.2713306997621705
10088,South Florida Bulls,Tulane Green Wave,American,1,0,0,1.19929,1.1711769853511682
10089,Kansas State Wildcats,Texas Longhorns,Big 12,0,1,0,0.88064,0.8977150038628532
10090,Texas Longhorns,Kansas State Wildcats,Big 12,1,0,0,1.1006,1.0547133229154606
10091,Sacramento State Hornets,Northern Arizona Lumberjacks,Big Sky,0,1,0,1.27398,1.2805377065562926
10092,Northern Arizona Lumberjacks,Sacramento State Hornets,Big Sky,1,0,0,1.29653,1.1810052874543926
10093,New Orleans Privateers,Northwestern State Demons,Southland,0,1,0,1.0016,0.8987184317399104
10094,Northwestern State Demons,New Orleans Privateers,Southland,1,0,0,1.13787,1.0704272961872188
10095,Abilene Christian Wildcats,Texas A&M-Corpus Christi Islanders,Southland,0,1,0,0.48525,0.4773482166918141
10096,Texas A&M-Corpus Christi Islanders,Abilene Christian Wildcats,Southland,1,0,0,1.06593,0.9476640993465666
10097,Illinois Fighting Illini,Purdue Boilermakers,Big Ten,0,1,0,0.90934,0.9059010661646627
10098,Purdue Boilermakers,Illinois Fighting Illini,Big Ten,1,0,0,0.98773,0.9660398955716092
10099,Loyola Chicago Ramblers,Northern Iowa Panthers,MVC,0,0,1,0.94034,0.9966214736146485
10100,Northern Iowa Panthers,Loyola Chicago Ramblers,MVC,0,0,1,1.23541,1.2554680254715374
10101,Saint Peter's Peacocks,Rider Broncs,MAAC,0,0,1,1.12149,1.163875056164875
10102,Rider Broncs,Saint Peter's Peacocks,MAAC,0,0,1,0.90221,0.9407083170045507
10103,San Diego Toreros,Pepperdine Waves,WCC,0,0,1,0.92444,0.942033214936665
10104,Pepperdine Waves,San Diego Toreros,WCC,0,0,1,0.98568,0.9950409178952278
10105,George Mason Patriots,VCU Rams,A-10,0,1,0,0.95449,1.0161949718059002
10106,VCU Rams,George Mason Patriots,A-10,1,0,0,1.15344,1.0808412684634028
10107,Western Kentucky Hilltoppers,Old Dominion Monarchs,CUSA,0,1,0,0.90884,0.9999794691583292
10108,Old Dominion Monarchs,Western Kentucky Hilltoppers,CUSA,1,0,0,1.29175,1.2781314776101034
10109,Troy Trojans,South Alabama Jaguars,Sun Belt,0,1,0,1.31839,1.2768629200753547
10110,South Alabama Jaguars,Troy Trojans,Sun Belt,1,0,0,1.38045,1.3261229039234654
10111,Texas State Bobcats,UL Monroe Warhawks,Sun Belt,0,1,0,0.90446,0.9732095215481318
10112,UL Monroe Warhawks,Texas State Bobcats,Sun Belt,1,0,0,0.9626,1.017982246640852
10113,Charleston Cougars,UNC Wilmington Seahawks,CAA,0,0,1,0.8741,0.8963941753624971
10114,UNC Wilmington Seahawks,Charleston Cougars,CAA,0,0,1,1.24836,1.239892850418079
10115,Furman Paladins,Chattanooga Mocs,Southern,0,0,1,1.2592,1.2277008864954138
10116,Chattanooga Mocs,Furman Paladins,Southern,0,0,1,1.19588,1.0669555264124375
10117,Alabama A&M Bulldogs,Grambling Tigers,SWAC,0,1,0,1.027,0.9730200332712008
10118,Grambling Tigers,Alabama A&M Bulldogs,SWAC,1,0,0,0.9958,0.9518234257434858
10119,Cal Poly Mustangs,UC Santa Barbara Gauchos,Big West,0,1,0,1.01063,1.0235686903295622
10120,UC Santa Barbara Gauchos,Cal Poly Mustangs,Big West,1,0,0,1.17619,1.1626403124637703
10121,Columbia Lions,Princeton Tigers,Ivy,0,1,0,1.40354,1.3683069460819544
10122,Princeton Tigers,Columbia Lions,Ivy,1,0,0,1.42442,1.368733465865702
10123,Brown Bears,Harvard Crimson,Ivy,0,1,0,1.02644,1.112630558839486
10124,Harvard Crimson,Brown Bears,Ivy,1,0,0,1.23112,1.1635665138466527
10125,Alcorn State Braves,Prairie View A&M Panthers,SWAC,0,1,0,1.22477,1.3123730606140847
10126,Prairie View A&M Panthers,Alcorn State Braves,SWAC,1,0,0,1.30287,1.2322195746489348
10127,Missouri Tigers,Mississippi State Bulldogs,SEC,0,0,1,0.76436,0.7486597224452513
10128,Mississippi State Bulldogs,Missouri Tigers,SEC,0,0,1,0.91251,0.8163008381970918
10129,Colorado Buffaloes,Washington State Cougars,Pac-12,0,1,0,1.20477,1.0928631759780818
10130,Washington State Cougars,Colorado Buffaloes,Pac-12,1,0,0,1.28535,1.2459398544978464
10131,Alabama State Hornets,Jackson State Tigers,SWAC,0,1,0,0.9942,1.0867192056908068
10132,Jackson State Tigers,Alabama State Hornets,SWAC,1,0,0,0.70519,0.7487880586198503
10133,Belmont Bruins,Murray State Racers,OVC,1,0,0,1.38973,1.3798814291523445
10134,Murray State Racers,Belmont Bruins,OVC,0,1,0,1.32726,1.3117829194912947
10135,UIC Flames,Green Bay Phoenix,Horizon,0,0,1,0.98669,1.0670662819822831
10136,Green Bay Phoenix,UIC Flames,Horizon,0,0,1,1.22179,1.161724883479407
10137,Western Illinois Leathernecks,South Dakota State Jackrabbits,Summit,0,0,1,0.80178,0.8650876270209762
10138,South Dakota State Jackrabbits,Western Illinois Leathernecks,Summit,0,0,1,1.44768,1.4285607426888043
10139,Middle Tennessee Blue Raiders,Florida Atlantic Owls,CUSA,0,1,0,1.31662,1.2761913714544997
10140,Florida Atlantic Owls,Middle Tennessee Blue Raiders,CUSA,1,0,0,0.91612,0.9215986286708518
10141,Marshall Thundering Herd,Charlotte 49ers,CUSA,0,1,0,0.95819,0.9331275024042649
10142,Charlotte 49ers,Marshall Thundering Herd,CUSA,1,0,0,1.14909,1.1101456747984781
10143,Yale Bulldogs,Dartmouth Big Green,Ivy,0,1,0,1.01575,1.0265464509310793
10144,Dartmouth Big Green,Yale Bulldogs,Ivy,1,0,0,0.97988,1.0251275494926015
10145,Cornell Big Red,Pennsylvania Quakers,Ivy,0,1,0,1.1675,1.128716740472206
10146,Pennsylvania Quakers,Cornell Big Red,Ivy,1,0,0,1.27465,1.2505337831490062
10147,Davidson Wildcats,Duquesne Dukes,A-10,0,1,0,1.60881,1.4903261287499854
10148,Duquesne Dukes,Davidson Wildcats,A-10,1,0,0,1.2098,1.152000861390144
10149,Sam Houston Bearkats,Stephen F. Austin Lumberjacks,Southland,0,1,0,0.82363,0.8950935011730844
10150,Stephen F. Austin Lumberjacks,Sam Houston Bearkats,Southland,1,0,0,0.9903,1.0729502801223756
10151,Marist Red Foxes,Manhattan Jaspers,MAAC,0,0,1,0.86756,0.9117691345954825
10152,Manhattan Jaspers,Marist Red Foxes,MAAC,0,0,1,1.08081,1.067889683743721
10153,Saint Louis Billikens,Richmond Spiders,A-10,0,1,0,0.853,0.912450893446725
10154,Richmond Spiders,Saint Louis Billikens,A-10,1,0,0,1.1235,1.0301176262715372
10155,Hawai'i Rainbow Warriors,Cal State Fullerton Titans,Big West,0,1,0,1.3291,1.269795839428901
10156,Cal State Fullerton Titans,Hawai'i Rainbow Warriors,Big West,1,0,0,0.98964,0.9854095785827692
10157,Long Beach State Beach,UC Riverside Highlanders,Big West,0,1,0,0.97677,0.9736529671069993
10158,UC Riverside Highlanders,Long Beach State Beach,Big West,1,0,0,0.94342,0.9320097945887206
10159,Nicholls Colonels,SE Louisiana Lions,Southland,0,1,0,1.10721,1.118962905040486
10160,SE Louisiana Lions,Nicholls Colonels,Southland,1,0,0,0.9609,0.9070672813039429
10161,Incarnate Word Cardinals,Houston Christian Huskies,Southland,0,1,0,1.01684,0.9365646888989495
10162,Houston Christian Huskies,Incarnate Word Cardinals,Southland,1,0,0,1.01512,0.926349289922268
10163,Wyoming Cowboys,New Mexico Lobos,Mountain West,0,1,0,0.83184,0.8860645612857242
10164,New Mexico Lobos,Wyoming Cowboys,Mountain West,1,0,0,0.84741,0.8659085892700835
10165,Fresno State Bulldogs,Boise State Broncos,Mountain West,0,1,0,0.86418,0.9292235495746473
10166,Boise State Broncos,Fresno State Bulldogs,Mountain West,1,0,0,1.18447,1.1167725039012273
10167,UAB Blazers,Florida International Panthers,CUSA,0,1,0,1.01401,1.0139466562816228
10168,Florida International Panthers,UAB Blazers,CUSA,1,0,0,1.06479,1.0875191859461477
10169,Louisiana Ragin' Cajuns,Arkansas State Red Wolves,Sun Belt,0,1,0,1.23283,1.226370679359236
10170,Arkansas State Red Wolves,Louisiana Ragin' Cajuns,Sun Belt,1,0,0,0.88725,0.8993885419365976
10171,Delaware Blue Hens,Northeastern Huskies,CAA,0,0,1,1.05352,1.091121185521285
10172,Northeastern Huskies,Delaware Blue Hens,CAA,0,0,1,1.09943,1.0304571731600007
10173,VMI Keydets,Mercer Bears,Southern,0,0,1,0.88894,0.8325775915834744
10174,Mercer Bears,VMI Keydets,Southern,0,0,1,1.30796,1.2153391839746333
10175,Southern Jaguars,Texas Southern Tigers,SWAC,0,1,0,1.18165,1.2164168150672638
10176,Texas Southern Tigers,Southern Jaguars,SWAC,1,0,0,1.31252,1.3840230261530595
10177,San Francisco Dons,Gonzaga Bulldogs,WCC,0,0,1,1.01187,1.0753453998588376
10178,Gonzaga Bulldogs,San Francisco Dons,WCC,0,0,1,1.14702,1.1174744256147102
10179,Vanderbilt Commodores,Ole Miss Rebels,SEC,0,0,1,1.34996,1.3399996332979436
10180,Ole Miss Rebels,Vanderbilt Commodores,SEC,0,0,1,1.21749,1.1847218269735913
10181,Colorado State Rams,Utah State Aggies,Mountain West,0,1,0,1.16744,1.166080045067025
10182,Utah State Aggies,Colorado State Rams,Mountain West,1,0,0,1.0988,1.113157618352832
10183,Chicago State Cougars,New Mexico State Aggies,WAC,0,1,0,0.97592,1.144783895556629
10184,New Mexico State Aggies,Chicago State Cougars,WAC,1,0,0,1.02091,1.0624297692773204
10185,Seattle U Redhawks,Grand Canyon Lopes,WAC,0,1,0,1.22343,1.2485521638123673
10186,Grand Canyon Lopes,Seattle U Redhawks,WAC,1,0,0,1.31796,1.394028385305459
10187,Portland State Vikings,Southern Utah Thunderbirds,Big Sky,0,1,0,1.2783,1.1796186922271286
10188,Southern Utah Thunderbirds,Portland State Vikings,Big Sky,1,0,0,1.10977,1.0297898159840833
10189,Idaho Vandals,Idaho State Bengals,Big Sky,0,1,0,1.08996,1.0409920028998911
10190,Idaho State Bengals,Idaho Vandals,Big Sky,1,0,0,1.08037,0.9766878326626116
10191,Eastern Washington Eagles,Weber State Wildcats,Big Sky,0,1,0,1.11627,1.0786637543692825
10192,Weber State Wildcats,Eastern Washington Eagles,Big Sky,1,0,0,0.9989,0.9160632816398486
10193,North Dakota Fighting Hawks,Northern Colorado Bears,Big Sky,0,1,0,1.16507,1.0176143822530213
10194,Northern Colorado Bears,North Dakota Fighting Hawks,Big Sky,1,0,0,1.19427,1.0946233310454485
10195,Cal State Bakersfield Roadrunners,Utah Valley Wolverines,WAC,0,1,0,1.19394,1.2473844713452849
10196,Utah Valley Wolverines,Cal State Bakersfield Roadrunners,WAC,1,0,0,1.35234,1.4070723362962057
10197,Montana Grizzlies,Montana State Bobcats,Big Sky,0,1,0,1.23755,1.1748251097480829
10198,Montana State Bobcats,Montana Grizzlies,Big Sky,1,0,0,1.01828,0.9673669453648459
10199,Cleveland State Vikings,Valparaiso Beacons,Horizon,0,1,0,1.0493,1.0931008203334884
10200,Valparaiso Beacons,Cleveland State Vikings,Horizon,1,0,0,1.15484,1.125025346687406
10201,Denver Pioneers,North Dakota State Bison,Summit,0,0,1,0.81944,0.8410948976076291
10202,North Dakota State Bison,Denver Pioneers,Summit,0,0,1,1.01504,1.0023533989445574
10203,UC Irvine Anteaters,UC Davis Aggies,Big West,0,1,0,1.00796,0.9712094999133858
10204,UC Davis Aggies,UC Irvine Anteaters,Big West,1,0,0,1.2868,1.3110816288128069
10205,UNLV Rebels,San José State Spartans,Mountain West,0,1,0,1.22773,1.1463556747173735
10206,San José State Spartans,UNLV Rebels,Mountain West,1,0,0,0.98207,0.9981959179585312
10207,Nevada Wolf Pack,San Diego State Aztecs,Mountain West,0,1,0,0.7406,0.8682593482736488
10208,San Diego State Aztecs,Nevada Wolf Pack,Mountain West,1,0,0,1.07836,1.0325173735635265
10209,Santa Clara Broncos,BYU Cougars,WCC,0,0,1,1.15403,1.1132082417418894
10210,BYU Cougars,Santa Clara Broncos,WCC,0,0,1,1.18233,1.0978408047248989
10211,Wisconsin Badgers,Ohio State Buckeyes,Big Ten,0,1,0,1.26433,1.3005741453182702
10212,Ohio State Buckeyes,Wisconsin Badgers,Big Ten,1,0,0,0.84517,0.8496906589497425
10213,Maryland Terrapins,Nebraska Cornhuskers,Big Ten,0,1,0,1.0101,1.023191718850588
10214,Nebraska Cornhuskers,Maryland Terrapins,Big Ten,1,0,0,0.95869,0.9405846556986506
10215,Tulsa Golden Hurricane,SMU Mustangs,American,0,1,0,0.9827,1.0677445192786095
10216,SMU Mustangs,Tulsa Golden Hurricane,American,1,0,0,1.02454,1.0809164742447008
10217,Memphis Tigers,Cincinnati Bearcats,American,0,1,0,1.0816,1.2104403702055642
10218,Cincinnati Bearcats,Memphis Tigers,American,1,0,0,1.27802,1.3316323123263192
10219,Winthrop Eagles,Coastal Carolina Chanticleers,Big South,0,1,0,1.08314,1.1070049755109481
10220,Coastal Carolina Chanticleers,Winthrop Eagles,Big South,1,0,0,1.26613,1.2410487061348896
10221,Stony Brook Seawolves,Vermont Catamounts,AM. EAST,0,1,0,1.24684,1.3683093888438502
10222,Vermont Catamounts,Stony Brook Seawolves,AM. EAST,1,0,0,1.22943,1.2912971775846394
10223,Penn State Nittany Lions,Minnesota Golden Gophers,Big Ten,0,1,0,1.22094,1.1823818632156982
10224,Minnesota Golden Gophers,Penn State Nittany Lions,Big Ten,1,0,0,1.19732,1.1695420413369746
10225,Lafayette Leopards,Bucknell Bison,Patriot,0,1,0,1.35369,1.341710732399794
10226,Bucknell Bison,Lafayette Leopards,Patriot,1,0,0,1.24973,1.1235131776941318
10227,New Hampshire Wildcats,UAlbany Great Danes,AM. EAST,0,1,0,1.04599,1.091460675309953
10228,UAlbany Great Danes,New Hampshire Wildcats,AM. EAST,1,0,0,1.09572,1.1470622566253508
10229,Central Arkansas Bears,McNeese Cowboys,Southland,0,1,0,1.14321,1.0866273481036135
10230,McNeese Cowboys,Central Arkansas Bears,Southland,1,0,0,1.19457,1.0507503153226438
10231,Illinois State Redbirds,Northern Iowa Panthers,MVC,0,0,1,1.06004,1.1163214736146487
10232,Northern Iowa Panthers,Illinois State Redbirds,MVC,0,0,1,1.25131,1.328450039660815
10233,Hofstra Pride,William & Mary Tribe,CAA,0,0,1,1.1849,1.1494952652946255
10234,William & Mary Tribe,Hofstra Pride,CAA,0,0,1,1.19196,1.1694955934445668
10235,South Carolina Upstate Spartans,North Florida Ospreys,ASUN,0,1,0,0.93181,0.9465146570976399
10236,North Florida Ospreys,South Carolina Upstate Spartans,ASUN,1,0,0,1.01461,0.9978565187062441
10237,American University Eagles,Colgate Raiders,Patriot,0,1,0,1.36569,1.3301737792035822
10238,Colgate Raiders,American University Eagles,Patriot,1,0,0,1.11044,1.110362692038683
10239,East Carolina Pirates,Houston Cougars,American,0,1,0,1.00518,0.9939925118106102
10240,Houston Cougars,East Carolina Pirates,American,1,0,0,1.30936,1.2344490398722108
10241,Monmouth Hawks,Iona Gaels,MAAC,0,0,1,1.1048,1.0895625861712406
10242,Iona Gaels,Monmouth Hawks,MAAC,0,0,1,1.36081,1.3987060972753234
10243,Northeastern Huskies,UNC Wilmington Seahawks,CAA,0,0,1,1.28479,1.3070841753624973
10244,UNC Wilmington Seahawks,Northeastern Huskies,CAA,0,0,1,1.14274,1.180341185521285
10245,Western Carolina Catamounts,Wofford Terriers,Southern,0,0,1,0.98851,1.0213972368397095
10246,Wofford Terriers,Western Carolina Catamounts,Southern,0,0,1,1.26567,1.1839446722757276
10247,Saint Peter's Peacocks,Manhattan Jaspers,MAAC,0,0,1,0.80593,0.8501391345954825
10248,Manhattan Jaspers,Saint Peter's Peacocks,MAAC,0,0,1,1.10779,1.1462883170045506
10249,South Dakota Coyotes,Purdue Fort Wayne Mastodons,Summit,0,0,1,1.29892,1.2764413017785958
10250,Purdue Fort Wayne Mastodons,South Dakota Coyotes,Summit,0,0,1,1.1309,1.0992842692342275
10251,Furman Paladins,Mercer Bears,Southern,0,0,1,0.96519,0.9088275915834745
10252,Mercer Bears,Furman Paladins,Southern,0,0,1,0.90371,0.7747855264124376
10253,IU Indianapolis Jaguars,Oral Roberts Golden Eagles,Summit,0,0,1,1.0387,1.011629595495551
10254,Oral Roberts Golden Eagles,IU Indianapolis Jaguars,Summit,0,0,1,1.05771,1.0872174169744748
10255,Savannah State Tigers,Delaware State Hornets,MEAC,0,0,1,1.02401,1.042778000769497
10256,Delaware State Hornets,Savannah State Tigers,MEAC,0,0,1,1.11483,1.1715479055678768
10257,Furman Paladins,Wofford Terriers,Southern,0,0,1,1.17952,1.2124072368397094
10258,Wofford Terriers,Furman Paladins,Southern,0,0,1,1.24096,1.1120355264124375
10259,South Dakota Coyotes,South Dakota State Jackrabbits,Summit,0,0,1,0.9483,1.0116076270209762
10260,South Dakota State Jackrabbits,South Dakota Coyotes,Summit,0,0,1,1.15741,1.1257942692342275
10261,Northeastern Huskies,William & Mary Tribe,CAA,0,0,1,1.24419,1.2087852652946254
10262,William & Mary Tribe,Northeastern Huskies,CAA,0,0,1,1.05762,1.095221185521285
10263,Ball State Cardinals,Bowling Green Falcons,MAC,0,1,0,1.25522,1.2725404312833855
10264,Bowling Green Falcons,Ball State Cardinals,MAC,1,0,0,1.50569,1.4040066657529966
10265,Northern Illinois Huskies,Akron Zips,MAC,0,1,0,0.90218,0.925535900428318
10266,Akron Zips,Northern Illinois Huskies,MAC,1,0,0,1.28517,1.2237010889848192
10267,Miami (OH) RedHawks,Eastern Michigan Eagles,MAC,0,1,0,1.04854,1.0740543753350122
10268,Eastern Michigan Eagles,Miami (OH) RedHawks,MAC,1,0,0,1.03366,0.9371040184133992
10269,Ohio Bobcats,Western Michigan Broncos,MAC,0,1,0,1.10435,1.0532624505456667
10270,Western Michigan Broncos,Ohio Bobcats,MAC,1,0,0,1.24008,1.1372907224778614
10271,Manhattan Jaspers,Iona Gaels,MAAC,0,0,1,1.18713,1.1718925861712406
10272,Iona Gaels,Manhattan Jaspers,MAAC,0,0,1,1.01864,1.0628491345954822
10273,Pepperdine Waves,Gonzaga Bulldogs,WCC,0,0,1,1.00414,1.0676153998588376
10274,Gonzaga Bulldogs,Pepperdine Waves,WCC,0,0,1,1.27862,1.296213214936665
10275,Morgan State Bears,Hampton Pirates,MEAC,0,0,1,0.9419,1.0255286700917083
10276,Hampton Pirates,Morgan State Bears,MEAC,0,0,1,1.18727,1.1936701556941338
10277,Oral Roberts Golden Eagles,North Dakota State Bison,Summit,0,0,1,0.97352,0.9951748976076292
10278,North Dakota State Bison,Oral Roberts Golden Eagles,Summit,0,0,1,1.05077,1.023699595495551
10279,Portland Pilots,BYU Cougars,WCC,0,0,1,1.09748,1.0566582417418895
10280,BYU Cougars,Portland Pilots,WCC,0,0,1,1.25718,1.197093298899968
10281,Georgia Tech Yellow Jackets,Boston College Eagles,ACC,0,0,1,1.13605,1.0657936888895416
10282,Boston College Eagles,Georgia Tech Yellow Jackets,ACC,0,0,1,1.16053,1.1582701300351057
10283,Virginia Tech Hokies,Wake Forest Demon Deacons,ACC,0,0,1,1.31507,1.2632942767377346
10284,Wake Forest Demon Deacons,Virginia Tech Hokies,ACC,0,0,1,1.2169,1.1133882956696708
10285,Green Bay Phoenix,Valparaiso Beacons,Horizon,0,1,0,0.78214,0.8259408203334883
10286,Valparaiso Beacons,Green Bay Phoenix,Horizon,1,0,0,0.9786,1.025798131587676
10287,Robert Morris Colonials,St. Francis Brooklyn Terriers,NEC,0,1,0,1.07422,1.1080933982458183
10288,St. Francis Brooklyn Terriers,Robert Morris Colonials,NEC,1,0,0,1.03054,1.0145493807120658
10289,Princeton Tigers,Pennsylvania Quakers,Ivy,0,1,0,1.23524,1.196456740472206
10290,Pennsylvania Quakers,Princeton Tigers,Ivy,1,0,0,0.85168,0.7832687956873473
10291,BYU Cougars,Gonzaga Bulldogs,WCC,0,0,1,1.10346,1.1669353998588377
10292,Gonzaga Bulldogs,BYU Cougars,WCC,0,0,1,1.36824,1.3274182417418894
10293,North Dakota State Bison,South Dakota State Jackrabbits,Summit,0,0,1,0.97272,1.0360276270209763
10294,South Dakota State Jackrabbits,North Dakota State Bison,Summit,0,0,1,0.9126,0.9342548976076291
10295,Grambling Tigers,Alcorn State Braves,SWAC,0,0,1,0.91251,0.8750377250435423
10296,Alcorn State Braves,Grambling Tigers,SWAC,0,0,1,1.16446,1.1104800332712008
10297,Florida State Seminoles,Clemson Tigers,ACC,0,0,1,1.16834,1.178258313124752
10298,Clemson Tigers,Florida State Seminoles,ACC,0,0,1,1.1176,1.074471594741163
10299,Florida International Panthers,UTSA Roadrunners,CUSA,0,0,1,0.98303,0.928148713041954
10300,UTSA Roadrunners,Florida International Panthers,CUSA,0,0,1,0.93501,0.9349466562816229
10301,Boston College Eagles,North Carolina Tar Heels,ACC,0,0,1,0.99916,1.0090123276656713
10302,North Carolina Tar Heels,Boston College Eagles,ACC,0,0,1,1.25858,1.1883236888895417
10303,Air Force Falcons,New Mexico Lobos,Mountain West,0,0,1,1.16044,1.2146645612857243
10304,New Mexico Lobos,Air Force Falcons,Mountain West,0,0,1,1.03018,0.9816600794128464
10305,Washington State Cougars,California Golden Bears,Pac-12,0,0,1,0.99576,1.0066961481507346
10306,California Golden Bears,Washington State Cougars,Pac-12,0,0,1,1.4288,1.316893175978082
10307,Mississippi Valley State Delta Devils,Alabama State Hornets,SWAC,0,0,1,1.05258,1.1293562090144575
10308,Alabama State Hornets,Mississippi Valley State Delta Devils,SWAC,0,0,1,1.24518,1.199955790264694
10309,Charlotte 49ers,Middle Tennessee Blue Raiders,CUSA,0,0,1,1.04306,1.081716779065459
10310,Middle Tennessee Blue Raiders,Charlotte 49ers,CUSA,0,0,1,1.11759,1.0925275024042649
10311,Penn State Nittany Lions,Nebraska Cornhuskers,Big Ten,0,0,1,1.01655,1.029641718850588
10312,Nebraska Cornhuskers,Penn State Nittany Lions,Big Ten,0,0,1,1.01603,1.0214301917315818
10313,Nevada Wolf Pack,UNLV Rebels,Mountain West,0,1,0,0.79385,0.8431540683531383
10314,UNLV Rebels,Nevada Wolf Pack,Mountain West,1,0,0,1.13964,1.0937973735635265
10315,USC Trojans,Arizona State Sun Devils,Pac-12,0,0,1,1.09943,1.0979814505584158
10316,Arizona State Sun Devils,USC Trojans,Pac-12,0,0,1,1.03778,1.0069376153632437
10317,SE Louisiana Lions,McNeese Cowboys,Southland,0,0,1,1.00937,0.9527873481036137
10318,McNeese Cowboys,SE Louisiana Lions,Southland,0,0,1,1.08144,1.0931929050404858
10319,Eastern Michigan Eagles,Bowling Green Falcons,MAC,0,0,1,1.28362,1.3009404312833854
10320,Bowling Green Falcons,Eastern Michigan Eagles,MAC,0,0,1,1.13078,1.1562943753350121
10321,George Mason Patriots,Fordham Rams,A-10,0,0,1,1.0816,1.045856582462525
10322,Fordham Rams,George Mason Patriots,A-10,0,0,1,1.17618,1.13675941885801
10323,Rutgers Scarlet Knights,Minnesota Golden Gophers,Big Ten,0,0,1,1.03256,0.9940018632156982
10324,Minnesota Golden Gophers,Rutgers Scarlet Knights,Big Ten,0,0,1,1.20146,1.1410237856654049
10325,Marshall Thundering Herd,Western Kentucky Hilltoppers,CUSA,0,0,1,0.72427,0.7438296280047105
10326,Western Kentucky Hilltoppers,Marshall Thundering Herd,CUSA,0,0,1,0.97121,0.9654438251930852
10327,TCU Horned Frogs,Kansas State Wildcats,Big 12,0,0,1,1.11917,1.1064614733100677
10328,Kansas State Wildcats,TCU Horned Frogs,Big 12,0,0,1,1.09988,1.0990284578785452
10329,Auburn Tigers,Mississippi State Bulldogs,SEC,0,0,1,1.10182,1.0861197224452512
10330,Mississippi State Bulldogs,Auburn Tigers,SEC,0,0,1,0.99262,0.9352603984755214
10331,Pittsburgh Panthers,NC State Wolfpack,ACC,0,0,1,1.23588,1.2119543859811839
10332,NC State Wolfpack,Pittsburgh Panthers,ACC,0,0,1,1.34441,1.2453394111637786
10333,Marquette Golden Eagles,Seton Hall Pirates,Big East,0,0,1,1.33109,1.2900705448346736
10334,Seton Hall Pirates,Marquette Golden Eagles,Big East,0,0,1,0.98603,0.9725014681897303
10335,American University Eagles,Lafayette Leopards,Patriot,0,1,0,1.12141,1.028371328088739
10336,Lafayette Leopards,American University Eagles,Patriot,1,0,0,1.21254,1.212462692038683
10337,New Orleans Privateers,Nicholls Colonels,Southland,0,0,1,1.23079,1.21013543169855
10338,Nicholls Colonels,New Orleans Privateers,Southland,0,0,1,1.15565,1.1213854465818258
10339,Akron Zips,Western Michigan Broncos,MAC,0,0,1,1.0697,1.0186124505456668
10340,Western Michigan Broncos,Akron Zips,MAC,0,0,1,0.80652,0.829875900428318
10341,Saint Louis Billikens,Duquesne Dukes,A-10,0,0,1,0.83467,0.7161861287499853
10342,Duquesne Dukes,Saint Louis Billikens,A-10,0,0,1,0.92789,0.8676857766661443
10343,Colorado Buffaloes,Oregon State Beavers,Pac-12,0,0,1,1.22291,1.2821464101498399
10344,Oregon State Beavers,Colorado Buffaloes,Pac-12,0,0,1,1.16141,1.1551780048924536
10345,Alcorn State Braves,Texas Southern Tigers,SWAC,0,1,0,1.00056,1.0353268150672637
10346,Texas Southern Tigers,Alcorn State Braves,SWAC,1,0,0,1.30414,1.233489574648935
10347,Rice Owls,North Texas Mean Green,CUSA,0,0,1,1.29106,1.3093620246028403
10348,North Texas Mean Green,Rice Owls,CUSA,0,0,1,0.87128,0.8732745619542648
10349,Texas Tech Red Raiders,Texas Longhorns,Big 12,0,0,1,1.03386,1.0509350038628533
10350,Texas Longhorns,Texas Tech Red Raiders,Big 12,0,0,1,1.22749,1.1903770851847817
10351,Creighton Bluejays,DePaul Blue Demons,Big East,0,0,1,1.39605,1.3013573986523534
10352,DePaul Blue Demons,Creighton Bluejays,Big East,0,0,1,1.05779,0.9708326064562808
10353,Virginia Tech Hokies,Miami Hurricanes,ACC,0,0,1,0.84339,0.821434469750457
10354,Miami Hurricanes,Virginia Tech Hokies,ACC,0,0,1,1.04308,0.9395682956696708
10355,Missouri Tigers,South Carolina Gamecocks,SEC,0,0,1,0.94064,0.9856795943098386
10356,South Carolina Gamecocks,Missouri Tigers,SEC,0,0,1,1.11607,1.0198608381970915
10357,Washington Huskies,Stanford Cardinal,Pac-12,0,0,1,1.21165,1.1855984227599117
10358,Stanford Cardinal,Washington Huskies,Pac-12,0,0,1,1.22936,1.2110788728627204
10359,Marquette Golden Eagles,Villanova Wildcats,Big East,0,0,1,0.79852,0.8666804410893014
10360,Villanova Wildcats,Marquette Golden Eagles,Big East,0,0,1,1.40224,1.3887114681897301
10361,Florida State Seminoles,Virginia Cavaliers,ACC,0,0,1,0.78969,0.9047076640880128
10362,Virginia Cavaliers,Florida State Seminoles,ACC,0,0,1,1.07427,1.031141594741163
10363,Michigan Wolverines,Illinois Fighting Illini,Big Ten,0,0,1,1.17858,1.1900680459662163
10364,Illinois Fighting Illini,Michigan Wolverines,Big Ten,0,0,1,0.92825,0.9080119742698367
10365,La Salle Explorers,Massachusetts Minutemen,A-10,0,0,1,1.24633,1.2396877108844984
10366,Massachusetts Minutemen,La Salle Explorers,A-10,0,0,1,1.07597,1.1614477639117637
10367,West Virginia Mountaineers,Baylor Bears,Big 12,0,0,1,1.14075,1.1783219873672488
10368,Baylor Bears,West Virginia Mountaineers,Big 12,0,0,1,1.28284,1.307455348499778
10369,Florida International Panthers,UTEP Miners,CUSA,0,0,1,1.08571,1.157518134421793
10370,UTEP Miners,Florida International Panthers,CUSA,0,0,1,1.32849,1.3284266562816227
10371,Idaho Vandals,Eastern Washington Eagles,Big Sky,0,0,1,1.26697,1.2173114320344556
10372,Eastern Washington Eagles,Idaho Vandals,Big Sky,0,0,1,1.40307,1.3325659830572187
10373,Alabama Crimson Tide,Florida Gators,SEC,0,0,1,1.09328,1.1633658983576094
10374,Florida Gators,Alabama Crimson Tide,SEC,0,0,1,1.32026,1.3105402800878592
10375,Penn State Nittany Lions,Iowa Hawkeyes,Big Ten,0,0,1,1.06455,1.0782814920461596
10376,Iowa Hawkeyes,Penn State Nittany Lions,Big Ten,0,0,1,0.94935,0.9547501917315819
10377,St. John's Red Storm,Providence Friars,Big East,0,0,1,0.87162,0.8834785882253268
10378,Providence Friars,St. John's Red Storm,Big East,0,0,1,1.10816,1.1073672025084296
10379,North Carolina Tar Heels,Louisville Cardinals,ACC,0,0,1,1.06479,1.1516532199444132
10380,Louisville Cardinals,North Carolina Tar Heels,ACC,0,0,1,0.89542,0.9052723276656713
10381,Fordham Rams,VCU Rams,A-10,0,0,1,0.97785,1.0395549718059003
10382,VCU Rams,Fordham Rams,A-10,0,0,1,1.06052,1.024776582462525
10383,Air Force Falcons,Boise State Broncos,Mountain West,0,0,1,1.11584,1.1808835495746473
10384,Boise State Broncos,Air Force Falcons,Mountain West,0,0,1,1.30863,1.2601100794128464
10385,California Golden Bears,Arizona Wildcats,Pac-12,0,0,1,0.76417,0.8823575717453719
10386,Arizona Wildcats,California Golden Bears,Pac-12,0,0,1,1.12688,1.1378161481507347
10387,Cal State Northridge Matadors,UC Davis Aggies,Big West,0,0,1,1.12785,1.0910994999133858
10388,UC Davis Aggies,Cal State Northridge Matadors,Big West,0,0,1,1.26295,1.2039481917887758
10389,TCU Horned Frogs,Kansas Jayhawks,Big 12,0,0,1,0.91729,0.9638664116958973
10390,Kansas Jayhawks,TCU Horned Frogs,Big 12,0,0,1,0.98386,0.9830084578785452
10391,Middle Tennessee Blue Raiders,Old Dominion Monarchs,CUSA,0,0,1,1.07445,1.1655894691583293
10392,Old Dominion Monarchs,Middle Tennessee Blue Raiders,CUSA,0,0,1,0.94433,0.982986779065459
10393,UCF Knights,East Carolina Pirates,American,0,0,1,1.18573,1.1439971902668178
10394,East Carolina Pirates,UCF Knights,American,0,0,1,1.20467,1.1260902046683197
10395,Alabama A&M Bulldogs,Southern Jaguars,SWAC,0,0,1,0.96272,1.0674011765476668
10396,Southern Jaguars,Alabama A&M Bulldogs,SWAC,0,0,1,1.02627,1.0154715761380928
10397,Portland State Vikings,Sacramento State Hornets,Big Sky,0,0,1,1.04097,0.9586234378489997
10398,Sacramento State Hornets,Portland State Vikings,Big Sky,0,0,1,1.1648,1.1179979663786905
10399,Auburn Tigers,Texas A&M Aggies,SEC,0,0,1,1.00044,1.008460955807242
10400,Texas A&M Aggies,Auburn Tigers,SEC,0,0,1,0.87498,0.8176203984755214
10401,Utah Valley Wolverines,Cal State Bakersfield Roadrunners,WAC,0,0,1,0.7179,0.8058104866908128
10402,Cal State Bakersfield Roadrunners,Utah Valley Wolverines,WAC,0,0,1,1.00301,1.056454471345285
10403,USC Trojans,UCLA Bruins,Pac-12,0,0,1,0.98643,0.9812340581372899
10404,UCLA Bruins,USC Trojans,Pac-12,0,0,1,1.3624,1.3315576153632438
10405,Utah State Aggies,Wyoming Cowboys,Mountain West,0,0,1,1.15307,1.2047467396646907
10406,Wyoming Cowboys,Utah State Aggies,Mountain West,0,0,1,1.13298,1.131620045067025
10407,Hawai'i Rainbow Warriors,Long Beach State Beach,Big West,0,0,1,1.18303,1.204797944983328
10408,Long Beach State Beach,Hawai'i Rainbow Warriors,Big West,0,0,1,1.07388,1.1028277289773765
10409,McNeese Cowboys,Northwestern State Demons,Southland,0,0,1,1.1813,1.0784184317399106
10410,Northwestern State Demons,McNeese Cowboys,Southland,0,0,1,1.29803,1.2414473481036135
10411,Hampton Pirates,Maryland Eastern Shore Hawks,MEAC,0,0,1,1.12645,1.1598419184444904
10412,Maryland Eastern Shore Hawks,Hampton Pirates,MEAC,0,0,1,1.03236,1.1159886700917083
10413,Houston Cougars,Tulane Green Wave,American,0,0,1,1.13449,1.1395551357457754
10414,Tulane Green Wave,Houston Cougars,American,0,0,1,1.02191,1.0107225118106102
10415,Texas State Bobcats,UT Arlington Mavericks,Sun Belt,0,0,1,1.11795,1.1352384158302915
10416,UT Arlington Mavericks,Texas State Bobcats,Sun Belt,0,0,1,1.0016,1.090160397035459
10417,Eastern Michigan Eagles,Toledo Rockets,MAC,0,0,1,1.03242,1.0011814429464119
10418,Toledo Rockets,Eastern Michigan Eagles,MAC,0,0,1,1.17549,1.2010043753350121
10419,Northwestern Wildcats,Indiana Hoosiers,Big Ten,0,0,1,1.02267,0.9187319507178924
10420,Indiana Hoosiers,Northwestern Wildcats,Big Ten,0,0,1,1.28847,1.208994721327222
10421,Saint Joseph's Hawks,St. Bonaventure Bonnies,A-10,0,0,1,0.77998,0.7918714781577686
10422,St. Bonaventure Bonnies,Saint Joseph's Hawks,A-10,0,0,1,0.97291,1.0000700175513795
10423,Creighton Bluejays,Georgetown Hoyas,Big East,0,0,1,0.97901,0.9807154850956527
10424,Georgetown Hoyas,Creighton Bluejays,Big East,0,0,1,1.10737,1.0204126064562806
10425,Texas Longhorns,Iowa State Cyclones,Big 12,0,0,1,1.1494,1.1439187151367103
10426,Iowa State Cyclones,Texas Longhorns,Big 12,0,0,1,1.20353,1.2206050038628533
10427,Western Kentucky Hilltoppers,UAB Blazers,CUSA,0,1,0,0.9064,0.9623073363407548
10428,UAB Blazers,Western Kentucky Hilltoppers,CUSA,1,0,0,0.92569,0.9120714776101034
10429,NC State Wolfpack,Duke Blue Devils,ACC,0,0,1,1.0472,1.087348430319219
10430,Duke Blue Devils,NC State Wolfpack,ACC,0,0,1,1.43949,1.4155643859811837
10431,Tennessee Volunteers,Vanderbilt Commodores,SEC,0,1,0,1.15168,1.1189118269735914
10432,Vanderbilt Commodores,Tennessee Volunteers,SEC,1,0,0,1.06829,0.9952194887685124
10433,Northern Colorado Bears,Northern Arizona Lumberjacks,Big Sky,0,0,1,1.00772,1.0142777065562927
10434,Northern Arizona Lumberjacks,Northern Colorado Bears,Big Sky,0,0,1,1.11759,0.9701343822530214
10435,UT Rio Grande Valley Vaqueros,Kansas City Roos,WAC,0,0,1,1.01569,1.067024218834465
10436,Kansas City Roos,UT Rio Grande Valley Vaqueros,WAC,0,0,1,1.13932,1.1625375608761408
10437,South Florida Bulls,UConn Huskies,American,0,0,1,0.8338,0.900103952387789
10438,UConn Huskies,South Florida Bulls,American,0,0,1,1.28993,1.2620906997621706
10439,New Orleans Privateers,Texas A&M-Corpus Christi Islanders,Southland,0,0,1,0.93409,0.9261882166918141
10440,Texas A&M-Corpus Christi Islanders,New Orleans Privateers,Southland,0,0,1,1.00924,0.9749754465818257
10441,Little Rock Trojans,South Alabama Jaguars,Sun Belt,0,0,1,0.80511,0.7635829200753548
10442,South Alabama Jaguars,Little Rock Trojans,Sun Belt,0,0,1,0.86704,0.828836263497407
10443,Minnesota Golden Gophers,Ohio State Buckeyes,Big Ten,0,0,1,1.0995,1.1357441453182702
10444,Ohio State Buckeyes,Minnesota Golden Gophers,Big Ten,0,0,1,1.2045,1.1659418632156981
10445,Duquesne Dukes,George Washington Revolutionaries,A-10,0,0,1,1.03415,1.0904389839337512
10446,George Washington Revolutionaries,Duquesne Dukes,A-10,0,0,1,1.38965,1.2711661287499854
10447,Colorado Buffaloes,Oregon Ducks,Pac-12,0,0,1,1.17867,1.1623561544477488
10448,Oregon Ducks,Colorado Buffaloes,Pac-12,0,0,1,1.3191,1.3128680048924535
10449,Akron Zips,Kent State Golden Flashes,MAC,0,0,1,1.03078,1.0185676383489628
10450,Kent State Golden Flashes,Akron Zips,MAC,0,0,1,0.97513,0.9984859004283181
10451,UNLV Rebels,San Diego State Aztecs,Mountain West,1,0,0,1.10011,1.1945911978790418
10452,San Diego State Aztecs,UNLV Rebels,Mountain West,0,1,0,1.1967,1.2460040683531386
10453,UC Riverside Highlanders,UC Irvine Anteaters,Big West,0,0,1,0.90667,0.964129779207414
10454,UC Irvine Anteaters,UC Riverside Highlanders,Big West,0,0,1,1.10183,1.0987129671069995
10455,South Carolina Gamecocks,Ole Miss Rebels,SEC,0,0,1,0.90162,0.8916596332979436
10456,Ole Miss Rebels,South Carolina Gamecocks,SEC,0,0,1,0.87408,0.9191195943098386
10457,Oklahoma State Cowboys,Oklahoma Sooners,Big 12,0,0,1,0.80254,0.8726691704323328
10458,Oklahoma Sooners,Oklahoma State Cowboys,Big 12,0,0,1,1.07112,1.0767841676189407
10459,Rice Owls,Louisiana Tech Bulldogs,CUSA,0,0,1,0.97982,1.0473892623754664
10460,Louisiana Tech Bulldogs,Rice Owls,CUSA,0,0,1,1.07041,1.0724045619542648
10461,Jackson State Tigers,Prairie View A&M Panthers,SWAC,0,0,1,0.8817,0.9693030606140848
10462,Prairie View A&M Panthers,Jackson State Tigers,SWAC,0,0,1,0.95707,1.0495892056908067
10463,Xavier Musketeers,Butler Bulldogs,Big East,0,0,1,1.00972,1.0826015109687699
10464,Butler Bulldogs,Xavier Musketeers,Big East,0,0,1,0.94331,0.9285104232882248
10465,Miami Hurricanes,Notre Dame Fighting Irish,ACC,0,0,1,1.05847,1.0187680500142249
10466,Notre Dame Fighting Irish,Miami Hurricanes,ACC,0,0,1,1.17836,1.156404469750457
10467,Weber State Wildcats,Montana Grizzlies,Big Sky,0,1,0,1.10397,1.0862350957594529
10468,Montana Grizzlies,Weber State Wildcats,Big Sky,1,0,0,1.20607,1.1352856039746753
10469,Chicago State Cougars,Seattle U Redhawks,WAC,0,0,1,0.78649,0.8957365357000663
10470,Seattle U Redhawks,Chicago State Cougars,WAC,0,0,1,0.88064,0.9553379196719276
10471,Fresno State Bulldogs,Colorado State Rams,Mountain West,0,0,1,0.94146,0.988995768747439
10472,Colorado State Rams,Fresno State Bulldogs,Mountain West,0,0,1,1.16214,1.1276206542958345
10473,Cal Poly Mustangs,UC Santa Barbara Gauchos,Big West,0,0,1,0.9381,0.9510386903295621
10474,UC Santa Barbara Gauchos,Cal Poly Mustangs,Big West,0,0,1,1.00375,1.0233784628583773
10475,Stanford Cardinal,Utah Utes,Pac-12,0,0,1,0.9626,1.047873540612767
10476,Utah Utes,Stanford Cardinal,Pac-12,0,0,1,1.36791,1.3418584227599117
10477,Michigan Wolverines,Wisconsin Badgers,Big Ten,0,0,1,1.15999,1.1976888093443496
10478,Wisconsin Badgers,Michigan Wolverines,Big Ten,0,0,1,1.39439,1.3741519742698367
10479,La Salle Explorers,Davidson Wildcats,A-10,0,0,1,1.10959,1.0849690117847512
10480,Davidson Wildcats,La Salle Explorers,A-10,0,0,1,1.07836,1.1638377639117636
10481,East Carolina Pirates,SMU Mustangs,American,0,0,1,1.09785,1.1828945192786096
10482,SMU Mustangs,East Carolina Pirates,American,0,0,1,1.21736,1.1756271902668178
10483,Florida Gators,Kentucky Wildcats,SEC,0,0,1,0.86219,1.0486412577546542
10484,Kentucky Wildcats,Florida Gators,SEC,0,0,1,1.16713,1.2372158983576094
10485,Penn State Nittany Lions,Purdue Boilermakers,Big Ten,0,0,1,1.09904,1.0956010661646627
10486,Purdue Boilermakers,Penn State Nittany Lions,Big Ten,0,0,1,1.18624,1.1916401917315818
10487,Memphis Tigers,Temple Owls,American,0,0,1,1.09788,1.1904080440184799
10488,Temple Owls,Memphis Tigers,American,0,0,1,1.22983,1.3166204627209264
10489,VCU Rams,Richmond Spiders,A-10,0,0,1,1.15083,1.2102808934467253
10490,Richmond Spiders,VCU Rams,A-10,0,0,1,1.1043,1.1660049718059002
10491,Auburn Tigers,LSU Tigers,SEC,0,0,1,1.05849,1.0896061583498735
10492,LSU Tigers,Auburn Tigers,SEC,0,0,1,1.02181,0.9644503984755215
10493,Southern Jaguars,Alabama State Hornets,SWAC,0,0,1,1.04167,1.1184462090144576
10494,Alabama State Hornets,Southern Jaguars,SWAC,0,0,1,1.02003,1.1247111765476667
10495,Middle Tennessee Blue Raiders,UTEP Miners,CUSA,0,0,1,1.00892,1.0807281344217932
10496,UTEP Miners,Middle Tennessee Blue Raiders,CUSA,0,0,1,0.95741,0.9960667790654589
10497,Delaware State Hornets,North Carolina Central Eagles,MEAC,0,0,1,1.13147,1.2483261936051517
10498,North Carolina Central Eagles,Delaware State Hornets,MEAC,0,0,1,1.00909,1.0278580007694968
10499,Texas State Bobcats,Louisiana Ragin' Cajuns,Sun Belt,0,0,1,0.79474,0.8400566923312047
10500,Louisiana Ragin' Cajuns,Texas State Bobcats,Sun Belt,0,0,1,1.00966,1.098220397035459
10501,Northwestern State Demons,Stephen F. Austin Lumberjacks,Southland,0,0,1,1.23413,1.3055935011730844
10502,Stephen F. Austin Lumberjacks,Northwestern State Demons,Southland,0,0,1,1.40557,1.3026884317399103
10503,UAB Blazers,Louisiana Tech Bulldogs,CUSA,1,0,0,1.05515,1.0895411119808591
10504,Louisiana Tech Bulldogs,UAB Blazers,CUSA,0,1,0,0.87181,0.9277173363407548
10505,Toledo Rockets,Central Michigan Chippewas,MAC,0,0,1,1.08507,1.0512582775098203
10506,Central Michigan Chippewas,Toledo Rockets,MAC,0,0,1,1.22453,1.1932914429464119
10507,Indiana Hoosiers,Maryland Terrapins,Big Ten,0,0,1,1.1467,1.1617728060932577
10508,Maryland Terrapins,Indiana Hoosiers,Big Ten,0,0,1,1.22993,1.1259919507178924
10509,St. Bonaventure Bonnies,Dayton Flyers,A-10,0,0,1,1.19211,1.2571985358520803
10510,Dayton Flyers,St. Bonaventure Bonnies,A-10,0,0,1,1.2488,1.2606914781577687
10511,Baylor Bears,Kansas Jayhawks,Big 12,0,0,1,0.7961,0.8426764116958971
10512,Kansas Jayhawks,Baylor Bears,Big 12,0,0,1,0.95143,0.9890019873672489
10513,North Carolina Tar Heels,Virginia Cavaliers,ACC,0,0,1,1.13992,1.2549376640880128
10514,Virginia Cavaliers,North Carolina Tar Heels,ACC,0,0,1,1.04479,1.0546423276656713
10515,Providence Friars,Villanova Wildcats,Big East,0,0,1,1.06829,1.1364504410893013
10516,Villanova Wildcats,Providence Friars,Big East,0,0,1,1.08507,1.0969285882253266
10517,Tennessee Volunteers,Arkansas Razorbacks,SEC,0,0,1,1.08759,1.0708117493844822
10518,Arkansas Razorbacks,Tennessee Volunteers,SEC,0,0,1,1.18776,1.1478676391631195
10519,Houston Cougars,Tulsa Golden Hurricane,American,0,0,1,0.88424,0.9737946246393079
10520,Tulsa Golden Hurricane,Houston Cougars,American,0,0,1,1.04096,1.0297725118106102
10521,Sacramento State Hornets,Eastern Washington Eagles,Big Sky,0,0,1,1.18958,1.1399214320344557
10522,Eastern Washington Eagles,Sacramento State Hornets,Big Sky,0,0,1,1.32613,1.2437834378489998
10523,Hampton Pirates,Norfolk State Spartans,MEAC,0,1,0,1.17094,1.2229175594166979
10524,Norfolk State Spartans,Hampton Pirates,MEAC,1,0,0,1.01874,1.0691905196971012
10525,South Alabama Jaguars,UL Monroe Warhawks,Sun Belt,0,0,1,0.92114,0.9898895215481317
10526,UL Monroe Warhawks,South Alabama Jaguars,Sun Belt,0,0,1,1.22194,1.1804129200753548
10527,Texas A&M-Corpus Christi Islanders,Sam Houston Bearkats,Southland,0,0,1,1.16087,1.2766984305169826
10528,Sam Houston Bearkats,Texas A&M-Corpus Christi Islanders,Southland,0,0,1,1.29837,1.290468216691814
10529,Akron Zips,Buffalo Bulls,MAC,0,0,1,0.90486,0.9180859150238655
10530,Buffalo Bulls,Akron Zips,MAC,0,0,1,1.06484,1.088195900428318
10531,Wyoming Cowboys,Boise State Broncos,Mountain West,0,0,1,1.02891,1.0939535495746473
10532,Boise State Broncos,Wyoming Cowboys,Mountain West,0,0,1,0.99407,1.0457467396646907
10533,Cal State Bakersfield Roadrunners,New Mexico State Aggies,WAC,0,0,1,1.00306,1.1719238955566291
10534,New Mexico State Aggies,Cal State Bakersfield Roadrunners,WAC,0,0,1,1.1028,1.1907104866908127
10535,George Washington Revolutionaries,Rhode Island Rams,A-10,0,0,1,0.82899,0.9187778644701051
10536,Rhode Island Rams,George Washington Revolutionaries,A-10,0,0,1,1.03641,1.0926989839337513
10537,UCLA Bruins,Arizona Wildcats,Pac-12,0,0,1,1.0502,1.1683875717453718
10538,Arizona Wildcats,UCLA Bruins,Pac-12,0,0,1,1.19771,1.1925140581372897
10539,Ohio State Buckeyes,Michigan State Spartans,Big Ten,0,0,1,1.04479,1.090840945067516
10540,Michigan State Spartans,Ohio State Buckeyes,Big Ten,0,0,1,1.20095,1.2371941453182702
10541,UConn Huskies,Cincinnati Bearcats,American,0,0,1,1.14007,1.2689103702055642
10542,Cincinnati Bearcats,UConn Huskies,American,0,0,1,1.06453,1.1308339523877888
10543,Prairie View A&M Panthers,Texas Southern Tigers,SWAC,0,1,0,1.10969,1.1444568150672638
10544,Texas Southern Tigers,Prairie View A&M Panthers,SWAC,1,0,0,1.3532,1.4076249102194776
10545,Xavier Musketeers,Georgetown Hoyas,Big East,0,0,1,1.15464,1.1563454850956527
10546,Georgetown Hoyas,Xavier Musketeers,Big East,0,0,1,1.06396,1.0491604232882248
10547,Hawai'i Rainbow Warriors,UC Davis Aggies,Big West,0,0,1,1.13225,1.0954994999133858
10548,UC Davis Aggies,Hawai'i Rainbow Warriors,Big West,0,0,1,1.00094,1.0298877289773765
10549,Oklahoma Sooners,Iowa State Cyclones,Big 12,0,0,1,1.08716,1.0816787151367102
10550,Iowa State Cyclones,Oklahoma Sooners,Big 12,0,0,1,1.1029,1.1730291704323328
10551,Notre Dame Fighting Irish,Duke Blue Devils,ACC,0,0,1,1.1859,1.226048430319219
10552,Duke Blue Devils,Notre Dame Fighting Irish,ACC,0,0,1,1.02312,0.983418050014225
10553,Northern Arizona Lumberjacks,Montana Grizzlies,Big Sky,0,1,0,1.0298,1.012065095759453
10554,Montana Grizzlies,Northern Arizona Lumberjacks,Big Sky,1,0,0,1.09706,1.0704395561616855
10555,South Carolina Gamecocks,Georgia Bulldogs,SEC,0,0,1,1.07999,1.1168179819723958
10556,Georgia Bulldogs,South Carolina Gamecocks,SEC,0,0,1,1.31183,1.3568695943098386
10557,Seattle U Redhawks,Kansas City Roos,WAC,0,0,1,1.27348,1.3248142188344647
10558,Kansas City Roos,Seattle U Redhawks,WAC,0,0,1,1.16439,1.273636535700066
10559,Utah Utes,Oregon Ducks,Pac-12,0,0,1,1.14233,1.1260161544477487
10560,Oregon Ducks,Utah Utes,Pac-12,0,0,1,1.1389,1.2241735406127672
10561,Colorado State Rams,San Diego State Aztecs,Mountain West,0,0,1,0.82641,0.9540693482736488
10562,San Diego State Aztecs,Colorado State Rams,Mountain West,0,0,1,1.10146,1.1489957687474393
10563,UC Irvine Anteaters,UC Santa Barbara Gauchos,Big West,0,0,1,1.1426,1.1555386903295624
10564,UC Santa Barbara Gauchos,UC Irvine Anteaters,Big West,0,0,1,1.03249,1.089949779207414
10565,Stony Brook Seawolves,UAlbany Great Danes,AM. EAST,0,1,0,0.90801,0.953480675309953
10566,UAlbany Great Danes,Stony Brook Seawolves,AM. EAST,1,0,0,0.92231,0.9841771775846392
10567,Hampton Pirates,Delaware State Hornets,MEAC,0,0,1,1.22796,1.2467280007694965
10568,Delaware State Hornets,Hampton Pirates,MEAC,0,0,1,0.92036,1.0039886700917084
10569,Auburn Tigers,Kentucky Wildcats,SEC,0,0,1,1.04229,1.2287412577546541
10570,Kentucky Wildcats,Auburn Tigers,SEC,0,0,1,1.42759,1.3702303984755213
10571,Purdue Boilermakers,Wisconsin Badgers,Big Ten,0,0,1,0.9904,1.0280988093443495
10572,Wisconsin Badgers,Purdue Boilermakers,Big Ten,0,0,1,1.44225,1.4388110661646627
10573,VCU Rams,Davidson Wildcats,A-10,0,0,1,1.39993,1.375309011784751
10574,Davidson Wildcats,VCU Rams,A-10,0,0,1,1.14452,1.2062249718059002
10575,Louisiana Ragin' Cajuns,Georgia State Panthers,Sun Belt,0,0,1,1.11205,1.19494941441367
10576,Georgia State Panthers,Louisiana Ragin' Cajuns,Sun Belt,0,0,1,1.19948,1.2447966923312048
10577,Temple Owls,SMU Mustangs,American,0,0,1,0.89413,0.9791745192786094
10578,SMU Mustangs,Temple Owls,American,0,0,1,1.12305,1.21557804401848
10579,Michigan State Spartans,Maryland Terrapins,Big Ten,0,0,1,1.15741,1.1724828060932577
10580,Maryland Terrapins,Michigan State Spartans,Big Ten,0,0,1,1.08429,1.130340945067516
10581,Middle Tennessee Blue Raiders,UAB Blazers,CUSA,0,1,0,1.08356,1.139467336340755
10582,UAB Blazers,Middle Tennessee Blue Raiders,CUSA,1,0,0,1.32017,1.3256486286708518
10583,Georgia Bulldogs,Arkansas Razorbacks,SEC,0,0,1,0.87821,0.8614317493844822
10584,Arkansas Razorbacks,Georgia Bulldogs,SEC,0,0,1,0.9984,1.0352279819723957
10585,Harvard Crimson,Yale Bulldogs,Ivy,0,0,1,1.06088,1.1393056998872086
10586,Yale Bulldogs,Harvard Crimson,Ivy,0,0,1,1.08596,1.172150558839486
10587,Rhode Island Rams,Dayton Flyers,A-10,0,0,1,0.8968,0.9618885358520802
10588,Dayton Flyers,Rhode Island Rams,A-10,0,0,1,0.97352,1.0633078644701053
10589,UL Monroe Warhawks,Georgia Southern Eagles,Sun Belt,0,0,1,0.78803,0.8528311110561176
10590,Georgia Southern Eagles,UL Monroe Warhawks,Sun Belt,0,0,1,0.8115,0.8802495215481317
10591,UConn Huskies,Tulsa Golden Hurricane,American,0,0,1,0.92444,1.013994624639308
10592,Tulsa Golden Hurricane,UConn Huskies,American,0,0,1,0.8261,0.8924039523877889
10593,Wyoming Cowboys,San Diego State Aztecs,Mountain West,0,0,1,0.97738,1.105039348273649
10594,San Diego State Aztecs,Wyoming Cowboys,Mountain West,0,0,1,0.9866,1.0382767396646908
10595,Iowa State Cyclones,Kansas Jayhawks,Big 12,0,0,1,1.11221,1.158786411695897
10596,Kansas Jayhawks,Iowa State Cyclones,Big 12,0,0,1,0.99465,0.9891687151367103
10597,Southern Jaguars,Texas Southern Tigers,SWAC,0,1,0,0.93063,0.9653968150672638
10598,Texas Southern Tigers,Southern Jaguars,SWAC,1,0,0,0.9851,1.0566030261530597
10599,Buffalo Bulls,Central Michigan Chippewas,MAC,0,0,1,1.32063,1.2868182775098203
10600,Central Michigan Chippewas,Buffalo Bulls,MAC,0,0,1,1.25574,1.2689659150238655
10601,Xavier Musketeers,Villanova Wildcats,Big East,0,0,1,0.88856,0.9567204410893014
10602,Villanova Wildcats,Xavier Musketeers,Big East,0,0,1,1.16908,1.1542804232882247
10603,North Carolina Tar Heels,Notre Dame Fighting Irish,ACC,0,0,1,1.23649,1.196788050014225
10604,Notre Dame Fighting Irish,North Carolina Tar Heels,ACC,0,0,1,1.39758,1.4074323276656713
10605,Eastern Washington Eagles,Montana Grizzlies,Big Sky,0,1,0,1.08704,1.069305095759453
10606,Montana Grizzlies,Eastern Washington Eagles,Big Sky,1,0,0,1.04295,0.9601132816398487
10607,Sam Houston Bearkats,Stephen F. Austin Lumberjacks,Southland,0,0,1,0.99613,1.0675935011730844
10608,Stephen F. Austin Lumberjacks,Sam Houston Bearkats,Southland,0,0,1,1.20483,1.3206584305169828
10609,Seattle U Redhawks,New Mexico State Aggies,WAC,0,0,1,0.99098,1.159843895556629
10610,New Mexico State Aggies,Seattle U Redhawks,WAC,0,0,1,1.35281,1.462056535700066
10611,Oregon Ducks,Arizona Wildcats,Pac-12,0,0,1,0.92751,1.0456975717453718
10612,Arizona Wildcats,Oregon Ducks,Pac-12,0,0,1,1.34844,1.3321261544477487
10613,Hawai'i Rainbow Warriors,UC Irvine Anteaters,Big West,0,0,1,0.9596,1.017059779207414
10614,UC Irvine Anteaters,Hawai'i Rainbow Warriors,Big West,0,0,1,1.12133,1.1502777289773765
10615,Georgia Southern Eagles,Georgia State Panthers,Sun Belt,0,0,1,0.80265,0.8855494144136701
10616,Georgia State Panthers,Georgia Southern Eagles,Sun Belt,0,0,1,0.83509,0.8998911110561176
10617,VCU Rams,Dayton Flyers,A-10,0,0,1,1.06814,1.1332285358520804
10618,Dayton Flyers,VCU Rams,A-10,0,0,1,0.99747,1.0591749718059003
10619,Arkansas Razorbacks,Kentucky Wildcats,SEC,0,0,1,1.08507,1.2715212577546542
10620,Kentucky Wildcats,Arkansas Razorbacks,SEC,0,0,1,1.33459,1.317811749384482
10621,UConn Huskies,SMU Mustangs,American,0,0,1,0.96583,1.0508745192786095
10622,SMU Mustangs,UConn Huskies,American,0,0,1,1.14024,1.2065439523877888
10623,Michigan State Spartans,Wisconsin Badgers,Big Ten,0,0,1,1.1416,1.1792988093443495
10624,Wisconsin Badgers,Michigan State Spartans,Big Ten,0,0,1,1.30617,1.352220945067516
10625,Norfolk State Spartans,Eastern Kentucky Colonels,MEAC,0,1,0,1.21312,1.3270315804634665
10626,Eastern Kentucky Colonels,Norfolk State Spartans,OVC,1,0,0,1.32415,1.2713458852259574
10627,Bowling Green Falcons,St. Francis (PA) Red Flash,MAC,0,1,0,1.17494,1.1533744632240102
10628,St. Francis (PA) Red Flash,Bowling Green Falcons,NEC,1,0,0,1.09361,1.1537934343959524
10629,James Madison Dukes,South Carolina Upstate Spartans,CAA,0,1,0,1.24337,1.2255046010024513
10630,South Carolina Upstate Spartans,James Madison Dukes,ASUN,1,0,0,1.23846,1.21021518206417
10631,Eastern Illinois Panthers,Oakland Golden Grizzlies,OVC,0,0,1,1.27128,1.21714445737508
10632,Oakland Golden Grizzlies,Eastern Illinois Panthers,Horizon,0,0,1,1.17959,1.1514244820640192
10633,Rider Broncs,Loyola Chicago Ramblers,MAAC,0,1,0,0.97121,1.0226497265780286
10634,Loyola Chicago Ramblers,Rider Broncs,MVC,1,0,0,1.02124,0.9990652046637766
10635,Louisiana Ragin' Cajuns,Incarnate Word Cardinals,Sun Belt,0,1,0,1.25084,1.1810344003479
10636,Incarnate Word Cardinals,Louisiana Ragin' Cajuns,Southland,1,0,0,1.00787,1.0342215819055727
10637,Hampton Pirates,Manhattan Jaspers,MEAC,0,0,1,1.01479,1.1266434871580362
10638,Manhattan Jaspers,Hampton Pirates,MAAC,0,0,1,0.87443,0.8904143175291547
10639,BYU Cougars,Ole Miss Rebels,WCC,0,0,1,1.18851,1.1963483851451409
10640,Ole Miss Rebels,BYU Cougars,SEC,0,0,1,1.20706,1.1484394898946921
10641,George Washington Revolutionaries,Pittsburgh Panthers,A-10,0,1,0,0.98705,0.9581440601263723
10642,Pittsburgh Panthers,George Washington Revolutionaries,ACC,1,0,0,0.89399,0.8469361845765502
10643,North Carolina Central Eagles,Miami Hurricanes,MEAC,0,1,0,1.31692,1.469546504135174
10644,Miami Hurricanes,North Carolina Central Eagles,ACC,1,0,0,1.34698,1.2560760088258276
10645,Iona Gaels,Rhode Island Rams,MAAC,0,1,0,0.97705,1.1036108973296743
10646,Rhode Island Rams,Iona Gaels,A-10,1,0,0,1.16565,1.0804614029170643
10647,Central Michigan Chippewas,Louisiana Tech Bulldogs,MAC,0,1,0,1.06485,1.0998670423832795
10648,Louisiana Tech Bulldogs,Central Michigan Chippewas,CUSA,1,0,0,1.25621,1.2217723471074
10649,William & Mary Tribe,Tulsa Golden Hurricane,CAA,0,1,0,1.1071,1.198859806718689
10650,Tulsa Golden Hurricane,William & Mary Tribe,American,1,0,0,1.18989,1.119101932820637
10651,Montana Grizzlies,Texas A&M Aggies,Big Sky,0,1,0,1.05686,1.1460798236735223
10652,Texas A&M Aggies,Montana Grizzlies,SEC,1,0,0,1.29489,1.1627780774985654
10653,UTEP Miners,Murray State Racers,CUSA,0,1,0,1.01461,1.0295243730606227
10654,Murray State Racers,UTEP Miners,OVC,1,0,0,1.22638,1.273425190513515
10655,Alabama Crimson Tide,Illinois Fighting Illini,SEC,1,0,0,1.33417,1.3292253439916262
10656,Illinois Fighting Illini,Alabama Crimson Tide,Big Ten,0,1,0,0.96144,0.9349748316678423
10657,UC Davis Aggies,Stanford Cardinal,Big West,0,1,0,1.0879,1.1163503276149365
10658,Stanford Cardinal,UC Davis Aggies,Pac-12,1,0,0,1.30888,1.1844494446637541
10659,Vermont Catamounts,Hofstra Pride,AM. EAST,0,1,0,1.2862,1.3270453427396125
10660,Hofstra Pride,Vermont Catamounts,CAA,1,0,0,1.17188,1.1968614891541975
10661,Stony Brook Seawolves,Mercer Bears,AM. EAST,0,1,0,1.08249,1.1328672769404355
10662,Mercer Bears,Stony Brook Seawolves,Southern,1,0,0,1.09139,1.0465174922276783
10663,Kent State Golden Flashes,Middle Tennessee Blue Raiders,MAC,0,1,0,1.29731,1.303414559073272
10664,Middle Tennessee Blue Raiders,Kent State Golden Flashes,CUSA,1,0,0,1.06061,1.0477717079465425
10665,Cleveland State Vikings,Western Michigan Broncos,Horizon,0,1,0,1.2449,1.21379501235853
10666,Western Michigan Broncos,Cleveland State Vikings,MAC,1,0,0,0.84005,0.7902527848745429
10667,Texas A&M-Corpus Christi Islanders,Florida Gulf Coast Eagles,Southland,0,1,0,1.17305,1.229265403244983
10668,Florida Gulf Coast Eagles,Texas A&M-Corpus Christi Islanders,ASUN,1,0,0,1.08115,1.0461268257254512
10669,Dartmouth Big Green,Canisius Golden Griffins,Ivy,0,1,0,1.01133,1.0660830092754852
10670,Canisius Golden Griffins,Dartmouth Big Green,MAAC,1,0,0,1.27641,1.265791968384768
10671,Maryland Eastern Shore Hawks,High Point Panthers,MEAC,0,1,0,0.98795,1.0444229050380442
10672,High Point Panthers,Maryland Eastern Shore Hawks,Big South,1,0,0,1.10346,1.0362294733178867
10673,UNC Wilmington Seahawks,Sam Houston Bearkats,CAA,0,1,0,1.0614,1.1489951218468268
10674,Sam Houston Bearkats,UNC Wilmington Seahawks,Southland,1,0,0,1.26713,1.2844793336380458
10675,UC Santa Barbara Gauchos,Oral Roberts Golden Eagles,Big West,0,1,0,1.2428,1.195915468685073
10676,Oral Roberts Golden Eagles,UC Santa Barbara Gauchos,Summit,1,0,0,1.37379,1.3733646667454331
10677,Radford Highlanders,Delaware State Hornets,Big South,0,1,0,1.07021,1.0215337060375
10678,Delaware State Hornets,Radford Highlanders,MEAC,1,0,0,0.78207,0.8017580016543491
10679,Eastern Michigan Eagles,UL Monroe Warhawks,MAC,0,1,0,1.03242,1.0567817216640463
10680,UL Monroe Warhawks,Eastern Michigan Eagles,Sun Belt,1,0,0,1.09276,1.1294840248244904
10681,Purdue Fort Wayne Mastodons,Evansville Purple Aces,Summit,0,1,0,1.08507,1.1344048453991131
10682,Evansville Purple Aces,Purdue Fort Wayne Mastodons,MVC,1,0,0,1.18044,1.0899884790903618
10683,Gardner-Webb Runnin' Bulldogs,Colorado Buffaloes,Big South,0,1,0,1.1844,1.2492711232013776
10684,Colorado Buffaloes,Gardner-Webb Runnin' Bulldogs,Pac-12,1,0,0,1.28948,1.115438654307127
10685,Northern Arizona Lumberjacks,Grand Canyon Lopes,Big Sky,0,1,0,1.05517,0.9760060517846343
10686,Grand Canyon Lopes,Northern Arizona Lumberjacks,WAC,1,0,0,0.9743,1.0519656681894187
10687,Pepperdine Waves,Seattle U Redhawks,WCC,0,1,0,0.71587,0.6574303076532501
10688,Seattle U Redhawks,Pepperdine Waves,WAC,1,0,0,1.01866,1.1707612925888737
10689,Sacramento State Hornets,Portland Pilots,Big Sky,0,1,0,1.2598,1.2631134149190513
10690,Portland Pilots,Sacramento State Hornets,WCC,1,0,0,1.14967,0.9707451714353095
10691,Robert Morris Colonials,North Florida Ospreys,NEC,0,0,1,1.19647,1.2225582113235094
10692,North Florida Ospreys,Robert Morris Colonials,ASUN,0,0,1,1.15507,1.1608739768808032
10693,Dayton Flyers,Boise State Broncos,A-10,1,0,0,1.0387,1.0533681359908411
10694,Boise State Broncos,Dayton Flyers,Mountain West,0,1,0,1.01581,1.0980957990412794
10695,Arizona State Sun Devils,UConn Huskies,Pac-12,0,1,0,1.09243,1.104595140517994
10696,UConn Huskies,Arizona State Sun Devils,American,1,0,0,0.9879,1.007412112033604
10697,Bucknell Bison,Temple Owls,Patriot,0,1,0,1.01265,1.1241032497908041
10698,Temple Owls,Bucknell Bison,American,1,0,0,1.14452,1.0804373762328627
10699,Charleston Southern Buccaneers,Old Dominion Monarchs,Big South,0,1,0,0.98072,1.084433904708795
10700,Old Dominion Monarchs,Charleston Southern Buccaneers,CUSA,1,0,0,1.11878,1.015740104371328
10701,St. Francis Brooklyn Terriers,Richmond Spiders,NEC,0,1,0,1.08691,1.2142484821013735
10702,Richmond Spiders,St. Francis Brooklyn Terriers,A-10,1,0,0,1.24078,1.173587659196563
10703,Green Bay Phoenix,Illinois State Redbirds,Horizon,0,1,0,0.83668,0.9202577048680743
10704,Illinois State Redbirds,Green Bay Phoenix,MVC,1,0,0,1.03388,1.0746404663804168
10705,Vanderbilt Commodores,Saint Mary's Gaels,SEC,0,1,0,1.20563,1.1699152388141585
10706,Saint Mary's Gaels,Vanderbilt Commodores,WCC,1,0,0,1.03199,0.9838424284261815
10707,South Dakota State Jackrabbits,Colorado State Rams,Summit,0,1,0,1.2456,1.316124509604945
10708,Colorado State Rams,South Dakota State Jackrabbits,Mountain West,1,0,0,1.11565,1.1227907357688633
10709,UT Martin Skyhawks,Northwestern State Demons,OVC,0,1,0,1.48483,1.364315018365366
10710,Northwestern State Demons,UT Martin Skyhawks,Southland,1,0,0,1.12298,1.0809965200241565
10711,Northeastern Huskies,Notre Dame Fighting Irish,CAA,0,0,1,1.08507,1.1377466653071975
10712,Notre Dame Fighting Irish,Northeastern Huskies,ACC,0,0,1,1.19952,1.1447425702283123
10713,UAB Blazers,Iowa State Cyclones,CUSA,0,0,1,0.92129,1.0034395037385597
10714,Iowa State Cyclones,UAB Blazers,Big 12,0,0,1,0.87697,0.8452465477389056
10715,Georgia State Panthers,Baylor Bears,Sun Belt,0,0,1,1.04681,1.1838483558609967
10716,Baylor Bears,Georgia State Panthers,Big 12,0,0,1,1.01063,0.9940630459199222
10717,Texas Southern Tigers,Arizona Wildcats,SWAC,0,0,1,1.15031,1.4359011271787587
10718,Arizona Wildcats,Texas Southern Tigers,Pac-12,0,0,1,1.49314,1.3605032596338766
10719,Texas Longhorns,Butler Bulldogs,Big 12,0,0,1,0.85793,0.933454172828976
10720,Butler Bulldogs,Texas Longhorns,Big East,0,0,1,0.96706,0.9814923420026475
10721,UCLA Bruins,SMU Mustangs,Pac-12,0,0,1,0.97413,1.0050357074088143
10722,SMU Mustangs,UCLA Bruins,American,0,0,1,0.97864,1.0275828700070848
10723,Ole Miss Rebels,Xavier Musketeers,SEC,0,0,1,0.8969,0.895763766531195
10724,Xavier Musketeers,Ole Miss Rebels,Big East,0,0,1,1.23236,1.2087362900549732
10725,Ohio State Buckeyes,VCU Rams,Big Ten,0,0,1,1.1212,1.1139480713064591
10726,VCU Rams,Ohio State Buckeyes,A-10,0,0,1,1.08131,1.1865110458177113
10727,Lafayette Leopards,Villanova Wildcats,Patriot,0,0,1,0.8587,1.0316692264350174
10728,Villanova Wildcats,Lafayette Leopards,Big East,0,0,1,1.52319,1.325342542743023
10729,Purdue Boilermakers,Cincinnati Bearcats,Big Ten,0,0,1,0.97282,1.0126946854551258
10730,Cincinnati Bearcats,Purdue Boilermakers,American,0,0,1,1.00747,1.0929967509151013
10731,Harvard Crimson,North Carolina Tar Heels,Ivy,0,0,1,1.1515,1.2565263416395387
10732,North Carolina Tar Heels,Harvard Crimson,ACC,0,0,1,1.16865,1.1596665448656185
10733,Stephen F. Austin Lumberjacks,Utah Utes,Southland,0,0,1,0.90234,1.0721908432320992
10734,Utah Utes,Stephen F. Austin Lumberjacks,Pac-12,0,0,1,0.98564,0.9725261985537524
10735,LSU Tigers,NC State Wolfpack,SEC,0,0,1,1.04682,1.0408475828643537
10736,NC State Wolfpack,LSU Tigers,ACC,0,0,1,0.99522,1.0083829614667037
10737,Wofford Terriers,Arkansas Razorbacks,Southern,0,0,1,0.95121,0.9654272317323697
10738,Arkansas Razorbacks,Wofford Terriers,SEC,0,0,1,1.02267,1.0245617544918222
10739,Hampton Pirates,Kentucky Wildcats,MEAC,0,0,1,0.78701,1.1300900952562014
10740,Kentucky Wildcats,Hampton Pirates,SEC,0,0,1,1.12236,1.0493598325901612
10741,Eastern Washington Eagles,Georgetown Hoyas,Big Sky,0,0,1,1.10752,1.2040876962049034
10742,Georgetown Hoyas,Eastern Washington Eagles,Big East,0,0,1,1.32415,1.1796292209252048
10743,High Point Panthers,Eastern Kentucky Colonels,Big South,0,1,0,1.11143,1.1578972857314698
10744,Eastern Kentucky Colonels,High Point Panthers,OVC,1,0,0,1.11102,1.0627112308473037
10745,New Mexico State Aggies,Kansas Jayhawks,WAC,0,0,1,0.97157,1.2146520729726749
10746,Kansas Jayhawks,New Mexico State Aggies,Big 12,0,0,1,1.28919,1.2615482342798514
10747,Georgia Bulldogs,Michigan State Spartans,SEC,0,0,1,0.95887,1.0216663934875327
10748,Michigan State Spartans,Georgia Bulldogs,Big Ten,0,0,1,1.05128,1.0713625335523789
10749,Wyoming Cowboys,Northern Iowa Panthers,Mountain West,0,0,1,0.9705,1.0385874050507695
10750,Northern Iowa Panthers,Wyoming Cowboys,MVC,0,0,1,1.29934,1.3392108082285696
10751,Buffalo Bulls,West Virginia Mountaineers,MAC,0,0,1,1.00911,1.0888039171094404
10752,West Virginia Mountaineers,Buffalo Bulls,Big 12,0,0,1,1.10885,1.0669973464142029
10753,Indiana Hoosiers,Wichita State Shockers,Big Ten,0,0,1,1.15068,1.1669916998716976
10754,Wichita State Shockers,Indiana Hoosiers,MVC,0,0,1,1.24154,1.2119501829704116
10755,Belmont Bruins,Virginia Cavaliers,OVC,0,0,1,1.06325,1.2812461746765966
10756,Virginia Cavaliers,Belmont Bruins,ACC,0,0,1,1.28581,1.1673544089027106
10757,UC Irvine Anteaters,Louisville Cardinals,Big West,0,0,1,0.98984,1.1672397461432342
10758,Louisville Cardinals,UC Irvine Anteaters,ACC,0,0,1,1.0301,0.9970232530085933
10759,Valparaiso Beacons,Maryland Terrapins,Horizon,0,0,1,1.04301,1.1388687035530363
10760,Maryland Terrapins,Valparaiso Beacons,Big Ten,0,0,1,1.17631,1.1393249228737101
10761,Oklahoma State Cowboys,Oregon Ducks,Big 12,0,0,1,1.10654,1.061124048604358
10762,Oregon Ducks,Oklahoma State Cowboys,Pac-12,0,0,1,1.17694,1.2117062734623314
10763,Robert Morris Colonials,Duke Blue Devils,NEC,0,0,1,0.91489,1.0930906679364611
10764,Duke Blue Devils,Robert Morris Colonials,ACC,0,0,1,1.42442,1.3035552934894308
10765,Davidson Wildcats,Iowa Hawkeyes,A-10,0,0,1,0.85436,0.9370483925456005
10766,Iowa Hawkeyes,Davidson Wildcats,Big Ten,0,0,1,1.34252,1.24894211128531
10767,UAlbany Great Danes,Oklahoma Sooners,AM. EAST,0,0,1,1.07021,1.2890950195199455
10768,Oklahoma Sooners,UAlbany Great Danes,Big 12,0,0,1,1.21739,1.1141048262223403
10769,Coastal Carolina Chanticleers,Wisconsin Badgers,Big South,0,0,1,1.21281,1.356438800533917
10770,Wisconsin Badgers,Coastal Carolina Chanticleers,Big Ten,0,0,1,1.41567,1.3336049843213806
10771,St. John's Red Storm,San Diego State Aztecs,Big East,0,0,1,0.99741,1.0419972897620555
10772,San Diego State Aztecs,St. John's Red Storm,Mountain West,0,0,1,1.19587,1.278149261020023
10773,North Dakota State Bison,Gonzaga Bulldogs,Summit,0,0,1,1.14271,1.280784104137769
10774,Gonzaga Bulldogs,North Dakota State Bison,WCC,0,0,1,1.31123,1.2582861933286975
10775,Dayton Flyers,Providence Friars,A-10,0,0,1,1.07087,1.1486033835477212
10776,Providence Friars,Dayton Flyers,Big East,0,0,1,0.84831,0.847523740529686
10777,South Dakota State Jackrabbits,Vanderbilt Commodores,Summit,0,1,0,1.13481,1.1944392830997204
10778,Vanderbilt Commodores,South Dakota State Jackrabbits,SEC,1,0,0,1.4312,1.3689320205002402
10779,Canisius Golden Griffins,Bowling Green Falcons,MAAC,0,1,0,1.32882,1.3910670289954805
10780,Bowling Green Falcons,Canisius Golden Griffins,MAC,1,0,0,0.94377,0.9321819290170785
10781,Louisiana Ragin' Cajuns,Sam Houston Bearkats,Sun Belt,0,1,0,1.08762,1.1892353905480078
10782,Sam Houston Bearkats,Louisiana Ragin' Cajuns,Southland,1,0,0,1.06355,1.0899015819055724
10783,UT Martin Skyhawks,South Carolina Upstate Spartans,OVC,0,1,0,0.97291,0.9656444962980626
10784,South Carolina Upstate Spartans,UT Martin Skyhawks,ASUN,1,0,0,0.7743,0.7383732794524006
10785,Northern Arizona Lumberjacks,Sacramento State Hornets,Big Sky,0,1,0,1.27351,1.1911634378489997
10786,Sacramento State Hornets,Northern Arizona Lumberjacks,Big Sky,1,0,0,1.17931,1.1526895561616857
10787,UAB Blazers,UCLA Bruins,CUSA,0,0,1,1.17658,1.2299127408957482
10788,UCLA Bruins,UAB Blazers,Pac-12,0,0,1,1.43035,1.4277286535822964
10789,Cincinnati Bearcats,Kentucky Wildcats,American,0,0,1,0.85465,1.1133214940850757
10790,Kentucky Wildcats,Cincinnati Bearcats,SEC,0,0,1,1.08719,1.1438101338751427
10791,Ohio State Buckeyes,Arizona Wildcats,Big Ten,0,0,1,0.94995,1.0333106988647285
10792,Arizona Wildcats,Ohio State Buckeyes,Pac-12,0,0,1,1.19638,1.2674510181989136
10793,Georgia State Panthers,Xavier Musketeers,Sun Belt,0,0,1,1.25254,1.3398494536421786
10794,Xavier Musketeers,Georgia State Panthers,Big East,0,0,1,1.44676,1.4275503840597163
10795,NC State Wolfpack,Villanova Wildcats,ACC,0,0,1,1.19519,1.2590605874491017
10796,Villanova Wildcats,NC State Wolfpack,Big East,0,0,1,1.1047,1.0850642396213834
10797,Utah Utes,Georgetown Hoyas,Pac-12,0,0,1,1.36869,1.4021402527992493
10798,Georgetown Hoyas,Utah Utes,Big East,0,0,1,1.15022,1.2037487729091705
10799,Arkansas Razorbacks,North Carolina Tar Heels,SEC,0,0,1,1.04327,1.071075524548841
10800,North Carolina Tar Heels,Arkansas Razorbacks,ACC,0,0,1,1.20384,1.1691085525013123
10801,Butler Bulldogs,Notre Dame Fighting Irish,Big East,0,0,1,1.00644,0.9710279036544246
10802,Notre Dame Fighting Irish,Butler Bulldogs,ACC,0,0,1,1.07903,1.1476216573285702
10803,Alabama Crimson Tide,Miami Hurricanes,SEC,0,1,0,1.05187,1.0478676666336268
10804,Miami Hurricanes,Alabama Crimson Tide,ACC,1,0,0,1.20931,1.1484589328100823
10805,Michigan State Spartans,Virginia Cavaliers,Big Ten,0,0,1,1.16779,1.2840154125511658
10806,Virginia Cavaliers,Michigan State Spartans,ACC,0,0,1,1.01461,1.059453196604363
10807,San Diego State Aztecs,Duke Blue Devils,Mountain West,0,0,1,0.83895,0.966460342471012
10808,Duke Blue Devils,San Diego State Aztecs,ACC,0,0,1,1.18292,1.223217436121856
10809,Wichita State Shockers,Kansas Jayhawks,MVC,0,0,1,1.18509,1.3002898769111635
10810,Kansas Jayhawks,Wichita State Shockers,Big 12,0,0,1,1.00877,1.0308064669089503
10811,Dayton Flyers,Oklahoma Sooners,A-10,0,0,1,1.0461,1.1794613038945212
10812,Oklahoma Sooners,Dayton Flyers,Big 12,0,0,1,1.16171,1.163566402389892
10813,Iowa Hawkeyes,Gonzaga Bulldogs,Big Ten,0,0,1,1.03558,1.0645111995916232
10814,Gonzaga Bulldogs,Iowa Hawkeyes,WCC,0,0,1,1.3891,1.4373756923133738
10815,Oregon Ducks,Wisconsin Badgers,Pac-12,0,0,1,1.12697,1.199495682224993
10816,Wisconsin Badgers,Oregon Ducks,Big Ten,0,0,1,1.25502,1.2038792815671053
10817,West Virginia Mountaineers,Maryland Terrapins,Big 12,0,0,1,1.11677,1.1375675731305106
10818,Maryland Terrapins,West Virginia Mountaineers,Big Ten,0,0,1,0.9496,0.9684905814625253
10819,Northern Iowa Panthers,Louisville Cardinals,MVC,0,0,1,1.02771,1.1901292006600852
10820,Louisville Cardinals,Northern Iowa Panthers,ACC,0,0,1,1.26751,1.2482354928989765
10821,George Washington Revolutionaries,Temple Owls,A-10,0,1,0,1.20723,1.2797492597674824
10822,Temple Owls,George Washington Revolutionaries,American,1,0,0,1.4085,1.4516196177901417
10823,Arizona State Sun Devils,Richmond Spiders,Pac-12,0,1,0,0.99396,1.0192808658279275
10824,Richmond Spiders,Arizona State Sun Devils,A-10,1,0,0,1.06008,1.0595833277826063
10825,Rhode Island Rams,Stanford Cardinal,A-10,0,1,0,0.92447,0.9325484503787093
10826,Stanford Cardinal,Rhode Island Rams,Pac-12,1,0,0,1.07718,1.0996596864567003
10827,UL Monroe Warhawks,Mercer Bears,Sun Belt,0,1,0,1.05114,1.0522277963465707
10828,Mercer Bears,UL Monroe Warhawks,Southern,1,0,0,1.03328,1.0114011663904283
10829,Radford Highlanders,Vermont Catamounts,Big South,0,1,0,0.96,1.0329187639085524
10830,Vermont Catamounts,Radford Highlanders,AM. EAST,1,0,0,1.03057,1.0313643318576502
10831,Kent State Golden Flashes,Texas A&M-Corpus Christi Islanders,MAC,0,1,0,1.19712,1.1306173768387537
10832,Texas A&M-Corpus Christi Islanders,Kent State Golden Flashes,Southland,1,0,0,1.12847,1.141680327807416
10833,Evansville Purple Aces,Eastern Illinois Panthers,MVC,0,1,0,1.19286,1.15825681685676
10834,Eastern Illinois Panthers,Evansville Purple Aces,OVC,1,0,0,0.96661,0.9753945525837912
10835,Oral Roberts Golden Eagles,Loyola Chicago Ramblers,Summit,0,1,0,1.2005,1.2553526977651641
10836,Loyola Chicago Ramblers,Oral Roberts Golden Eagles,MVC,1,0,0,1.32913,1.234086772807317
10837,Colorado Buffaloes,Seattle U Redhawks,Pac-12,0,1,0,1.02278,0.9646229802666791
10838,Seattle U Redhawks,Colorado Buffaloes,WAC,1,0,0,1.15955,1.2875434099312335
10839,Louisiana Tech Bulldogs,Texas A&M Aggies,CUSA,0,1,0,1.29209,1.376721063026327
10840,Texas A&M Aggies,Louisiana Tech Bulldogs,SEC,1,0,0,1.1121,1.0698810047617742
10841,Illinois State Redbirds,Old Dominion Monarchs,MVC,0,1,0,0.86453,0.9366621457717467
10842,Old Dominion Monarchs,Illinois State Redbirds,CUSA,1,0,0,0.88517,0.9481392126527909
10843,Murray State Racers,Tulsa Golden Hurricane,OVC,0,1,0,1.22185,1.3242097020143004
10844,Tulsa Golden Hurricane,Murray State Racers,American,1,0,0,0.93437,0.9117163517773523
10845,Miami Hurricanes,Richmond Spiders,ACC,0,1,0,1.0364,1.0256862444841313
10846,Richmond Spiders,Miami Hurricanes,A-10,1,0,0,0.97397,0.9890009683184436
10847,Vanderbilt Commodores,Stanford Cardinal,SEC,0,1,0,1.12832,1.0841869982992853
10848,Stanford Cardinal,Vanderbilt Commodores,Pac-12,1,0,0,1.2333,1.1854351010396107
10849,UT Martin Skyhawks,Eastern Kentucky Colonels,OVC,0,1,0,1.16629,1.2085980566673333
10850,Eastern Kentucky Colonels,UT Martin Skyhawks,OVC,1,0,0,1.12727,1.0676531066496118
10851,Seattle U Redhawks,Loyola Chicago Ramblers,WAC,0,1,0,0.78174,0.9296802215330487
10852,Loyola Chicago Ramblers,Seattle U Redhawks,MVC,1,0,0,1.03575,0.9839361892439478
10853,Vermont Catamounts,UL Monroe Warhawks,AM. EAST,0,1,0,1.00457,1.1226090021419965
10854,UL Monroe Warhawks,Vermont Catamounts,Sun Belt,1,0,0,1.1281,1.1671017578553784
10855,Murray State Racers,Old Dominion Monarchs,OVC,0,1,0,1.15184,1.2513946756446583
10856,Old Dominion Monarchs,Murray State Racers,CUSA,1,0,0,1.16895,1.1506862226660155
10857,Louisiana Tech Bulldogs,Temple Owls,CUSA,0,1,0,0.98871,1.0856279149071433
10858,Temple Owls,Louisiana Tech Bulldogs,American,1,0,0,1.34128,1.3712812410921957
10859,Evansville Purple Aces,Louisiana Ragin' Cajuns,MVC,0,1,0,1.24008,1.2545537890527234
10860,Louisiana Ragin' Cajuns,Evansville Purple Aces,Sun Belt,1,0,0,1.10988,1.1220849259893606
10861,Wichita State Shockers,Notre Dame Fighting Irish,MVC,0,0,1,1.11562,1.151474030729897
10862,Notre Dame Fighting Irish,Wichita State Shockers,ACC,0,0,1,1.2862,1.3013039514085447
10863,North Carolina Tar Heels,Wisconsin Badgers,ACC,0,0,1,1.27291,1.3094010608811966
10864,Wisconsin Badgers,North Carolina Tar Heels,Big Ten,0,0,1,1.39194,1.4030000761288242
10865,West Virginia Mountaineers,Kentucky Wildcats,Big 12,0,0,1,0.65146,0.8268905763718899
10866,Kentucky Wildcats,West Virginia Mountaineers,SEC,0,0,1,1.28805,1.3236860298825421
10867,Xavier Musketeers,Arizona Wildcats,Big East,0,0,1,1.00741,1.093852804041775
10868,Arizona Wildcats,Xavier Musketeers,Pac-12,0,0,1,1.17351,1.1904551909918215
10869,Kent State Golden Flashes,Northern Arizona Lumberjacks,MAC,0,1,0,1.04741,1.0168267259169104
10870,Northern Arizona Lumberjacks,Kent State Golden Flashes,Big Sky,1,0,0,1.06705,1.058800468593738
10871,UCLA Bruins,Gonzaga Bulldogs,Pac-12,0,0,1,0.96624,1.0299980724722666
10872,Gonzaga Bulldogs,UCLA Bruins,WCC,0,0,1,1.20217,1.1966913855238606
10873,NC State Wolfpack,Louisville Cardinals,ACC,0,0,1,1.08926,1.1761232199444132
10874,Louisville Cardinals,NC State Wolfpack,ACC,0,0,1,1.223,1.1990743859811839
10875,Utah Utes,Duke Blue Devils,Pac-12,0,0,1,0.93357,1.0097530516630153
10876,Duke Blue Devils,Utah Utes,ACC,0,0,1,1.05101,1.1002489192689708
10877,Michigan State Spartans,Oklahoma Sooners,Big Ten,0,0,1,1.1951,1.2595044033950802
10878,Oklahoma Sooners,Michigan State Spartans,Big 12,0,0,1,1.09769,1.1494657121047684
10879,Arizona Wildcats,Wisconsin Badgers,Pac-12,0,0,1,1.2856,1.358125682224993
10880,Wisconsin Badgers,Arizona Wildcats,Big Ten,0,0,1,1.39129,1.4746506988647283
10881,Notre Dame Fighting Irish,Kentucky Wildcats,ACC,0,0,1,1.23385,1.4023480608714842
10882,Kentucky Wildcats,Notre Dame Fighting Irish,SEC,0,0,1,1.24707,1.2253212468973946
10883,Michigan State Spartans,Louisville Cardinals,Big Ten,0,0,1,1.11817,1.2062409684075663
10884,Louisville Cardinals,Michigan State Spartans,ACC,0,0,1,1.03048,1.075323196604363
10885,Gonzaga Bulldogs,Duke Blue Devils,WCC,0,0,1,0.9187,0.9946003790495863
10886,Duke Blue Devils,Gonzaga Bulldogs,ACC,0,0,1,1.17803,1.2057534511284702
10887,UL Monroe Warhawks,Loyola Chicago Ramblers,Sun Belt,0,1,0,1.03241,1.0833109287500189
10888,Loyola Chicago Ramblers,UL Monroe Warhawks,MVC,1,0,0,1.1862,1.1909284678750431
10889,UT Martin Skyhawks,Evansville Purple Aces,OVC,0,1,0,1.04041,1.0823727029783983
10890,Evansville Purple Aces,UT Martin Skyhawks,MVC,1,0,0,1.25598,1.1689405767767
10891,Miami Hurricanes,Temple Owls,ACC,0,0,1,0.97901,0.9813646108048887
10892,Temple Owls,Miami Hurricanes,American,0,0,1,0.904,0.9722179029640484
10893,Stanford Cardinal,Old Dominion Monarchs,Pac-12,0,0,1,1.15702,1.1896307863998707
10894,Old Dominion Monarchs,Stanford Cardinal,CUSA,0,0,1,0.99206,1.0245371055183703
